{
"type": "FeatureCollection",
"name": "isochrones_parks",
"crs": { "type": "name", "properties": { "name": "urn:ogc:def:crs:EPSG::3857" } },
"features": [
{ "type": "Feature", "properties": { "iso_cat_merged": 5, "color": "#2ecc71" }, "geometry": { "type": "Polygon", "coordinates": [ [ [ 541519.988956533488818, 5744135.522050516679883 ], [ 541514.599624214810319, 5744137.131612389348447 ], [ 541509.393489687936381, 5744139.263400022871792 ], [ 541504.420690121478401, 5744141.896883880719543 ], [ 541499.729115698486567, 5744145.006702939048409 ], [ 541495.363948432146572, 5744148.562908909283578 ], [ 541491.367227052804083, 5744152.531254616566002 ], [ 541490.305308346869424, 5744153.815771194174886 ], [ 541488.123238482745364, 5744154.477007075212896 ], [ 541482.925636045518331, 5744156.629678050987422 ], [ 541477.963367705582641, 5744159.283105669543147 ], [ 541473.284222231479362, 5744162.411736850626767 ], [ 541468.933261946309358, 5744165.985442138276994 ], [ 541464.952388767967932, 5744169.969805828295648 ], [ 541461.37994067883119, 5744174.326457376591861 ], [ 541458.250322510139085, 5744179.013440881855786 ], [ 541455.59367459686473, 5744183.98561910353601 ], [ 541453.435582494246773, 5744189.195108128711581 ], [ 541451.796830552630126, 5744194.591738475486636 ], [ 541450.693201724323444, 5744200.123538230545819 ], [ 541450.135325531475246, 5744205.737233544699848 ], [ 541450.128575660404749, 5744211.378761672414839 ], [ 541450.673018170171417, 5744216.993791619315743 ], [ 541451.763410816434771, 5744222.528247368521988 ], [ 541453.389253497472964, 5744227.928828688338399 ], [ 541455.534889336908236, 5744233.143524443730712 ], [ 541458.179655436426401, 5744238.122113520279527 ], [ 541461.298081840272062, 5744242.816648505628109 ], [ 541464.860136803821661, 5744247.181917492300272 ], [ 541468.831515997997485, 5744251.175879518501461 ], [ 541473.173972873482853, 5744254.760069490410388 ], [ 541477.845686992746778, 5744257.899968669749796 ], [ 541482.801666794694029, 5744260.56533713079989 ], [ 541483.035411351360381, 5744260.662803678773344 ], [ 541485.004971317132004, 5744264.508650908246636 ], [ 541488.05266590451356, 5744269.249732437543571 ], [ 541509.621006439090706, 5744299.43926980625838 ], [ 541501.699433405417949, 5744330.929335559718311 ], [ 541501.421281493734568, 5744332.004979548044503 ], [ 541498.927240302087739, 5744331.24892021715641 ], [ 541494.80382369866129, 5744330.430722072720528 ], [ 541490.549737789435312, 5744328.149518210440874 ], [ 541485.354563960339874, 5744325.990667842328548 ], [ 541479.973495618556626, 5744324.353095640428364 ], [ 541474.458354516769759, 5744323.252571738325059 ], [ 541468.862253504921682, 5744322.699694378301501 ], [ 541463.239085060195066, 5744322.699787863530219 ], [ 541457.643002314609475, 5744323.252851299010217 ], [ 541452.127897570258938, 5744324.353558585047722 ], [ 541446.746883326210082, 5744325.991309708915651 ], [ 541441.551780814770609, 5744328.150332820601761 ], [ 541436.592620967072435, 5744330.809836095198989 ], [ 541431.917162618250586, 5744333.944207936525345 ], [ 541427.57043258426711, 5744337.523263601586223 ], [ 541423.594292045920156, 5744341.512535866349936 ], [ 541420.027033410267904, 5744345.873606913723052 ], [ 541416.903011533548124, 5744350.564478274434805 ], [ 541414.252312857657671, 5744355.539975269697607 ], [ 541412.132065552519634, 5744360.675640719011426 ], [ 541410.530128472833894, 5744360.95378146506846 ], [ 541405.109965175855905, 5744362.456066108308733 ], [ 541399.862667618785053, 5744364.484124766662717 ], [ 541394.838769363472238, 5744367.018426846712828 ], [ 541390.086652667378075, 5744370.034566471353173 ], [ 541385.65208256081678, 5744373.503497529774904 ], [ 541381.577766120550223, 5744377.391813335940242 ], [ 541377.902941188658588, 5744381.662068335339427 ], [ 541375.410720953834243, 5744385.208984113298357 ], [ 541375.390166897908784, 5744385.2321234960109 ], [ 541372.078426150255837, 5744389.791565087623894 ], [ 541369.228072121622972, 5744394.654724904336035 ], [ 541366.866555792046711, 5744399.774768986739218 ], [ 541365.016620537498966, 5744405.102389318868518 ], [ 541363.696083071874455, 5744410.586278650909662 ], [ 541362.91766183078289, 5744416.173624622635543 ], [ 541362.688854450359941, 5744421.810618318617344 ], [ 541363.011865521781147, 5744427.442972493357956 ], [ 541363.883585319155827, 5744433.016444380395114 ], [ 541365.295619707903825, 5744438.477358075790107 ], [ 541367.23437094676774, 5744443.773121481761336 ], [ 541369.681168604991399, 5744448.852732817642391 ], [ 541372.612449338659644, 5744453.667271826416254 ], [ 541375.999983793473803, 5744458.170370925217867 ], [ 541377.562770068761893, 5744459.871397852897644 ], [ 541379.53112582967151, 5744463.349914433434606 ], [ 541382.773298751446418, 5744467.959470305591822 ], [ 541386.450202286243439, 5744472.228000188246369 ], [ 541390.526425995863974, 5744476.1143947718665 ], [ 541394.962713564164005, 5744479.581224891357124 ], [ 541395.869401554926299, 5744480.156080132350326 ], [ 541395.71013722778298, 5744480.235277672298253 ], [ 541394.278655609348789, 5744480.870810389518738 ], [ 541394.257628742256202, 5744480.882743502035737 ], [ 541394.235545533359982, 5744480.892570071853697 ], [ 541393.170851684873924, 5744481.497990372590721 ], [ 541392.074337944155559, 5744482.04325441736728 ], [ 541390.746679186122492, 5744482.875267775729299 ], [ 541389.384179208194837, 5744483.64850945584476 ], [ 541389.364419406629167, 5744483.662452849559486 ], [ 541389.343402544036508, 5744483.674403724260628 ], [ 541388.342982424306683, 5744484.381608817726374 ], [ 541387.305018573999405, 5744485.032076417468488 ], [ 541386.065036974847317, 5744485.990643038414419 ], [ 541384.784640152240172, 5744486.894147172570229 ], [ 541384.766337714041583, 5744486.909966571256518 ], [ 541384.746589597663842, 5744486.923926659859717 ], [ 541383.820077714044601, 5744487.726105993613601 ], [ 541382.850659820134751, 5744488.475513000972569 ], [ 541381.710297019802965, 5744489.551401624456048 ], [ 541380.524334160378203, 5744490.576467269100249 ], [ 541380.507665337296203, 5744490.59401033166796 ], [ 541380.489376160665415, 5744490.609845190308988 ], [ 541379.645695295417681, 5744491.499273554421961 ], [ 541378.754159323638305, 5744492.340402999892831 ], [ 541377.724397609359585, 5744493.523252519778907 ], [ 541376.644290152238682, 5744494.660008032806218 ], [ 541376.629415474599227, 5744494.679105816408992 ], [ 541376.612761371419765, 5744494.696662951260805 ], [ 541375.860036625992507, 5744495.664774899370968 ], [ 541375.054968559066765, 5744496.589526469819248 ], [ 541374.145725115668029, 5744497.867945703677833 ], [ 541373.181875122827478, 5744499.105443784967065 ], [ 541373.168937857146375, 5744499.125912351533771 ], [ 541373.154079201864079, 5744499.145022701472044 ], [ 541372.499559776042588, 5744500.182495009154081 ], [ 541371.788712897105142, 5744501.181963071227074 ], [ 541371.008744321879931, 5744502.543640424497426 ], [ 541370.17043427657336, 5744503.869963573291898 ], [ 541370.159559006569907, 5744503.891605824232101 ], [ 541370.146638908423483, 5744503.912085328251123 ], [ 541369.596628272207454, 5744505.008926786482334 ], [ 541368.986848508473486, 5744506.073486126028001 ], [ 541368.343666474102065, 5744507.505308142863214 ], [ 541367.6389698847197, 5744508.907683421857655 ], [ 541367.630261349026114, 5744508.930290927179158 ], [ 541367.619404236669652, 5744508.951942368410528 ], [ 541367.179199424455874, 5744510.097589976154268 ], [ 541366.676359410048462, 5744511.216988505795598 ], [ 541366.176158289075829, 5744512.705166202969849 ], [ 541365.611861960380338, 5744514.170088178478181 ], [ 541365.605404031928629, 5744514.193443219177425 ], [ 541365.596714466111735, 5744514.21605808660388 ], [ 541365.270555054536089, 5744515.399478795006871 ], [ 541364.87949757266324, 5744516.562936256639659 ], [ 541364.527094803983346, 5744518.093137855641544 ], [ 541364.108633441384882, 5744519.606498722918332 ], [ 541359.297117167152464, 5744541.039993504062295 ], [ 541355.536487645935267, 5744543.455304583534598 ], [ 541345.494428869336843, 5744544.573500763624907 ], [ 541343.848316355608404, 5744543.488823984749615 ], [ 541338.868156860815361, 5744540.868824414908886 ], [ 541333.656015129294246, 5744538.751179739832878 ], [ 541328.262086177594028, 5744537.156283299438655 ], [ 541322.738315604161471, 5744536.099494252353907 ], [ 541317.137899358989671, 5744535.590989662334323 ], [ 541311.514771474641748, 5744535.635666517540812 ], [ 541305.9230846920982, 5744536.23309457115829 ], [ 541300.416688981233165, 5744537.377520488575101 ], [ 541295.048612975282595, 5744539.057923240587115 ], [ 541289.870553313172422, 5744541.25812022946775 ], [ 541284.932376806391403, 5744543.956923115067184 ], [ 541280.281640222179703, 5744547.128341832198203 ], [ 541276.737042062799446, 5744550.094269456341863 ], [ 541275.763243303517811, 5744550.141993651166558 ], [ 541271.079576877178624, 5744550.341761838644743 ], [ 541265.479824594571255, 5744550.857677286490798 ], [ 541259.957438795361668, 5744551.921776211820543 ], [ 541254.565602094517089, 5744553.523811148479581 ], [ 541249.356239942484535, 5744555.648354200646281 ], [ 541244.379520589252934, 5744558.274945594370365 ], [ 541239.683371964958496, 5744561.378290683962405 ], [ 541235.313020132249221, 5744564.928503526374698 ], [ 541231.310553748742677, 5744568.891394671984017 ], [ 541227.714518739841878, 5744573.228800357319415 ], [ 541224.55954708030913, 5744577.898950037546456 ], [ 541221.876023262622766, 5744582.856868594884872 ], [ 541219.689791662502103, 5744588.054809448309243 ], [ 541218.021907620714046, 5744593.442714344710112 ], [ 541216.888434641179629, 5744598.968695401214063 ], [ 541216.300289657549001, 5744604.57953483145684 ], [ 541216.263137858593836, 5744610.221197394654155 ], [ 541216.77733809070196, 5744615.839350809343159 ], [ 541217.837939361692406, 5744621.379888996481895 ], [ 541219.434728480759077, 5744626.789453156292439 ], [ 541221.552328380174004, 5744632.015945648774505 ], [ 541224.170346170896664, 5744637.009031767956913 ], [ 541227.263569507747889, 5744641.720624485984445 ], [ 541230.802209374960512, 5744646.105347626842558 ], [ 541234.752186956466176, 5744650.120972877368331 ], [ 541239.075461822212674, 5744653.728826515376568 ], [ 541243.730398279731162, 5744656.894161903299391 ], [ 541248.672166356118396, 5744659.586494147777557 ], [ 541253.853173548704945, 5744661.779893737286329 ], [ 541259.223523190710694, 5744663.453236273489892 ], [ 541264.731495010200888, 5744664.590405962429941 ], [ 541270.324043258908205, 5744665.180450822226703 ], [ 541275.947307608439587, 5744665.217688170261681 ], [ 541280.812000982812606, 5744665.010196065530181 ], [ 541280.992561166756786, 5744664.993560462258756 ], [ 541281.173881074064411, 5744664.993610945530236 ], [ 541318.299172406550497, 5744663.174064975231886 ], [ 541318.533017500420101, 5744663.151022467762232 ], [ 541318.767980387434363, 5744663.149155526421964 ], [ 541320.285996884806082, 5744662.986965443938971 ], [ 541321.809739528689533, 5744662.893297362141311 ], [ 541334.021565823117271, 5744661.536618678830564 ], [ 541334.028626443934627, 5744661.535480075515807 ], [ 541334.035764175350778, 5744661.535039499402046 ], [ 541380.847166519495659, 5744656.32249253988266 ], [ 541429.355137018719688, 5744652.013810599222779 ], [ 541466.627380925114267, 5744649.062362805940211 ], [ 541466.691937715164386, 5744649.124449422582984 ], [ 541471.113298761309125, 5744652.610599042847753 ], [ 541475.853958918247372, 5744655.645170617848635 ], [ 541480.868262592703104, 5744658.19893860258162 ], [ 541486.10791867680382, 5744660.247307972982526 ], [ 541491.52246564172674, 5744661.770551092922688 ], [ 541495.869388676714152, 5744662.542583469301462 ], [ 541498.514497823081911, 5744696.399958237074316 ], [ 541496.263314377400093, 5744697.152060880325735 ], [ 541496.195538050145842, 5744697.182396618649364 ], [ 541496.125185288954526, 5744697.206103960983455 ], [ 541493.627932124072686, 5744698.331620723009109 ], [ 541491.127783847972751, 5744699.450650874525309 ], [ 541491.063297550776042, 5744699.487505530007184 ], [ 541490.99559965392109, 5744699.518017063848674 ], [ 541488.620329439057969, 5744700.883689237758517 ], [ 541486.241544318734668, 5744702.243190775625408 ], [ 541486.180969081935473, 5744702.286209430545568 ], [ 541486.116578008746728, 5744702.32323132827878 ], [ 541483.886165555566549, 5744703.915907226502895 ], [ 541481.651652409695089, 5744705.502787807956338 ], [ 541481.59557160444092, 5744705.551556174643338 ], [ 541481.535107465926558, 5744705.594731910154223 ], [ 541479.471032618079334, 5744707.399073760956526 ], [ 541477.402310938690789, 5744709.198051262646914 ], [ 541477.351264650817029, 5744709.252099690958858 ], [ 541477.295309745823033, 5744709.301013472490013 ], [ 541475.417450699023902, 5744711.299644925631583 ], [ 541473.53444323677104, 5744713.293394777923822 ], [ 541473.4889230648987, 5744713.352202771231532 ], [ 541473.438016274012625, 5744713.406383536756039 ], [ 541471.764457985525951, 5744715.58005705755204 ], [ 541470.085299041704275, 5744717.749379007145762 ], [ 541470.045743370894343, 5744717.812380229122937 ], [ 541470.000374957337044, 5744717.871306207031012 ], [ 541468.54723477747757, 5744720.199088661000133 ], [ 541467.088095758110285, 5744722.52309141214937 ], [ 541467.054885540157557, 5744722.589679133147001 ], [ 541467.015492427395657, 5744722.652782849036157 ], [ 541465.796765072736889, 5744725.112256929278374 ], [ 541464.571698547806591, 5744727.56855948176235 ], [ 541464.545153621700592, 5744727.63809244055301 ], [ 541464.512115194811486, 5744727.704766180366278 ], [ 541463.539538007345982, 5744730.272246142849326 ], [ 541462.560342323500663, 5744732.837193447165191 ], [ 541462.540718340897001, 5744732.909002013504505 ], [ 541462.514352787518874, 5744732.978603679686785 ], [ 541461.79729255347047, 5744735.629363720305264 ], [ 541461.073398329899646, 5744738.278254182077944 ], [ 541461.060884293867275, 5744738.351646800525486 ], [ 541461.041445537470281, 5744738.423506110906601 ], [ 541460.586808388121426, 5744741.132018161937594 ], [ 541460.125187557307072, 5744743.839341837912798 ], [ 541460.119903996470384, 5744743.913611717522144 ], [ 541460.107579256873578, 5744743.987036621198058 ], [ 541459.919744063983671, 5744746.727216424420476 ], [ 541459.72484278853517, 5744749.466900454834104 ], [ 541459.726840601302683, 5744749.541332324966788 ], [ 541459.721748584648594, 5744749.615615713410079 ], [ 541459.777502172626555, 5744751.510593729093671 ], [ 541459.099927121191286, 5744752.226587682962418 ], [ 541458.753716115956195, 5744752.672942606732249 ], [ 541458.373676873859949, 5744753.090678934939206 ], [ 541457.027591718826443, 5744754.89835983235389 ], [ 541455.646344294655137, 5744756.679141499102116 ], [ 541455.345407521817833, 5744757.157393090426922 ], [ 541455.008009457611479, 5744757.61049047857523 ], [ 541453.845009494922124, 5744759.541839416138828 ], [ 541452.644388621905819, 5744761.449876481667161 ], [ 541452.391624315525405, 5744761.955419004894793 ], [ 541452.100116784335114, 5744762.439513984136283 ], [ 541451.13140251848381, 5744764.475931408815086 ], [ 541450.12297103065066, 5744766.492848793976009 ], [ 541449.920813506119885, 5744767.020813683979213 ], [ 541449.678003940614872, 5744767.531244246289134 ], [ 541448.912904883502051, 5744769.65311866812408 ], [ 541448.106374781345949, 5744771.759492699056864 ], [ 541447.956770999822766, 5744772.304795454256237 ], [ 541447.764997860649601, 5744772.836645944043994 ], [ 541447.210882652783766, 5744775.023542822338641 ], [ 541446.61402158124838, 5744777.199088248424232 ], [ 541446.51841239805799, 5744777.756477353163064 ], [ 541446.379522648989223, 5744778.304625830613077 ], [ 541446.041728083975613, 5744780.535484376363456 ], [ 541445.660284513607621, 5744782.759249699302018 ], [ 541445.619590795831755, 5744783.323357234708965 ], [ 541445.534922115853988, 5744783.882524776272476 ], [ 541445.416701738722622, 5744786.135860738344491 ], [ 541445.254349581431597, 5744788.386430012993515 ], [ 541445.268963335896842, 5744788.951823331415653 ], [ 541445.239331232616678, 5744789.516624871641397 ], [ 541445.341823989059776, 5744791.770737451501191 ], [ 541445.400127203552984, 5744794.026436515152454 ], [ 541447.915731328423135, 5744827.608583165332675 ], [ 541447.941162999952212, 5744827.81312551908195 ], [ 541447.947960157995112, 5744828.01914029661566 ], [ 541448.289151918841526, 5744830.61193722486496 ], [ 541448.611822887556627, 5744833.207120438106358 ], [ 541448.657115290057845, 5744833.408177075907588 ], [ 541448.684006749768741, 5744833.612531541846693 ], [ 541449.276864334126003, 5744836.15929271094501 ], [ 541449.851523499586619, 5744838.71024995483458 ], [ 541449.916240478283726, 5744838.905884576030076 ], [ 541449.962967296480201, 5744839.106610670685768 ], [ 541450.801781606511213, 5744841.582809176295996 ], [ 541451.622895122040063, 5744844.064973110333085 ], [ 541451.706413447624072, 5744844.253301625140011 ], [ 541451.772525654640049, 5744844.448466229252517 ], [ 541452.849218857823871, 5744846.830254664644599 ], [ 541453.90887932293117, 5744849.219720368273556 ], [ 541454.010394695564173, 5744849.398929040879011 ], [ 541454.095255624270067, 5744849.586652591824532 ], [ 541455.399458903120831, 5744851.851092649623752 ], [ 541456.687461530789733, 5744854.124847908504307 ], [ 541456.805996324168518, 5744854.293210833333433 ], [ 541456.908788740402088, 5744854.471685415133834 ], [ 541458.427942128386348, 5744856.596968838013709 ], [ 541459.931883019860834, 5744858.733115769922733 ], [ 541460.066295697703026, 5744858.889011485502124 ], [ 541460.186029667849652, 5744859.056518249213696 ], [ 541461.905503043555655, 5744861.022176935337484 ], [ 541463.610898589948192, 5744863.000142811797559 ], [ 541463.759894689079374, 5744863.142069917172194 ], [ 541463.895417123218067, 5744863.296995652839541 ], [ 541465.798651155084372, 5744865.084098823368549 ], [ 541467.689077461953275, 5744866.884834195487201 ], [ 541467.851222061901353, 5744867.01142580807209 ], [ 541468.001227814354934, 5744867.152278465218842 ], [ 541470.069893343723379, 5744868.743614874780178 ], [ 541472.127144489088096, 5744870.349777159281075 ], [ 541472.300876040826552, 5744870.459814103320241 ], [ 541472.463920470327139, 5744870.585237148217857 ], [ 541474.678094966569915, 5744871.965480837039649 ], [ 541476.882358400849625, 5744873.361601395532489 ], [ 541477.066003766725771, 5744873.454023917205632 ], [ 541477.240516647347249, 5744873.562809416092932 ], [ 541479.578876117593609, 5744874.718667396344244 ], [ 541481.908923434442841, 5744875.891300426796079 ], [ 541482.10071399086155, 5744875.9652184182778 ], [ 541482.28501464612782, 5744876.056318681687117 ], [ 541484.725039107259363, 5744876.976659015752375 ], [ 541487.158430390059948, 5744877.914511033333838 ], [ 541487.356519061257131, 5744877.969212600030005 ], [ 541487.54883255076129, 5744878.041750239208341 ], [ 541490.067022942355834, 5744878.717709250748158 ], [ 541492.580322862719186, 5744879.411747879348695 ], [ 541492.782801904715598, 5744879.446706185117364 ], [ 541492.981276124017313, 5744879.499982611276209 ], [ 541495.553380567464046, 5744879.925050201825798 ], [ 541498.122384158428758, 5744880.36859121453017 ], [ 541498.327303546946496, 5744880.383469579741359 ], [ 541498.530027050874196, 5744880.416971693746746 ], [ 541501.131274228449911, 5744880.587054037488997 ], [ 541503.73124020290561, 5744880.775825766846538 ], [ 541503.936626433511265, 5744880.770480901002884 ], [ 541504.141646827803925, 5744880.783886044286191 ], [ 541506.746984671452083, 5744880.697345079854131 ], [ 541509.352873603231274, 5744880.629529492929578 ], [ 541509.55674865830224, 5744880.604012863710523 ], [ 541509.762091443291865, 5744880.59719193726778 ], [ 541513.324977754848078, 5744880.302755712531507 ], [ 541513.388593499315903, 5744880.493408027105033 ], [ 541514.04647317819763, 5744882.611630916595459 ], [ 541514.280831428593956, 5744883.167387504130602 ], [ 541514.471771379816346, 5744883.739622097462416 ], [ 541515.375958302756771, 5744885.764368191361427 ], [ 541516.237614850047976, 5744887.807697381824255 ], [ 541516.525140582933091, 5744888.337731659412384 ], [ 541516.771066918852739, 5744888.888434300199151 ], [ 541517.868712440715171, 5744890.814515130594373 ], [ 541518.925847917795181, 5744892.763271951116621 ], [ 541519.26377216912806, 5744893.262479306198657 ], [ 541519.562316555646248, 5744893.78634633589536 ], [ 541520.842849978245795, 5744895.595212361775339 ], [ 541522.085283800261095, 5744897.430628846399486 ], [ 541522.470352217555046, 5744897.894201530143619 ], [ 541522.818639565492049, 5744898.386187733151019 ], [ 541524.26972880854737, 5744900.060418198816478 ], [ 541525.685495791723952, 5744901.764817888848484 ], [ 541526.113999980618246, 5744902.188291331753135 ], [ 541526.508676124853082, 5744902.643658503890038 ], [ 541528.11634646973107, 5744904.16712924093008 ], [ 541529.69181207253132, 5744905.724097428843379 ], [ 541530.159625308820978, 5744906.103393245488405 ], [ 541530.596889311098494, 5744906.517755836248398 ], [ 541532.345658001373522, 5744907.875794569961727 ], [ 541534.065649610944092, 5744909.270336389541626 ], [ 541534.568266577785835, 5744909.601801638491452 ], [ 541535.043907336192206, 5744909.971168994903564 ], [ 541536.916932682739571, 5744911.150696667842567 ], [ 541538.764885739190504, 5744912.369381521828473 ], [ 541539.297465918818489, 5744912.649823905900121 ], [ 541539.806902721291408, 5744912.970638711936772 ], [ 541541.786146288039163, 5744913.960295439697802 ], [ 541543.744263826403767, 5744914.991386351175606 ], [ 541544.301678131450899, 5744915.218104967847466 ], [ 541544.840004758443683, 5744915.487277496606112 ], [ 541546.906405077781528, 5744916.27753199916333 ], [ 541548.955829140497372, 5744917.11109868157655 ], [ 541549.532709283404984, 5744917.281910018995404 ], [ 541550.094741289387457, 5744917.496847908012569 ], [ 541552.228397556231357, 5744918.080089336261153 ], [ 541554.349390701740049, 5744918.708103777840734 ], [ 541554.940180907025933, 5744918.821362758986652 ], [ 541555.520505541120656, 5744918.9799959724769 ], [ 541557.70086911029648, 5744919.350607172586024 ], [ 541559.873004678403959, 5744919.767021040432155 ], [ 541560.472015220089816, 5744919.821636882610619 ], [ 541561.065043529379182, 5744919.92243763897568 ], [ 541563.2711159104947, 5744920.076849262230098 ], [ 541565.473474668106064, 5744920.277652130462229 ], [ 541566.074936642777175, 5744920.273098822683096 ], [ 541566.674957326846197, 5744920.315096324309707 ], [ 541568.885492418310605, 5744920.251821235753596 ], [ 541571.096864045946859, 5744920.235079199075699 ], [ 541585.96924450469669, 5744919.389125630259514 ], [ 541591.561394362011924, 5744918.79374925699085 ], [ 541597.068448819336481, 5744917.651313008740544 ], [ 541602.437370963045396, 5744915.972819585353136 ], [ 541607.616454270551912, 5744913.774434397928417 ], [ 541612.55582060397137, 5744911.077329851686954 ], [ 541617.207900592824444, 5744907.907481424510479 ], [ 541621.527891775011085, 5744904.295417472720146 ], [ 541625.474190083798021, 5744900.275925176218152 ], [ 541629.008790525025688, 5744895.887715507298708 ], [ 541632.097653185599484, 5744891.173050347715616 ], [ 541634.711031047976576, 5744886.177335469983518 ], [ 541636.823756453464739, 5744880.948683214373887 ], [ 541638.4154834584333, 5744875.537449082359672 ], [ 541639.470883747446351, 5744869.995746798813343 ], [ 541639.979794218554161, 5744864.376946368254721 ], [ 541639.937314823386259, 5744858.735160104930401 ], [ 541639.343855716171674, 5744853.124721479602158 ], [ 541639.007466871174984, 5744851.492569597437978 ], [ 541640.184488077880815, 5744850.217237662523985 ], [ 541640.055736029404216, 5744851.226695955730975 ], [ 541640.052701058215462, 5744851.331312321126461 ], [ 541640.039836419164203, 5744851.435174103826284 ], [ 541639.970904996269383, 5744854.150846490636468 ], [ 541639.892129785381258, 5744856.866250189952552 ], [ 541639.899330122163519, 5744856.970661317929626 ], [ 541639.896674397168681, 5744857.075288133695722 ], [ 541640.093387702829204, 5744859.784664141014218 ], [ 541640.280278447433375, 5744862.494740780442953 ], [ 541640.297644768259488, 5744862.597941135056317 ], [ 541640.305223553092219, 5744862.702325369231403 ], [ 541640.543556518387049, 5744864.087914987467229 ], [ 541640.212732432410121, 5744866.13984353095293 ], [ 541639.863227204652503, 5744871.770888333208859 ], [ 541640.065540461218916, 5744877.409191499464214 ], [ 541640.817724866559729, 5744883.00045301951468 ], [ 541642.112537490203977, 5744888.490825704298913 ], [ 541643.937509521958418, 5744893.827433791011572 ], [ 541646.27506631531287, 5744898.958882180042565 ], [ 541649.102696610963903, 5744903.835751423612237 ], [ 541652.39316930482164, 5744908.411073682829738 ], [ 541656.11479567817878, 5744912.640785105526447 ], [ 541669.23255025560502, 5744926.150972137227654 ], [ 541603.97928296669852, 5744937.14807637874037 ], [ 541598.485807801829651, 5744938.354584529995918 ], [ 541593.136655330425128, 5744940.095499872229993 ], [ 541587.983339961268939, 5744942.354057056829333 ], [ 541583.075490222079679, 5744945.10850571282208 ], [ 541578.460370836779475, 5744948.332319898530841 ], [ 541574.18242756195832, 5744951.994453508406878 ], [ 541570.282859163940884, 5744956.059639233164489 ], [ 541566.799220658722334, 5744960.488728167489171 ], [ 541563.765061634359881, 5744965.239066787995398 ], [ 541561.209603141760454, 5744970.264907698146999 ], [ 541559.157456261804327, 5744975.517850152216852 ], [ 541557.628385064774193, 5744980.947306166402996 ], [ 541556.637116240570322, 5744986.500987650826573 ], [ 541556.19319723919034, 5744992.125409996137023 ], [ 541556.300904284231365, 5744997.76640709862113 ], [ 541556.959201151970774, 5745003.369653034023941 ], [ 541558.161749109160155, 5745008.88118523452431 ], [ 541559.896967920009047, 5745014.247924194671214 ], [ 541562.14814733248204, 5745019.418184661306441 ], [ 541564.893607974634506, 5745024.342173431068659 ], [ 541568.106910111615434, 5745028.972468899562955 ], [ 541571.757108253194019, 5745033.264477798715234 ], [ 541575.809049161965959, 5745037.176864700391889 ], [ 541580.223710391204804, 5745040.671950119547546 ], [ 541584.958576095174067, 5745043.716073449701071 ], [ 541589.968046488123946, 5745046.279917167499661 ], [ 541595.203877012594603, 5745048.338789193890989 ], [ 541600.615642984746955, 5745049.872860751114786 ], [ 541606.151225241366774, 5745050.867357343435287 ], [ 541611.757312110159546, 5745051.312701054848731 ], [ 541617.379912868607789, 5745051.20460281893611 ], [ 541622.96487774385605, 5745050.544103717431426 ], [ 541637.607899357913993, 5745048.076332841999829 ], [ 541636.718738998519257, 5745051.09808786585927 ], [ 541635.662802691804245, 5745056.639804595150054 ], [ 541635.153358625480905, 5745062.258679069578648 ], [ 541635.195314061827958, 5745067.900598646141589 ], [ 541635.788266001152806, 5745073.511228541843593 ], [ 541636.926505023613572, 5745079.036535098217428 ], [ 541638.599070233060047, 5745084.423306179232895 ], [ 541640.789854780421592, 5745089.619663634337485 ], [ 541643.477760947193019, 5745094.575562940910459 ], [ 541646.63690330053214, 5745099.243275200948119 ], [ 541650.236857961514033, 5745103.577846805565059 ], [ 541654.242955589084886, 5745107.537532425485551 ], [ 541658.616615257458761, 5745111.084197070449591 ], [ 541663.315716012031771, 5745114.18368339445442 ], [ 541668.295002525672317, 5745116.80614067055285 ], [ 541673.506520948256366, 5745118.926312345080078 ], [ 541678.900080751860514, 5745120.523779264651239 ], [ 541684.423738121404313, 5745121.583156378008425 ], [ 541690.02429623703938, 5745122.094240917824209 ], [ 541695.647817625082098, 5745122.05211066827178 ], [ 541701.240143645787612, 5745121.457171379588544 ], [ 541706.747416111989878, 5745120.31515287142247 ], [ 541712.116596010280773, 5745118.637053816579282 ], [ 541713.518104502232745, 5745118.042283779010177 ], [ 541717.533375022932887, 5745121.673747342079878 ], [ 541722.059355330769904, 5745125.022542701102793 ], [ 541726.890711924759671, 5745127.910133266821504 ], [ 541731.98091569787357, 5745130.308709036558867 ], [ 541737.280944531550631, 5745132.195169601589441 ], [ 541742.739755432237871, 5745133.551346647553146 ], [ 541748.304776134318672, 5745134.364178963005543 ], [ 541753.922411434818059, 5745134.625838222913444 ], [ 541759.538559385458939, 5745134.333804408088326 ], [ 541765.099132362287492, 5745133.490890073589981 ], [ 541770.550578000373207, 5745132.105213261209428 ], [ 541775.840394970728084, 5745130.190119287930429 ], [ 541780.917638632585295, 5745127.764052239246666 ], [ 541785.733411689288914, 5745124.850377281196415 ], [ 541790.241335121914744, 5745121.477155627682805 ], [ 541794.397994862520136, 5745117.676874262280762 ], [ 541798.163359908154234, 5745113.486133018508554 ], [ 541801.501167844049633, 5745108.945292077958584 ], [ 541802.598823614302091, 5745107.096657898277044 ], [ 541803.368366971844807, 5745107.209604977630079 ], [ 541805.202565371408127, 5745107.296318483538926 ], [ 541807.0327527387999, 5745107.445696427486837 ], [ 541808.009748605662026, 5745107.429030044004321 ], [ 541808.985802687006071, 5745107.475173478014767 ], [ 541810.819640527362935, 5745107.381096037104726 ], [ 541812.655608789529651, 5745107.349775726906955 ], [ 541813.626271822024137, 5745107.237112720496953 ], [ 541814.60213393822778, 5745107.187049694359303 ], [ 541816.417950012371875, 5745106.913087351247668 ], [ 541818.242017450160347, 5745106.701370439492166 ], [ 541819.196999453008175, 5745106.493795851245522 ], [ 541819.219365270575508, 5745106.490421382710338 ], [ 541824.515142087708227, 5745107.485991780646145 ], [ 541830.117514534853399, 5745107.976548870094121 ], [ 541835.74083602335304, 5745107.91381159145385 ], [ 541841.330949838622473, 5745107.298384157940745 ], [ 541846.834019099944271, 5745106.136193710379303 ], [ 541852.197045276407152, 5745104.438433193601668 ], [ 541857.368378630606458, 5745102.221453578211367 ], [ 541862.298215667018667, 5745099.506606353446841 ], [ 541866.939078793046065, 5745096.320037871599197 ], [ 541871.246273578726687, 5745092.692437509074807 ], [ 541875.17831920075696, 5745088.658742083236575 ], [ 541878.697347933892161, 5745084.257799338549376 ], [ 541879.032090121647343, 5745083.742869918234646 ], [ 541881.035337240318768, 5745081.107306799851358 ], [ 541883.990674448432401, 5745076.307124232873321 ], [ 541886.462815084028989, 5745071.239434629678726 ], [ 541888.427951728343032, 5745065.953043451532722 ], [ 541889.86715983832255, 5745060.498862223699689 ], [ 541890.766579969320446, 5745054.929418213665485 ], [ 541891.117551214876585, 5745049.29834854695946 ], [ 541890.916694575920701, 5745043.659883633255959 ], [ 541890.165945463697426, 5745038.068324889987707 ], [ 541888.872535019530915, 5745032.577521816827357 ], [ 541887.048920436063781, 5745027.240353372879326 ], [ 541884.712664951453917, 5745022.108218760229647 ], [ 541883.4797827656148, 5745019.980562767013907 ], [ 541972.337667722837068, 5745011.825226942077279 ], [ 541988.155575277050957, 5745011.29037925042212 ], [ 541989.436654150835238, 5745011.183742898516357 ], [ 541990.721577033749782, 5745011.145759231410921 ], [ 541992.237153663532808, 5745010.950630092062056 ], [ 541993.759926542988978, 5745010.823874516412616 ], [ 541995.02441840141546, 5745010.59177154302597 ], [ 541996.299442953895777, 5745010.427612647414207 ], [ 541997.788657808327116, 5745010.084382732398808 ], [ 541999.291714164079167, 5745009.808489471673965 ], [ 542000.527441048179753, 5745009.453155226074159 ], [ 542001.780287838308141, 5745009.164402114227414 ], [ 542003.228798703290522, 5745008.676377029158175 ], [ 542004.697663015220314, 5745008.254003194160759 ], [ 542005.892723974422552, 5745007.778859864920378 ], [ 542007.111327205551788, 5745007.368293496780097 ], [ 542008.50518390268553, 5745006.740173355676234 ], [ 542009.925709959352389, 5745006.175386800430715 ], [ 542011.068595720804296, 5745005.585010439157486 ], [ 542012.241219391580671, 5745005.056584945879877 ], [ 542013.566998117021285, 5745004.294419092126191 ], [ 542014.925505277933553, 5745003.592659225687385 ], [ 542016.005209094844759, 5745002.892735659144819 ], [ 542017.120560029754415, 5745002.25154026132077 ], [ 542018.365492638899013, 5745001.362669023685157 ], [ 542019.64889759675134, 5745000.53069440741092 ], [ 542020.655021219979972, 5744999.72796449996531 ], [ 542021.702357869711705, 5744998.98017446976155 ], [ 542065.618481169920415, 5744964.245316788554192 ], [ 542065.67837868060451, 5744964.764673127792776 ], [ 542065.733010641299188, 5744965.095303261652589 ], [ 542065.758958866819739, 5744965.429433196783066 ], [ 542066.19275025499519, 5744967.877625923603773 ], [ 542066.598090012208559, 5744970.330722443759441 ], [ 542066.684760525007732, 5744970.654388275928795 ], [ 542066.74322732584551, 5744970.98435777425766 ], [ 542067.414111389312893, 5744973.378104818984866 ], [ 542068.057159951422364, 5744975.779529902152717 ], [ 542068.175034386571497, 5744976.093114319257438 ], [ 542068.265456754132174, 5744976.415745574980974 ], [ 542069.166972918435931, 5744978.731993618421257 ], [ 542070.041537769371644, 5744981.058619977906346 ], [ 542070.189480981673114, 5744981.359102956019342 ], [ 542070.310988150420599, 5744981.671288814395666 ], [ 542071.43445466645062, 5744983.887730799615383 ], [ 542072.53211361519061, 5744986.117151452228427 ], [ 542072.708700871095061, 5744986.401639129035175 ], [ 542072.860122704296373, 5744986.700373022817075 ], [ 542074.194720268133096, 5744988.795663053169847 ], [ 542075.504902522894554, 5744990.906407065689564 ], [ 542075.70843321736902, 5744991.172159608453512 ], [ 542075.888311477727257, 5744991.454564523883164 ], [ 542077.421187395812012, 5744993.408523393794894 ], [ 542078.931275374954566, 5744995.380262724123895 ], [ 542079.159789419965819, 5744995.624720736406744 ], [ 542079.366391800809652, 5744995.888076890259981 ], [ 542081.082783720106818, 5744997.681886411271989 ], [ 542082.778234599623829, 5744999.495631727389991 ], [ 542083.029531290289015, 5744999.716440886259079 ], [ 542083.260868105920963, 5744999.95821195282042 ], [ 542085.144246274139732, 5745001.574596312828362 ], [ 542085.606637486838736, 5745001.980889592319727 ], [ 542085.676531057222746, 5745006.617246875539422 ], [ 542086.312313179601915, 5745012.223114844411612 ], [ 542087.492710947641172, 5745017.7394705330953 ], [ 542089.206357447081245, 5745023.113187981769443 ], [ 542091.436750183929689, 5745028.292514747008681 ], [ 542094.162409979850054, 5745033.227570313028991 ], [ 542097.35708780027926, 5745037.870826499536633 ], [ 542100.990017524920404, 5745042.177565226331353 ], [ 542105.026212229277007, 5745046.106309201568365 ], [ 542109.426801119698212, 5745049.619221426546574 ], [ 542114.149403882795013, 5745052.682469603605568 ], [ 542119.148538839654066, 5745055.266552014276385 ], [ 542124.376060975366272, 5745057.346581680700183 ], [ 542129.781625626725145, 5745058.9025260489434 ], [ 542135.313173356465995, 5745059.919399973005056 ], [ 542140.917431350215338, 5745060.387410022318363 ], [ 542146.54042649990879, 5745060.302048831246793 ], [ 542152.128005234291777, 5745059.66413850709796 ], [ 542157.626355088083073, 5745058.479822710156441 ], [ 542162.982522984966636, 5745056.760507483966649 ], [ 542168.144925241358578, 5745054.5227513872087 ], [ 542173.063844378455542, 5745051.788105997256935 ], [ 542177.69190795707982, 5745048.582908343523741 ], [ 542181.984544821316376, 5745044.938027216121554 ], [ 542185.900414357194677, 5745040.888565854169428 ], [ 542189.401804632041603, 5745036.473523832857609 ], [ 542192.454995580716059, 5745031.735421451739967 ], [ 542195.030583738116547, 5745026.719890189357102 ], [ 542197.103765394422226, 5745021.475233210250735 ], [ 542198.654575444990769, 5745016.051960155367851 ], [ 542199.668079635477625, 5745010.502300661988556 ], [ 542200.039419988286681, 5745007.699008611030877 ], [ 542200.677813544054516, 5745002.9484071591869 ], [ 542200.767527977121063, 5745001.891117710620165 ], [ 542200.921609237906523, 5745000.841324727982283 ], [ 542204.594910107785836, 5744963.012793735601008 ], [ 542204.632934182067402, 5744962.219106673263013 ], [ 542204.726628189091571, 5744961.43008313048631 ], [ 542204.756445794948377, 5744959.964018767699599 ], [ 542204.855136288679205, 5744958.500996160320938 ], [ 542204.837988468352705, 5744957.938950374722481 ], [ 542204.864896569168195, 5744957.377289793454111 ], [ 542204.825196806457825, 5744956.583685827441514 ], [ 542204.841354493517429, 5744955.789248431101441 ], [ 542204.727798679494299, 5744954.327312282286584 ], [ 542204.683081260882318, 5744952.861630384810269 ], [ 542204.611105953808874, 5744952.30397764313966 ], [ 542204.583012036164291, 5744951.742375867441297 ], [ 542204.465970915509388, 5744950.956497833132744 ], [ 542204.404436823562719, 5744950.164297443814576 ], [ 542204.14860146632418, 5744948.720568720251322 ], [ 542203.960907061584294, 5744947.266342827118933 ], [ 542190.106646189466119, 5744869.943219523876905 ], [ 542368.137198144104332, 5744782.780556286685169 ], [ 542371.081378907314502, 5744782.424399131909013 ], [ 542372.955159921548329, 5744782.103471831418574 ], [ 542374.838170697097667, 5744781.842526945285499 ], [ 542375.725329933455214, 5744781.629016923718154 ], [ 542376.62464660347905, 5744781.474988207221031 ], [ 542378.458050732850097, 5744780.971340405754745 ], [ 542380.306500262464397, 5744780.526478544808924 ], [ 542381.168527996633202, 5744780.226754267700016 ], [ 542382.048465806059539, 5744779.985029302537441 ], [ 542383.823836068972014, 5744779.303511570207775 ], [ 542385.619922445854172, 5744778.679017178714275 ], [ 542386.448516745003872, 5744778.295965253375471 ], [ 542387.300601264229044, 5744777.968872080557048 ], [ 542389.000839590211399, 5744777.116048031486571 ], [ 542390.727265258901753, 5744776.317935567349195 ], [ 542391.514446194283664, 5744775.855245113372803 ], [ 542392.330471256980672, 5744775.445933939889073 ], [ 542393.939203186193481, 5744774.430017019622028 ], [ 542395.579341513104737, 5744773.465973010286689 ], [ 542396.31752802268602, 5744772.928100131452084 ], [ 542397.089634753880091, 5744772.440512992441654 ], [ 542398.591367156826891, 5744771.271287355571985 ], [ 542400.129422546247952, 5744770.150596384890378 ], [ 542400.811505417339504, 5744769.542721264995635 ], [ 542401.532257953076623, 5744768.981554038822651 ], [ 542402.912528223590925, 5744767.670280311256647 ], [ 542404.333688264596276, 5744766.403735592961311 ], [ 542404.95309865148738, 5744765.731712554581463 ], [ 542405.615555702475831, 5744765.102369770407677 ], [ 542406.861071045626886, 5744763.661676595918834 ], [ 542408.151649166014977, 5744762.261475992389023 ], [ 542409.910493987961672, 5744760.154615211300552 ], [ 542411.071988710435107, 5744758.615791950374842 ], [ 542412.280494936043397, 5744757.113851002417505 ], [ 542412.768546835286543, 5744756.368081359192729 ], [ 542413.305379396537319, 5744755.65685046184808 ], [ 542414.310941866482608, 5744754.011217903345823 ], [ 542415.366892753634602, 5744752.397667027078569 ], [ 542415.779734704177827, 5744751.607494463212788 ], [ 542416.244496734347194, 5744750.846897304058075 ], [ 542417.08444298314862, 5744749.110304125584662 ], [ 542417.977669307030737, 5744747.400683008134365 ], [ 542418.311325504793786, 5744746.573717458173633 ], [ 542418.699541172711179, 5744745.771079144440591 ], [ 542419.365782276378013, 5744743.960249981842935 ], [ 542420.087681990582496, 5744742.1710235029459 ], [ 542420.338939256267622, 5744741.315229223109782 ], [ 542420.646869944408536, 5744740.478279725648463 ], [ 542421.132989906589501, 5744738.610654084943235 ], [ 542421.676610986585729, 5744736.759053722955287 ], [ 542421.843049711198546, 5744735.882672575302422 ], [ 542422.067730010137893, 5744735.01947227679193 ], [ 542422.369047540356405, 5744733.113036599010229 ], [ 542422.729154925909825, 5744731.216894464567304 ], [ 542422.809172366047278, 5744730.32836655061692 ], [ 542422.948438630905002, 5744729.447228617034853 ], [ 542423.062052215216681, 5744727.520343042910099 ], [ 542423.235178216127679, 5744725.597920145839453 ], [ 542423.228003922966309, 5744724.705802510492504 ], [ 542423.280515103950165, 5744723.815212826244533 ], [ 542423.20533093821723, 5744721.886434366926551 ], [ 542423.189808613387868, 5744719.956244744360447 ], [ 542422.46614987810608, 5744707.267322708852589 ], [ 542422.398378280806355, 5744706.629747303202748 ], [ 542422.378979378263466, 5744705.988852065056562 ], [ 542422.100342785124667, 5744703.825915793888271 ], [ 542421.869826689362526, 5744701.657286598347127 ], [ 542421.740092444815673, 5744701.029446233063936 ], [ 542421.658173605566844, 5744700.39354513771832 ], [ 542421.169567158445716, 5744698.268425983376801 ], [ 542420.728293335298076, 5744696.132909211330116 ], [ 542420.53784596780315, 5744695.520850293338299 ], [ 542420.394196229055524, 5744694.896067372523248 ], [ 542419.700325845507905, 5744692.829231220297515 ], [ 542419.052544373669662, 5744690.74739290215075 ], [ 542418.803218098008074, 5744690.157009826041758 ], [ 542418.599220990086906, 5744689.549362025223672 ], [ 542417.706769349868409, 5744687.560713397338986 ], [ 542416.858719050535001, 5744685.552602530457079 ], [ 542416.552915101754479, 5744684.989580931141973 ], [ 542416.290535320527852, 5744684.404920157045126 ], [ 542416.163196693640202, 5744684.182425401173532 ], [ 542412.479192381491885, 5744651.681601128540933 ], [ 542420.175402007764205, 5744653.29502865858376 ], [ 542420.48983393330127, 5744653.469995996914804 ], [ 542422.33753208827693, 5744654.555701422505081 ], [ 542422.947574552497827, 5744654.837618487887084 ], [ 542423.534929164685309, 5744655.164454868994653 ], [ 542425.500251551973633, 5744656.017278768122196 ], [ 542427.445123582612723, 5744656.916055520996451 ], [ 542428.07977121998556, 5744657.13662411365658 ], [ 542428.696228770771995, 5744657.404126837849617 ], [ 542430.735406701685861, 5744658.059576300904155 ], [ 542432.758722152211703, 5744658.762768373824656 ], [ 542433.411862873588689, 5744658.919864219613373 ], [ 542434.051486439537257, 5744659.125457001850009 ], [ 542436.144881182583049, 5744659.577219435945153 ], [ 542438.22715411009267, 5744660.078054471872747 ], [ 542463.307590355281718, 5744664.818449176847935 ], [ 542465.888900463003665, 5744665.175797748379409 ], [ 542468.467581118224189, 5744665.551772092469037 ], [ 542468.673747295513749, 5744665.561322443187237 ], [ 542468.878195959725417, 5744665.589625583030283 ], [ 542471.481988476589322, 5744665.691409667022526 ], [ 542474.084983743610792, 5744665.811988399364054 ], [ 542474.291090200073086, 5744665.801218561828136 ], [ 542474.497319538611919, 5744665.80928011238575 ], [ 542477.09851802024059, 5744665.65451941639185 ], [ 542479.700759156723507, 5744665.518541273660958 ], [ 542479.904820956056938, 5744665.487554972060025 ], [ 542480.110844809096307, 5744665.475297293625772 ], [ 542482.684397792560048, 5744665.065482283942401 ], [ 542485.260823321877979, 5744664.674256879836321 ], [ 542485.460875182645395, 5744664.623352536000311 ], [ 542485.664709406788461, 5744664.590893681161106 ], [ 542488.185831750393845, 5744663.929971232078969 ], [ 542490.711628774297424, 5744663.287266448140144 ], [ 542490.90574406273663, 5744663.216934316791594 ], [ 542491.105425576795824, 5744663.164586899802089 ], [ 542493.549836986116134, 5744662.258922297507524 ], [ 542496.000680351280607, 5744661.37092796061188 ], [ 542496.186989601468667, 5744661.281845401972532 ], [ 542496.380595328984782, 5744661.210113572888076 ], [ 542498.724754407652654, 5744660.068429170176387 ], [ 542501.077040783246048, 5744658.94369747582823 ], [ 542501.253749706665985, 5744658.83672243449837 ], [ 542501.439415093278512, 5744658.746297040954232 ], [ 542503.660746063338593, 5744657.379588219337165 ], [ 542505.891821280121803, 5744656.028951368294656 ], [ 542506.057228049263358, 5744655.90511410869658 ], [ 542506.233165017678402, 5744655.796866020187736 ], [ 542508.310274916118942, 5744654.21829542517662 ], [ 542510.398652382194996, 5744652.654761170968413 ], [ 542510.551164042437449, 5744652.515254338271916 ], [ 542510.715678191976622, 5744652.390226094983518 ], [ 542512.628563171252608, 5744650.614996701478958 ], [ 542514.554130542208441, 5744648.853623194620013 ], [ 542514.692278304020874, 5744648.699790365062654 ], [ 542514.84378527791705, 5744648.559186078608036 ], [ 542516.574023266555741, 5744646.604394697584212 ], [ 542518.318236136576161, 5744644.662145520560443 ], [ 542518.440689560608007, 5744644.49546822719276 ], [ 542518.577730266028084, 5744644.340642035007477 ], [ 542520.108658111072145, 5744642.225114915519953 ], [ 542521.654718880425207, 5744640.120695416815579 ], [ 542521.760298693436198, 5744639.942778886295855 ], [ 542521.881553349201567, 5744639.775221893563867 ], [ 542523.19842747412622, 5744637.519333256408572 ], [ 542524.531446932931431, 5744635.273010545410216 ], [ 542524.619136358029209, 5744635.085568242706358 ], [ 542524.723437231848948, 5744634.906894151121378 ], [ 542525.81357567734085, 5744632.532369837164879 ], [ 542526.920716333319433, 5744630.165777682326734 ], [ 542526.989670894341543, 5744629.97061481513083 ], [ 542527.076013534562662, 5744629.782544383779168 ], [ 542527.928917995188385, 5744627.312252709642053 ], [ 542528.799517784384079, 5744624.848183085210621 ], [ 542528.849073439952917, 5744624.647179204970598 ], [ 542528.916626346413977, 5744624.451523683965206 ], [ 542529.524083260679618, 5744621.909255216829479 ], [ 542530.14975822053384, 5744619.371438764035702 ], [ 542535.57084712816868, 5744591.59975061006844 ], [ 542535.575807110406458, 5744591.5655064759776 ], [ 542535.584048487944528, 5744591.53190503269434 ], [ 542535.980130846379325, 5744588.774021250195801 ], [ 542536.379517950001173, 5744586.016618058085442 ], [ 542536.381108500761911, 5744585.982051084749401 ], [ 542536.386027432163246, 5744585.947801019065082 ], [ 542536.510765702580102, 5744583.164248852990568 ], [ 542536.638839844730683, 5744580.380849902518094 ], [ 542536.637045652489178, 5744580.346292991191149 ], [ 542536.638594772201031, 5744580.311724145896733 ], [ 542536.490788177819923, 5744577.529310686513782 ], [ 542536.346316450741142, 5744574.746721765957773 ], [ 542536.341154801193625, 5744574.712507714517415 ], [ 542536.339319196878932, 5744574.677953008562326 ], [ 542535.920391706633382, 5744571.923474393785 ], [ 542535.504765977384523, 5744569.168493271805346 ], [ 542535.49628658592701, 5744569.134951577521861 ], [ 542535.491083942004479, 5744569.100743800401688 ], [ 542534.80507059302181, 5744566.400727184489369 ], [ 542534.122294022701681, 5744563.699885495007038 ], [ 542534.110578556195833, 5744563.667339183390141 ], [ 542534.102058983175084, 5744563.633807765319943 ], [ 542533.15556694730185, 5744561.014255542308092 ], [ 542532.212215474108234, 5744558.393563622608781 ], [ 542532.19737676391378, 5744558.362326121889055 ], [ 542532.185622315737419, 5744558.329793986864388 ], [ 542530.987767221406102, 5744555.815933466888964 ], [ 542529.792926243622787, 5744553.300629755482078 ], [ 542529.775107199093327, 5744553.271001902408898 ], [ 542529.760231082094833, 5744553.239782349206507 ], [ 542528.32254926150199, 5744550.8558229515329 ], [ 542526.887726073036902, 5744548.470130812376738 ], [ 542526.867098304210231, 5744548.442397930659354 ], [ 542526.849243787699379, 5744548.412791611626744 ], [ 542525.185581169440411, 5744546.181691735982895 ], [ 542523.524594119517133, 5744543.948586206883192 ], [ 542523.501356285763904, 5744543.923015373758972 ], [ 542523.480695320758969, 5744543.895307410508394 ], [ 542521.607073792605661, 5744541.838552978821099 ], [ 542519.73591948277317, 5744539.779539874754846 ], [ 542519.710295384284109, 5744539.756377353332937 ], [ 542519.687026942381635, 5744539.730834571644664 ], [ 542517.621490760357119, 5744537.868233009241521 ], [ 542515.558189267409034, 5744536.003140960820019 ], [ 542515.530425664619543, 5744535.982609798200428 ], [ 542515.504773847176693, 5744535.959478200413287 ], [ 542513.267215556348674, 5744534.308967114426196 ], [ 542511.0316371897934, 5744532.655757202766836 ], [ 542511.00200146692805, 5744532.638055125251412 ], [ 542510.97421330679208, 5744532.617557466030121 ], [ 542505.352596178650856, 5744528.882800634950399 ], [ 542504.277415906195529, 5744528.242325979284942 ], [ 542503.238637437811121, 5744527.543995937332511 ], [ 542501.8612384875305, 5744526.80303143709898 ], [ 542500.517363537102938, 5744526.002497164532542 ], [ 542499.384788854280487, 5744525.470837713219225 ], [ 542498.282788419513963, 5744524.878021787852049 ], [ 542496.839632900664583, 5744524.276075919158757 ], [ 542495.424020174192265, 5744523.611550434492528 ], [ 542494.244958248571493, 5744523.193826169706881 ], [ 542493.090348579338752, 5744522.712233312427998 ], [ 542491.595334650366567, 5744522.255102921277285 ], [ 542490.121617094962858, 5744521.732985754497349 ], [ 542488.907422785530798, 5744521.433219443075359 ], [ 542487.711323207593523, 5744521.067487486638129 ], [ 542486.178848430514336, 5744520.759574820287526 ], [ 542484.661218519089743, 5744520.384894071146846 ], [ 542483.423584954929538, 5744520.205972500145435 ], [ 542482.197514383820817, 5744519.959623532369733 ], [ 542467.848522457876243, 5744517.804961187765002 ], [ 542466.310394636704586, 5744517.650936225429177 ], [ 542464.780559015460312, 5744517.42883076146245 ], [ 542463.51431917049922, 5744517.370942268520594 ], [ 542462.253032480715774, 5744517.244638998992741 ], [ 542460.707263493444771, 5744517.242611886933446 ], [ 542459.163095555268228, 5744517.172016656026244 ], [ 542457.89729746512603, 5744517.238926214165986 ], [ 542456.629744794452563, 5744517.2372633414343 ], [ 542455.091220955713652, 5744517.387253588996828 ], [ 542455.004663358209655, 5744517.391828952357173 ], [ 542426.541375699220225, 5744511.238563165999949 ], [ 542430.068620561854914, 5744433.321512921713293 ], [ 542430.059143154532649, 5744430.752449488267303 ], [ 542430.072120216907933, 5744428.183402192778885 ], [ 542430.048739059944637, 5744427.932185798883438 ], [ 542430.047808285104111, 5744427.67987831030041 ], [ 542429.787387353135273, 5744425.124119229614735 ], [ 542429.549314401578158, 5744422.566168062388897 ], [ 542429.501502830069512, 5744422.318460769020021 ], [ 542429.475926925661042, 5744422.06745989061892 ], [ 542428.967070935992524, 5744419.549618432298303 ], [ 542428.480241214623675, 5744417.027397771365941 ], [ 542428.408459724392742, 5744416.785585111938417 ], [ 542428.358485046424903, 5744416.538308120332658 ], [ 542427.606095009250566, 5744414.082632306031883 ], [ 542426.875197393354028, 5744411.620432311668992 ], [ 542426.780137321096845, 5744411.386843057349324 ], [ 542426.70624519418925, 5744411.145671335980296 ], [ 542425.717567440238781, 5744408.775810401886702 ], [ 542424.749641269445419, 5744406.397343135438859 ], [ 542424.632218128303066, 5744406.174226838164032 ], [ 542424.535120214917697, 5744405.941482986323535 ], [ 542423.319676614017226, 5744403.680259685963392 ], [ 542422.124043864081614, 5744401.408430713228881 ], [ 542421.985388532280922, 5744401.197936076670885 ], [ 542421.866019968525507, 5744400.975861499086022 ], [ 542420.435516165918671, 5744398.845052220858634 ], [ 542420.170629902277142, 5744398.442924429662526 ], [ 542420.261520048021339, 5744396.428536674007773 ], [ 542420.239871513680555, 5744390.78692867513746 ], [ 542419.667160540004261, 5744385.174618983641267 ], [ 542418.548903679009527, 5744379.645656999200583 ], [ 542416.895871326443739, 5744374.253289230167866 ], [ 542414.723983959993348, 5744369.049446539022028 ], [ 542412.054158781887963, 5744364.08424402307719 ], [ 542408.912108247168362, 5744359.405498411506414 ], [ 542405.328092415933497, 5744355.058267612010241 ], [ 542401.336627517594025, 5744351.084416793659329 ], [ 542396.976153533090837, 5744347.522215257398784 ], [ 542392.28866399708204, 5744344.4059679210186 ], [ 542387.319301584851928, 5744341.765684978105128 ], [ 542382.115923380595632, 5744339.626792923547328 ], [ 542376.728640009649098, 5744338.009889716282487 ], [ 542371.209333074861206, 5744336.930546444840729 ], [ 542365.611155541730113, 5744336.399157372303307 ], [ 542359.988019884680398, 5744336.42083986941725 ], [ 542354.39407891954761, 5744336.995385129936039 ], [ 542348.883204323239625, 5744338.117260186932981 ], [ 542343.508467859821394, 5744339.775661177001894 ], [ 542338.321630307356827, 5744341.954617385752499 ], [ 542333.372643007081933, 5744344.633145024999976 ], [ 542328.70916683296673, 5744347.78544928971678 ], [ 542324.376113213947974, 5744351.381172745488584 ], [ 542320.415211627259851, 5744355.38568764552474 ], [ 542316.864607728668489, 5744359.760429373942316 ], [ 542313.758495987975039, 5744364.463267811574042 ], [ 542311.126790370675735, 5744369.448913022875786 ], [ 542308.994836232508533, 5744374.669351395219564 ], [ 542307.383166208863258, 5744380.074307988397777 ], [ 542306.307302444125526, 5744385.611730695702136 ], [ 542305.777607071679085, 5744391.228291505947709 ], [ 542304.176367558306083, 5744426.706081016920507 ], [ 542300.103911249083467, 5744482.918443324044347 ], [ 542281.507859963458031, 5744477.765071406029165 ], [ 542272.045814782497473, 5744470.689240496605635 ], [ 542197.4487644135952, 5744399.167249993421137 ], [ 542192.931757364422083, 5744255.713366290554404 ], [ 542192.913370402064174, 5744255.485179675742984 ], [ 542192.915549727971666, 5744255.256259058602154 ], [ 542192.68685564910993, 5744252.674076749943197 ], [ 542192.478646613308229, 5744250.090151404961944 ], [ 542192.438055120059289, 5744249.864871859550476 ], [ 542192.417859159875661, 5744249.63683938793838 ], [ 542191.937995778978802, 5744247.089581991545856 ], [ 542191.478348573669791, 5744244.538575484417379 ], [ 542191.415943507803604, 5744244.318372555077076 ], [ 542191.373566802009009, 5744244.093424302525818 ], [ 542190.647155929822475, 5744241.605623167008162 ], [ 542189.940497650066391, 5744239.112102866172791 ], [ 542189.856880043633282, 5744238.899097214452922 ], [ 542189.792730742250569, 5744238.679399530403316 ], [ 542188.826768516562879, 5744236.275013253092766 ], [ 542187.879905083798803, 5744233.86299289856106 ], [ 542187.775880254805088, 5744233.659235855564475 ], [ 542187.69057618395891, 5744233.446904526092112 ], [ 542186.494365691556595, 5744231.149088309146464 ], [ 542186.370504047139548, 5744230.90647610835731 ], [ 542183.453284411807545, 5744219.481681890785694 ], [ 542182.78870745038148, 5744217.32526520639658 ], [ 542182.166451964294538, 5744215.156175817362964 ], [ 542181.958501369343139, 5744214.631415001116693 ], [ 542181.792231286759488, 5744214.091902226209641 ], [ 542180.920180336688645, 5744212.011223870329559 ], [ 542180.089009009418078, 5744209.913771973922849 ], [ 542179.830792561755516, 5744209.411987809464335 ], [ 542179.612614689278416, 5744208.891423941589892 ], [ 542178.541488382266834, 5744206.906521685421467 ], [ 542177.509406145662069, 5744204.900906596332788 ], [ 542177.203410677146167, 5744204.426931452937424 ], [ 542176.935426256386563, 5744203.930329729802907 ], [ 542175.675540364230983, 5744202.060318918898702 ], [ 542175.245683252345771, 5744201.394486570730805 ], [ 542170.239578288863413, 5744158.333057133480906 ], [ 542168.499094014638104, 5744127.651504511013627 ], [ 542168.441731099388562, 5744127.110293506644666 ], [ 542168.427256529568695, 5744126.566224997863173 ], [ 542168.240241973777302, 5744125.071336893364787 ], [ 542168.121591433300637, 5744123.569430300034583 ], [ 542166.69663166126702, 5744112.477346491068602 ], [ 542166.253754612058401, 5744109.997120682150126 ], [ 542165.836822695215233, 5744107.512373025529087 ], [ 542165.758082568761893, 5744107.22122841887176 ], [ 542165.705059255589731, 5744106.924284030683339 ], [ 542165.022005355451256, 5744104.499554480426013 ], [ 542164.364329934003763, 5744102.067773430608213 ], [ 542164.257525175460614, 5744101.785774107091129 ], [ 542164.175746764405631, 5744101.495473984628916 ], [ 542163.259094608598389, 5744099.149591942317784 ], [ 542162.36700985126663, 5744096.794196615926921 ], [ 542162.233169093029574, 5744096.524058347567916 ], [ 542162.123423201497644, 5744096.243198208510876 ], [ 542160.982000995776616, 5744093.998755464330316 ], [ 542159.864098519901745, 5744091.742429309524596 ], [ 542159.704510759562254, 5744091.486753633245826 ], [ 542159.567854338092729, 5744091.218038271181285 ], [ 542158.212654887931421, 5744089.096649666316807 ], [ 542156.879700980498455, 5744086.961121948435903 ], [ 542156.69590316072572, 5744086.722371108829975 ], [ 542156.533652318059467, 5744086.468388358131051 ], [ 542154.977727131335996, 5744084.490483590401709 ], [ 542153.442559073213488, 5744082.496320191770792 ], [ 542153.236321288626641, 5744082.276793440803885 ], [ 542153.050038605928421, 5744082.039989235810935 ], [ 542151.308372235042043, 5744080.224616178311408 ], [ 542149.585774619947188, 5744078.391021497547626 ], [ 542149.359083049115725, 5744078.192832933738828 ], [ 542149.15056255098898, 5744077.975487778894603 ], [ 542147.239928241237067, 5744076.34012901596725 ], [ 542145.346490625641309, 5744074.684761083684862 ], [ 542145.101528436760418, 5744074.50981932412833 ], [ 542144.872778279474005, 5744074.314026309177279 ], [ 542142.811576394829899, 5744072.874430743977427 ], [ 542140.765533568453975, 5744071.413231224752963 ], [ 542140.504659857600927, 5744071.263220988214016 ], [ 542140.257883026381023, 5744071.090865662321448 ], [ 542138.065963966073468, 5744069.860896968282759 ], [ 542135.887020223657601, 5744068.607937536202371 ], [ 542135.612747321370989, 5744068.484303466044366 ], [ 542135.350320389959961, 5744068.337045644409955 ], [ 542133.048793245223351, 5744067.32854865398258 ], [ 542130.757932808948681, 5744066.295895632356405 ], [ 542130.472902086563408, 5744066.199828339740634 ], [ 542130.197352329152636, 5744066.079086148180068 ], [ 542127.808381746173836, 5744065.30177288968116 ], [ 542125.427666539559141, 5744064.499370942823589 ], [ 542125.134622951853089, 5744064.431795575655997 ], [ 542124.848604026483372, 5744064.338731789030135 ], [ 542122.395196697907522, 5744063.800087921321392 ], [ 542119.947553953621536, 5744063.235664345324039 ], [ 542119.649319625808857, 5744063.19723166897893 ], [ 542119.355585998622701, 5744063.132742511108518 ], [ 542116.861369186430238, 5744062.837955272756517 ], [ 542114.370370581746101, 5744062.516945572569966 ], [ 542114.069817611365579, 5744062.508025691844523 ], [ 542113.771198054077104, 5744062.472732207737863 ], [ 542111.260191992274486, 5744062.424640442244709 ], [ 542108.749826729064807, 5744062.350136008113623 ], [ 542108.449849551194347, 5744062.37081481795758 ], [ 542108.149219876038842, 5744062.365056897513568 ], [ 542105.645606533507816, 5744062.564123718999326 ], [ 542103.140050252666697, 5744062.736842057667673 ], [ 542095.336603757576086, 5744063.662501421757042 ], [ 542089.791617416543886, 5744064.598994195461273 ], [ 542084.364822395262308, 5744066.076260061003268 ], [ 542083.116378158796579, 5744066.552189936861396 ], [ 542083.034935827599838, 5744065.303329631686211 ], [ 542082.902345832786523, 5744064.497029608115554 ], [ 542082.826096560689621, 5744063.683418489992619 ], [ 542082.444913280778565, 5744061.715311753563583 ], [ 542082.119617042480968, 5744059.737134638242424 ], [ 542081.908892783103511, 5744058.9477563444525 ], [ 542081.753523652558215, 5744058.145561708137393 ], [ 542081.181898736627772, 5744056.224418060854077 ], [ 542080.66490791446995, 5744054.287756673060358 ], [ 542080.378078914713115, 5744053.522902183234692 ], [ 542080.14508635585662, 5744052.739849541336298 ], [ 542079.388525186222978, 5744050.884170458652079 ], [ 542078.684819001122378, 5744049.00767570361495 ], [ 542078.32464769971557, 5744048.274710885249078 ], [ 542078.016275682486594, 5744047.518341376446187 ], [ 542077.082064632209949, 5744045.745997797697783 ], [ 542076.198420433327556, 5744043.947741095907986 ], [ 542068.350340685807168, 5744029.775571928359568 ], [ 542067.910685396636836, 5744029.066044561564922 ], [ 542067.520926692872308, 5744028.3277453398332 ], [ 542066.427054184954613, 5744026.671720568090677 ], [ 542065.381587518262677, 5744024.984517773613334 ], [ 542064.874731229618192, 5744024.321642209775746 ], [ 542064.414720333530568, 5744023.62522660754621 ], [ 542063.164327997132204, 5744022.084746199660003 ], [ 542061.959062433918007, 5744020.508477748371661 ], [ 542061.389886500895955, 5744019.898637691512704 ], [ 542060.864053618977778, 5744019.250812419690192 ], [ 542059.469183503650129, 5744017.84071168769151 ], [ 542058.115726493997499, 5744016.390557541511953 ], [ 542057.489712404436432, 5744015.839625931344926 ], [ 542056.903121624025516, 5744015.246629751287401 ], [ 542055.377207103767432, 5744013.980488361790776 ], [ 542053.888593193725683, 5744012.670413928106427 ], [ 542053.211769796092995, 5744012.1836963808164 ], [ 542052.570070297340862, 5744011.651240011677146 ], [ 542050.9278067125706, 5744010.541251241229475 ], [ 542049.318371999892406, 5744009.383872875012457 ], [ 542048.597257419489324, 5744008.96605659276247 ], [ 542047.906629093806259, 5744008.499267731793225 ], [ 542046.163832223741338, 5744007.556121036410332 ], [ 542044.449076302582398, 5744006.562584573403001 ], [ 542043.690615199040622, 5744006.217693222686648 ], [ 542042.957709105336107, 5744005.821067159064114 ], [ 542041.131162813631818, 5744005.053845223039389 ], [ 542039.327599553973414, 5744004.233718664385378 ], [ 542038.539096232852899, 5744003.965073612518609 ], [ 542037.770970558049157, 5744003.642429942265153 ], [ 542035.878265259671025, 5744003.058521271683276 ], [ 542034.003263680147938, 5744002.419702595099807 ], [ 542033.192311722668819, 5744002.22989093977958 ], [ 542032.396363839623518, 5744001.984336792491376 ], [ 542030.455727016553283, 5744001.589364527724683 ], [ 542028.52734410983976, 5744001.138005698099732 ], [ 542027.701753298053518, 5744001.028855357319117 ], [ 542026.885648478404619, 5744000.862755472771823 ], [ 542024.915769182494842, 5744000.660523248836398 ], [ 542022.95257599640172, 5744000.400970946997404 ], [ 542022.120297075831331, 5744000.373533049598336 ], [ 542021.291894705034792, 5744000.288487003184855 ], [ 542019.311743570258841, 5744000.280942344106734 ], [ 542017.332646385999396, 5744000.215696114115417 ], [ 542016.501694506616332, 5744000.270234885625541 ], [ 542015.66897239361424, 5744000.267061695456505 ], [ 542013.697618999402039, 5744000.454277243465185 ], [ 542011.721677220775746, 5744000.58396543096751 ], [ 542010.900054735946469, 5744000.719955649226904 ], [ 542010.071032305946574, 5744000.798685876652598 ], [ 542008.127461507916451, 5744001.178858704864979 ], [ 542006.17370415572077, 5744001.50223240070045 ], [ 542005.369323595194146, 5744001.718364441767335 ], [ 542004.551984629011713, 5744001.878239909186959 ], [ 542002.654913722071797, 5744002.447708876803517 ], [ 542000.742156206280924, 5744002.961653945967555 ], [ 541999.962764049065299, 5744003.255846420302987 ], [ 541999.164979832363315, 5744003.495327501557767 ], [ 541997.332678339793347, 5744004.248608493246138 ], [ 541995.479341234778985, 5744004.948175564408302 ], [ 541994.732443334301934, 5744005.317595338448882 ], [ 541993.961896835826337, 5744005.634375793859363 ], [ 541954.903241893276572, 5744023.986283238045871 ], [ 541945.702392939245328, 5744026.95369607117027 ], [ 541945.2407219291199, 5744027.128100733272731 ], [ 541944.766503506689332, 5744027.264471114613116 ], [ 541930.239389202673919, 5744032.227903330698609 ], [ 541929.774137972621247, 5744032.41288988571614 ], [ 541929.29553442040924, 5744032.559636606834829 ], [ 541873.494013157789595, 5744052.722039693035185 ], [ 541830.83309987897519, 5744067.140314947813749 ], [ 541780.860381965874694, 5744001.534716595895588 ], [ 541780.555818866472691, 5744000.821632781997323 ], [ 541779.124496223288588, 5743997.194182432256639 ], [ 541777.982656045816839, 5743994.669909887947142 ], [ 541776.845081033068709, 5743992.143700888380408 ], [ 541776.820829266333021, 5743992.101451953873038 ], [ 541776.800746860564686, 5743992.057055643759668 ], [ 541775.417793130269274, 5743989.657226162031293 ], [ 541774.0388947337633, 5743987.2550497809425 ], [ 541774.010632184101269, 5743987.215389178134501 ], [ 541773.98630913393572, 5743987.17318154592067 ], [ 541772.375560639309697, 5743984.920906182378531 ], [ 541770.768618735135533, 5743982.665896408259869 ], [ 541770.736617599497549, 5743982.629206091165543 ], [ 541770.708288143621758, 5743982.589593593962491 ], [ 541768.885257293353789, 5743980.506562341935933 ], [ 541767.065747923450544, 5743978.420435825362802 ], [ 541767.030316385091282, 5743978.387069127522409 ], [ 541766.998253360856324, 5743978.35043325740844 ], [ 541764.980497394339181, 5743976.456706756725907 ], [ 541762.965943108662032, 5743974.559553095139563 ], [ 541762.927422387059778, 5743974.529831340536475 ], [ 541762.891934585408308, 5743974.496524916030467 ], [ 541760.698885581106879, 5743972.810340195894241 ], [ 541758.508687586057931, 5743971.120429575443268 ], [ 541758.467448661103845, 5743971.09463899768889 ], [ 541758.428877841448411, 5743971.064982762560248 ], [ 541756.081655552843586, 5743969.602577904239297 ], [ 541753.736906891921535, 5743968.136184887029231 ], [ 541753.693346920073964, 5743968.114573861472309 ], [ 541753.652064530993812, 5743968.088853408582509 ], [ 541751.173273854888976, 5743966.864311788231134 ], [ 541748.69655541877728, 5743965.635557990521193 ], [ 541748.65109389112331, 5743965.618334629572928 ], [ 541748.607497510267422, 5743965.596797658130527 ], [ 541746.021010217373259, 5743964.621911870315671 ], [ 541743.436173866386525, 5743963.6426304532215 ], [ 541743.389248607680202, 5743963.629960625432432 ], [ 541743.343758074333891, 5743963.612814538180828 ], [ 541740.674483243725263, 5743962.89697299618274 ], [ 541738.006421793834306, 5743962.176594558171928 ], [ 541737.95848469377961, 5743962.168600269593298 ], [ 541737.911538118147291, 5743962.156010193750262 ], [ 541735.185181826585904, 5743961.706106548197567 ], [ 541732.459589769947343, 5743961.251568507403135 ], [ 541732.411102501675487, 5743961.248326746746898 ], [ 541732.363151975325309, 5743961.240413923747838 ], [ 541729.605969838099554, 5743961.060780802741647 ], [ 541726.849095821497031, 5743960.876460462808609 ], [ 541726.800525320228189, 5743960.87800244987011 ], [ 541726.752032638993114, 5743960.874843077734113 ], [ 541723.99057777132839, 5743960.967210396192968 ], [ 541721.228971027303487, 5743961.054882780648768 ], [ 541721.180785043514334, 5743961.061193664558232 ], [ 541721.132217210484669, 5743961.062818173319101 ], [ 541718.393083278904669, 5743961.426296371035278 ], [ 541715.6533392095007, 5743961.785117221996188 ], [ 541715.606001797132194, 5743961.796136227436364 ], [ 541715.557826532050967, 5743961.802528974600136 ], [ 541712.867392371175811, 5743962.433617656119168 ], [ 541710.17589573119767, 5743963.060131503269076 ], [ 541710.129862762056291, 5743963.075752511620522 ], [ 541710.082544015720487, 5743963.086851933039725 ], [ 541707.466719201416709, 5743963.97947367746383 ], [ 541704.849390420597047, 5743964.867647002451122 ], [ 541693.784289732109755, 5743969.240544090047479 ], [ 541693.147119755041786, 5743969.529344865120947 ], [ 541692.490462948568165, 5743969.770234332419932 ], [ 541690.586135044577532, 5743970.690124628134072 ], [ 541688.660013454733416, 5743971.563148754648864 ], [ 541688.054126168368384, 5743971.913216975517571 ], [ 541687.424165131873451, 5743972.21752087585628 ], [ 541685.618876282125711, 5743973.320249731652439 ], [ 541683.787320004077628, 5743974.378481265157461 ], [ 541683.218550371937454, 5743974.786445690318942 ], [ 541682.621351889101788, 5743975.151233516633511 ], [ 541680.932487810845487, 5743976.426181403920054 ], [ 541679.213135552825406, 5743977.659429341554642 ], [ 541678.686961089028046, 5743978.12136117182672 ], [ 541678.128276453004219, 5743978.543119935318828 ], [ 541676.572101715370081, 5743979.978008786216378 ], [ 541674.981511656660587, 5743981.374396656639874 ], [ 541674.502999682212248, 5743981.885847365483642 ], [ 541673.988209304283373, 5743982.360515427775681 ], [ 541672.579710677498952, 5743983.941526865586638 ], [ 541671.133201027056202, 5743985.487607086077332 ], [ 541670.706959877512418, 5743986.043651258572936 ], [ 541670.241021464113146, 5743986.566657439805567 ], [ 541668.993763600359671, 5743988.278565842658281 ], [ 541667.705265065655112, 5743989.959449224174023 ], [ 541667.335399700445123, 5743990.554731980897486 ], [ 541666.922800517524593, 5743991.121039565652609 ], [ 541665.848795291851275, 5743992.947358718141913 ], [ 541664.7307169403648, 5743994.746857799589634 ], [ 541664.420789424679242, 5743995.375646354630589 ], [ 541664.065503065823577, 5743995.979801625944674 ], [ 541663.175093911821023, 5743997.90294343046844 ], [ 541662.238203639746644, 5743999.803728401660919 ], [ 541661.991198818082921, 5744000.459967284463346 ], [ 541661.696646955912001, 5744001.096152006648481 ], [ 541660.998409252380952, 5744003.097595863044262 ], [ 541660.251730069634505, 5744005.081361434422433 ], [ 541660.070026826579124, 5744005.758730804547668 ], [ 541659.839046246604994, 5744006.420818262733519 ], [ 541659.3397047072649, 5744008.481289425864816 ], [ 541658.790427847183309, 5744010.528931108303368 ], [ 541658.675776195479557, 5744011.220907598733902 ], [ 541658.510591472848319, 5744011.902521607466042 ], [ 541658.214955374132842, 5744014.002176805399358 ], [ 541657.868371024029329, 5744016.093974880874157 ], [ 541657.821875244379044, 5744016.793894419446588 ], [ 541657.724077316350304, 5744017.488470720127225 ], [ 541657.634994172840379, 5744019.607089256867766 ], [ 541657.49444050877355, 5744021.722898670472205 ], [ 541657.516548509825952, 5744022.424020675942302 ], [ 541657.487079351791181, 5744023.124870152212679 ], [ 541657.605407477123663, 5744025.242048613727093 ], [ 541657.6722385014873, 5744027.361493011936545 ], [ 541657.762737502693199, 5744028.057065295986831 ], [ 541657.801881049876101, 5744028.757438386790454 ], [ 541658.126481274375692, 5744030.852787149138749 ], [ 541658.400053762714379, 5744032.955455089919269 ], [ 541658.558072337298654, 5744033.638778882101178 ], [ 541658.665451745386235, 5744034.33193059079349 ], [ 541659.193198372726329, 5744036.385270194150507 ], [ 541659.670878052711487, 5744038.450911721214652 ], [ 541659.894894515280612, 5744039.11540618725121 ], [ 541660.069475785363466, 5744039.79466104041785 ], [ 541660.79528668045532, 5744041.786216526292264 ], [ 541661.472473585163243, 5744043.794938189908862 ], [ 541661.760330642340705, 5744044.434203809127212 ], [ 541662.000432573258877, 5744045.093020140193403 ], [ 541662.917318089399487, 5744047.003611486405134 ], [ 541663.787490848335437, 5744048.936067960225046 ], [ 541664.13641637226101, 5744049.543948163278401 ], [ 541664.439726746059023, 5744050.175981120206416 ], [ 541665.538857027539052, 5744051.987207983620465 ], [ 541666.593635657452978, 5744053.82478834874928 ], [ 541667.000269372598268, 5744054.395428803749382 ], [ 541667.363867224194109, 5744054.9945914670825 ], [ 541698.445309746777639, 5744100.970859815366566 ], [ 541637.031151085742749, 5744105.540137863717973 ], [ 541637.016287551145069, 5744105.541982991620898 ], [ 541637.001315526780672, 5744105.542365413159132 ], [ 541634.226086182752624, 5744105.888351671397686 ], [ 541631.450675846193917, 5744106.232883335091174 ], [ 541631.436064141220413, 5744106.236181224696338 ], [ 541631.421201572404243, 5744106.238034125417471 ], [ 541628.693136361194775, 5744106.855264737270772 ], [ 541625.964749767677858, 5744107.471065386198461 ], [ 541625.9505306170322, 5744107.475784277543426 ], [ 541625.935920627089217, 5744107.47908981051296 ], [ 541623.281292463070713, 5744108.361620609648526 ], [ 541620.626204364118166, 5744109.242760088294744 ], [ 541620.612514688866213, 5744109.248854544013739 ], [ 541620.5982979927212, 5744109.253580876626074 ], [ 541618.04267263552174, 5744110.392912578769028 ], [ 541615.486451900214888, 5744111.53090569190681 ], [ 541615.473423544550315, 5744111.538317018188536 ], [ 541615.459737047203816, 5744111.544418636709452 ], [ 541613.027724435902201, 5744112.929580031894147 ], [ 541610.594990294193849, 5744114.313466884195805 ], [ 541610.582748737884685, 5744114.322123701684177 ], [ 541610.569724234635942, 5744114.329541844315827 ], [ 541608.284746043616906, 5744115.947193527594209 ], [ 541605.998926453874446, 5744117.563646981492639 ], [ 541605.987589575583115, 5744117.573465928435326 ], [ 541605.975352511857636, 5744117.582129159010947 ], [ 541603.859414837090299, 5744119.416692335158587 ], [ 541601.742522632353939, 5744121.250145966187119 ], [ 541601.732199616380967, 5744121.261032480746508 ], [ 541601.720867836032994, 5744121.270857369527221 ], [ 541599.794347840943374, 5744123.304665096104145 ], [ 541597.866770170861855, 5744125.337461880408227 ], [ 541597.857560433447361, 5744125.349311124533415 ], [ 541597.847243067692034, 5744125.360203055664897 ], [ 541596.128694965387695, 5744127.573668353259563 ], [ 541594.408994737197645, 5744129.786232691258192 ], [ 541594.400986966560595, 5744129.798930560238659 ], [ 541594.391783384606242, 5744129.810784636065364 ], [ 541592.897757657105103, 5744132.182591198012233 ], [ 541592.567182193510234, 5744132.706782371737063 ], [ 541583.397008894011378, 5744132.019741410389543 ], [ 541582.798537463997491, 5744132.004456328228116 ], [ 541582.20302929810714, 5744131.942853261716664 ], [ 541579.989059308543801, 5744131.932701146230102 ], [ 541577.775783226359636, 5744131.876172567717731 ], [ 541577.178700273856521, 5744131.919813496991992 ], [ 541576.580041226698086, 5744131.917068070732057 ], [ 541567.669983238331042, 5744132.315270905382931 ], [ 541531.108344851410948, 5744133.926427177153528 ], [ 541525.509585310588591, 5744134.450214789249003 ], [ 541519.988956533488818, 5744135.522050516679883 ] ], [ [ 541798.786715619033203, 5744314.108931447379291 ], [ 541803.57214591302909, 5744303.533051411621273 ], [ 541809.736130388570018, 5744302.996552594006062 ], [ 541807.103411492542364, 5744318.068266277201474 ], [ 541798.786715619033203, 5744314.108931447379291 ] ], [ [ 541701.65958055795636, 5744798.401218916289508 ], [ 541701.555306624504738, 5744798.398174745030701 ], [ 541701.451784755219705, 5744798.385268739424646 ], [ 541698.745002357522026, 5744798.316130336374044 ], [ 541696.038488149642944, 5744798.237115132622421 ], [ 541695.934418919612654, 5744798.244339694269001 ], [ 541695.830134658841416, 5744798.241675948724151 ], [ 541693.129631400690414, 5744798.439049571752548 ], [ 541690.42843009356875, 5744798.626567585393786 ], [ 541690.325567784020677, 5744798.643991299904883 ], [ 541690.221525433589704, 5744798.651595468632877 ], [ 541687.553308078669943, 5744799.113580376841128 ], [ 541684.883433271083049, 5744799.565825767815113 ], [ 541684.782768494565971, 5744799.59328084345907 ], [ 541684.679970008903183, 5744799.611079699359834 ], [ 541682.069734495598823, 5744800.33322689216584 ], [ 541679.456898036645725, 5744801.045844461768866 ], [ 541679.359400220331736, 5744801.083066500723362 ], [ 541679.25883559929207, 5744801.110888636671007 ], [ 541676.731719512143172, 5744802.086243692785501 ], [ 541674.201083981664851, 5744803.052370816469193 ], [ 541674.107692076009698, 5744803.099001356400549 ], [ 541674.010329787153751, 5744803.136578842997551 ], [ 541671.590670358622447, 5744804.355748840607703 ], [ 541669.166606681188568, 5744805.566081576049328 ], [ 541669.078220073832199, 5744805.621671566739678 ], [ 541668.984997769934125, 5744805.668642521835864 ], [ 541666.696097194449976, 5744807.11988665163517 ], [ 541664.401950267376378, 5744808.562769183889031 ], [ 541664.319420183077455, 5744808.626783263869584 ], [ 541664.231235612533055, 5744808.682695358991623 ], [ 541662.095136930816807, 5744810.352037887088954 ], [ 541659.953000526991673, 5744812.013574846088886 ], [ 541659.877121756086126, 5744812.085396552458405 ], [ 541659.794824190437794, 5744812.149711333215237 ], [ 541657.83209921582602, 5744814.02107597142458 ], [ 541655.862603012472391, 5744815.885266434401274 ], [ 541655.794106308021583, 5744815.964204103685915 ], [ 541655.718488312908448, 5744816.036302204243839 ], [ 541653.948039242182858, 5744818.091667056083679 ], [ 541653.634520443622023, 5744818.452975415624678 ], [ 541653.929447711096145, 5744813.505645238794386 ], [ 541653.713350747711957, 5744807.867897533811629 ], [ 541648.411306298105046, 5744747.246509392745793 ], [ 541647.085984856938012, 5744730.613239173777401 ], [ 541650.483436213224195, 5744730.324401330202818 ], [ 541656.013260195148177, 5744729.299293568357825 ], [ 541661.416304993093945, 5744727.735324388369918 ], [ 541666.640535439713858, 5744725.647556233219802 ], [ 541671.635638574138284, 5744723.056096174754202 ], [ 541676.353508213302121, 5744719.98590225353837 ], [ 541680.748708263388835, 5744716.466543079353869 ], [ 541684.7789103112882, 5744712.531913029961288 ], [ 541688.405301279504783, 5744708.219905795529485 ], [ 541691.592957218177617, 5744703.57204940635711 ], [ 541694.311179634882137, 5744698.633106248453259 ], [ 541696.533791123540141, 5744693.450641931034625 ], [ 541698.239387445501052, 5744688.074567181989551 ], [ 541699.411543636117131, 5744682.556657155975699 ], [ 541700.03897215356119, 5744676.950052770785987 ], [ 541700.115631546359509, 5744671.308748923242092 ], [ 541699.728701018146239, 5744666.727910124696791 ], [ 541740.611926391604356, 5744662.161600116640329 ], [ 541724.898675618576817, 5744761.464230220764875 ], [ 541719.860865390626714, 5744789.848159384913743 ], [ 541715.570823360234499, 5744791.883171039633453 ], [ 541715.162873823777772, 5744792.101871482096612 ], [ 541714.738431997713633, 5744792.286294103600085 ], [ 541713.803400699747726, 5744792.807184114120901 ], [ 541712.838521242374554, 5744793.270050435326993 ], [ 541711.741716672899202, 5744793.935941946692765 ], [ 541710.611023878795095, 5744794.542102046310902 ], [ 541710.226404819404706, 5744794.799866380169988 ], [ 541709.822024055058137, 5744795.025139758363366 ], [ 541708.942383887246251, 5744795.635470788925886 ], [ 541708.027370577328838, 5744796.19099272787571 ], [ 541707.000902168569155, 5744796.961535567417741 ], [ 541705.934873156365938, 5744797.675967112183571 ], [ 541705.577288628323004, 5744797.970313003286719 ], [ 541705.19686329131946, 5744798.234267707914114 ], [ 541704.563292856328189, 5744798.773178 ], [ 541704.345342876855284, 5744798.746006381697953 ], [ 541701.65958055795636, 5744798.401218916289508 ] ], [ [ 541640.397538725519553, 5744471.548486705869436 ], [ 541641.57691760500893, 5744470.061033125966787 ], [ 541641.724472782691009, 5744469.831995435990393 ], [ 541641.891669831238687, 5744469.61697140801698 ], [ 541642.178047547582537, 5744469.163071259856224 ], [ 541642.499450287548825, 5744468.733422596007586 ], [ 541643.540502049960196, 5744467.013122794218361 ], [ 541644.62940675241407, 5744465.322905106469989 ], [ 541644.753875005641021, 5744465.080460020340979 ], [ 541644.89925962628331, 5744464.850029565393925 ], [ 541645.139913452556357, 5744464.370153296738863 ], [ 541645.417792930151336, 5744463.910967402160168 ], [ 541646.285762828891166, 5744462.096576568670571 ], [ 541647.20429417595733, 5744460.307417216710746 ], [ 541647.304476827266626, 5744460.053899672813714 ], [ 541647.426648919004947, 5744459.810281994752586 ], [ 541647.619261287269183, 5744459.309051150456071 ], [ 541647.850941417273134, 5744458.824750327505171 ], [ 541648.537470654817298, 5744456.933742341585457 ], [ 541649.124159691040404, 5744455.449093663133681 ], [ 541649.941516823368147, 5744465.644795012660325 ], [ 541642.439952204935253, 5744501.204052459448576 ], [ 541642.016724113607779, 5744495.060696776024997 ], [ 541640.397538725519553, 5744471.548486705869436 ] ], [ [ 541476.904323493479751, 5744484.965408709831536 ], [ 541478.398484801757149, 5744484.664890272542834 ], [ 541482.024065000703558, 5744510.759587729349732 ], [ 541482.076740205171518, 5744511.037995642982423 ], [ 541482.104731680243276, 5744511.319980051368475 ], [ 541483.631771609303541, 5744521.571235965006053 ], [ 541479.704760339809582, 5744522.87639987282455 ], [ 541478.65483911393676, 5744523.344362186267972 ], [ 541472.537576243164949, 5744509.26522964052856 ], [ 541471.842393382801674, 5744507.858082838356495 ], [ 541471.208923076861538, 5744506.421909293159842 ], [ 541471.197028737398796, 5744506.40081353019923 ], [ 541471.187234060489573, 5744506.378657947294414 ], [ 541470.583781114080921, 5744505.310475830920041 ], [ 541470.040287777897902, 5744504.210369126871228 ], [ 541469.210979472962208, 5744502.878361862152815 ], [ 541468.440250731306151, 5744501.511398924514651 ], [ 541468.426352693815716, 5744501.491574424318969 ], [ 541468.41444066062104, 5744501.47048872243613 ], [ 541467.709536195616238, 5744500.466793168336153 ], [ 541467.061183679266833, 5744499.425430444069207 ], [ 541466.105736759025604, 5744498.181390415877104 ], [ 541465.205172264366411, 5744496.896802428178489 ], [ 541465.18940437247511, 5744496.878440102562308 ], [ 541465.175489708548412, 5744496.858627353794873 ], [ 541464.375922433682717, 5744495.929084293544292 ], [ 541463.628954811254516, 5744494.956494221463799 ], [ 541462.556570829008706, 5744493.812401926144958 ], [ 541461.534843606757931, 5744492.622559900395572 ], [ 541461.517357714241371, 5744492.605836584232748 ], [ 541461.50157442712225, 5744492.587487590499222 ], [ 541460.615044654463418, 5744491.74104880541563 ], [ 541459.776655682479031, 5744490.846597734838724 ], [ 541458.597662329324521, 5744489.81347113288939 ], [ 541457.464612185955048, 5744488.729833584278822 ], [ 541457.445576686528511, 5744488.714910328388214 ], [ 541457.428076783427969, 5744488.698201797902584 ], [ 541456.463122266228311, 5744487.943018717691302 ], [ 541455.541386104538105, 5744487.135320484638214 ], [ 541454.26713769196067, 5744486.223108844831586 ], [ 541453.033676505088806, 5744485.256111520342529 ], [ 541453.013274739962071, 5744485.243132047355175 ], [ 541452.99422673380468, 5744485.228224876336753 ], [ 541452.495618435903452, 5744484.911603805609047 ], [ 541453.873129733721726, 5744484.423270609229803 ], [ 541454.866575614432804, 5744483.956685431301594 ], [ 541460.088681786553934, 5744484.990682410076261 ], [ 541465.685695373802446, 5744485.535258460789919 ], [ 541471.308961336035281, 5744485.526806764304638 ], [ 541476.904323493479751, 5744484.965408709831536 ] ], [ [ 542021.965137477498502, 5744852.354438389651477 ], [ 542021.817554701585323, 5744852.47116638533771 ], [ 542021.801284370594658, 5744852.252359752543271 ], [ 542021.965137477498502, 5744852.354438389651477 ] ], [ [ 541904.055060297483578, 5744686.518448275513947 ], [ 541904.82569075783249, 5744685.241611015051603 ], [ 541907.252908644033596, 5744680.152386362664402 ], [ 541909.171235135989264, 5744674.848981436342001 ], [ 541910.562196510261856, 5744669.382471604272723 ], [ 541911.412397973472252, 5744663.805502851493657 ], [ 541911.713652627309784, 5744658.171784740872681 ], [ 541911.463060273323208, 5744652.535573180764914 ], [ 541910.663035302888602, 5744646.95114787388593 ], [ 541909.844397219596431, 5744643.608352924697101 ], [ 542002.612344508641399, 5744634.76966914255172 ], [ 542014.523281474830583, 5744678.756353818811476 ], [ 541966.672474936232902, 5744682.778591434471309 ], [ 541949.923420514562167, 5744684.111894738860428 ], [ 541904.055060297483578, 5744686.518448275513947 ] ], [ [ 542010.577542220824398, 5744451.357042673975229 ], [ 542010.573955345898867, 5744451.354152734391391 ], [ 541995.835291622555815, 5744440.62879766523838 ], [ 541991.126839809236117, 5744437.544415329582989 ], [ 541986.139729122631252, 5744434.937905276194215 ], [ 541980.921987560577691, 5744432.834368755109608 ], [ 541975.523864065413363, 5744431.254063243046403 ], [ 541969.997344628325664, 5744430.212207381613553 ], [ 541964.395651670172811, 5744429.718834427185357 ], [ 541958.772731518140063, 5744429.778695645742118 ], [ 541953.182734912727028, 5744430.39121457003057 ], [ 541947.679495547548868, 5744431.550492525100708 ], [ 541942.316011661081575, 5744433.245365461334586 ], [ 541937.143935670494102, 5744435.459511431865394 ], [ 541932.213076765532605, 5744438.171607758849859 ], [ 541927.570921245962381, 5744441.355536361224949 ], [ 541925.937611328205094, 5744442.729697607457638 ], [ 541930.327529387897812, 5744417.448998927138746 ], [ 541942.450002615922131, 5744351.538236947730184 ], [ 541962.852178308065049, 5744370.863414855673909 ], [ 541962.852709436323494, 5744370.863870630040765 ], [ 541962.853193492162973, 5744370.864376425743103 ], [ 542037.416627489496022, 5744441.487513700500131 ], [ 542021.112691304530017, 5744459.025775872170925 ], [ 542010.58139375236351, 5744451.359566583298147 ], [ 542010.577542220824398, 5744451.357042673975229 ] ], [ [ 542215.834759069839492, 5744621.607122229412198 ], [ 542215.842246593092568, 5744621.606971248053014 ], [ 542217.653851893614046, 5744621.391000458970666 ], [ 542219.471804049331695, 5744621.2378482054919 ], [ 542220.436999943922274, 5744621.059687128290534 ], [ 542221.411569815594703, 5744620.943762036040425 ], [ 542221.418884531012736, 5744620.942150330170989 ], [ 542221.426321233389899, 5744620.941263759508729 ], [ 542223.208103072363883, 5744620.548181324265897 ], [ 542225.002338421880268, 5744620.216990783810616 ], [ 542225.945480593596585, 5744619.944771135225892 ], [ 542226.904031850514002, 5744619.733565961010754 ], [ 542226.911153870401904, 5744619.731242701411247 ], [ 542226.918468158342876, 5744619.729629078879952 ], [ 542228.653266704990529, 5744619.163220722228289 ], [ 542230.406505447579548, 5744618.657181573100388 ], [ 542231.31851073668804, 5744618.293525075539947 ], [ 542232.251811867812648, 5744617.989073926582932 ], [ 542232.258672619587742, 5744617.986061476171017 ], [ 542232.265794033184648, 5744617.983736344613135 ], [ 542249.987185707781464, 5744611.216058004647493 ], [ 542274.719397886539809, 5744616.355362352915108 ], [ 542280.596247918787412, 5744657.842501775361598 ], [ 542145.120301676099189, 5744668.415660340338945 ], [ 542135.239743261248805, 5744627.188978245481849 ], [ 542215.827322131837718, 5744621.608006849884987 ], [ 542215.834759069839492, 5744621.607122229412198 ] ] ] } },
{ "type": "Feature", "properties": { "iso_cat_merged": 10, "color": "#f1c40f" }, "geometry": { "type": "Polygon", "coordinates": [ [ [ 541072.053167369100265, 5743983.026849931105971 ], [ 541071.546785388258286, 5743983.56227121129632 ], [ 541071.003070488222875, 5743984.059478712268174 ], [ 541069.612500364193693, 5743985.607480386272073 ], [ 541068.182795406784862, 5743987.119173100218177 ], [ 541067.731160280760378, 5743987.701813104562461 ], [ 541067.238638628274202, 5743988.250094588845968 ], [ 541066.005997988395393, 5743989.927389131858945 ], [ 541064.730863717966713, 5743991.572397992014885 ], [ 541064.3383249664912, 5743992.19664571993053 ], [ 541063.901739836088382, 5743992.790721067227423 ], [ 541062.838899796130136, 5743994.581155584193766 ], [ 541061.730616551358253, 5743996.343638641759753 ], [ 541061.400954588199966, 5743997.003482370637357 ], [ 541061.024510582676157, 5743997.63763044308871 ], [ 541060.141707057016902, 5743999.523962400853634 ], [ 541059.210948381107301, 5744001.386946340091527 ], [ 541058.947338107507676, 5744002.076031533069909 ], [ 541058.634660661104135, 5744002.744145252741873 ], [ 541057.940395765006542, 5744004.708208563737571 ], [ 541057.196125620277599, 5744006.653752124868333 ], [ 541057.001105848583393, 5744007.3654426028952 ], [ 541056.755206305766478, 5744008.061087778769433 ], [ 541056.256166485720314, 5744010.083967688493431 ], [ 541055.705552896717563, 5744012.09333448112011 ], [ 541055.581001887447201, 5744012.820776362903416 ], [ 541055.404248508391902, 5744013.537253622896969 ], [ 541055.105240129982121, 5744015.599468880333006 ], [ 541054.753586147096939, 5744017.653307799249887 ], [ 541054.700703523820266, 5744018.389495466835797 ], [ 541054.594798663514666, 5744019.119904805906117 ], [ 541054.498701708507724, 5744021.201595284044743 ], [ 541054.349394325166941, 5744023.280126840807498 ], [ 541054.368689512019046, 5744024.017970434390008 ], [ 541054.334653226076625, 5744024.755277648568153 ], [ 541054.442393548437394, 5744026.836395574733615 ], [ 541054.496871062670834, 5744028.919602424837649 ], [ 541057.062012712005526, 5744063.024094820953906 ], [ 541056.355254045454785, 5744063.52547256462276 ], [ 541054.210362397599965, 5744065.024923499673605 ], [ 541054.060011050198227, 5744065.153727572411299 ], [ 541053.898582972935401, 5744065.26824529375881 ], [ 541051.922260210383683, 5744066.985110863111913 ], [ 541049.934186720522121, 5744068.688266706652939 ], [ 541049.797142976778559, 5744068.831235876306891 ], [ 541049.647680110647343, 5744068.961076745763421 ], [ 541047.84860448341351, 5744070.864023771136999 ], [ 541046.036495351581834, 5744072.754482661373913 ], [ 541045.914079020381905, 5744072.910240088589489 ], [ 541045.778020768077113, 5744073.054153702221811 ], [ 541044.173518382594921, 5744075.124856248497963 ], [ 541042.554825230501592, 5744077.184412529692054 ], [ 541042.448215250158682, 5744077.351458228193223 ], [ 541042.326871935743839, 5744077.508058651350439 ], [ 541040.932395165553316, 5744079.726575154811144 ], [ 541039.522706989664584, 5744081.935394691303372 ], [ 541039.432930087205023, 5744082.112119951285422 ], [ 541039.327470323070884, 5744082.279899079352617 ], [ 541038.303830146323889, 5744084.329734242521226 ], [ 541036.157258247025311, 5744084.504811123944819 ], [ 541035.471394388354383, 5744084.594915520399809 ], [ 541034.780765873147175, 5744084.633867266587913 ], [ 541032.684929718263447, 5744084.960982822813094 ], [ 541030.581837271805853, 5744085.23727260902524 ], [ 541029.908078778884374, 5744085.394389551132917 ], [ 541029.22458116884809, 5744085.501068692654371 ], [ 541027.170794649748132, 5744086.032709278166294 ], [ 541025.104821199434809, 5744086.514482421800494 ], [ 541024.449656625976786, 5744086.737098842859268 ], [ 541023.779872245155275, 5744086.910478046163917 ], [ 541021.787914060521871, 5744087.641523861326277 ], [ 541019.778955742367543, 5744088.324140804819763 ], [ 541019.148694577859715, 5744088.610112857073545 ], [ 541018.499073702143505, 5744088.848522459156811 ], [ 541016.588127190130763, 5744089.771933374926448 ], [ 541014.655531059368514, 5744090.648820399306715 ], [ 541014.056242975988425, 5744090.995394103229046 ], [ 541013.433041711570695, 5744091.296538178808987 ], [ 541011.621510087279603, 5744092.403421546332538 ], [ 541009.783887834171765, 5744093.466134057380259 ], [ 541009.221344219986349, 5744093.869971846230328 ], [ 541008.630564273451455, 5744094.230950303375721 ], [ 541006.935893388232216, 5744095.510646570473909 ], [ 541005.210942126112059, 5744096.748950423672795 ], [ 541004.690560548915528, 5744097.206163225695491 ], [ 541004.137891386868432, 5744097.623499772511423 ], [ 541002.576401702477597, 5744099.063685163855553 ], [ 541000.980733561795205, 5744100.465655179694295 ], [ 541000.507525557419285, 5744100.971839915029705 ], [ 540999.998289656010456, 5744101.441515504382551 ], [ 540998.58501913479995, 5744103.028320631943643 ], [ 540997.134001222904772, 5744104.580455472692847 ], [ 540996.712524044793099, 5744105.130737434141338 ], [ 540996.251625619945116, 5744105.648228954523802 ], [ 540995.000184861361049, 5744107.36637242231518 ], [ 540993.707791312364861, 5744109.053724576719105 ], [ 540993.342104042996652, 5744109.642804377712309 ], [ 540992.933981819543988, 5744110.203128236345947 ], [ 540991.856422995217144, 5744112.036063756793737 ], [ 540990.735100375837646, 5744113.842383485287428 ], [ 540990.428724835976027, 5744114.464588081464171 ], [ 540990.077309298794717, 5744115.062348172999918 ], [ 540989.184010072960518, 5744116.992423930205405 ], [ 540988.244557517231442, 5744118.900315742008388 ], [ 540988.000444342847914, 5744119.549653074704111 ], [ 540987.709119885461405, 5744120.179092748090625 ], [ 540987.008683465537615, 5744122.187721369788051 ], [ 540986.260148666333407, 5744124.178811528719962 ], [ 540986.080648896750063, 5744124.849028213880956 ], [ 540985.852221218636259, 5744125.504085722379386 ], [ 540985.351393492659554, 5744127.571923268027604 ], [ 540984.800985557027161, 5744129.627036747522652 ], [ 540984.687827981659211, 5744130.311678294092417 ], [ 540984.524497071863152, 5744130.986045153811574 ], [ 540984.228101631393656, 5744133.093177419155836 ], [ 540983.881121639744379, 5744135.192522532306612 ], [ 540983.835396149079315, 5744135.884995523840189 ], [ 540983.738735091523267, 5744136.57217726111412 ], [ 540983.649626765865833, 5744138.698311533778906 ], [ 540983.509416705113836, 5744140.821670559234917 ], [ 540983.531563788536005, 5744141.515306119807065 ], [ 540983.502503607654944, 5744142.208684837445617 ], [ 540983.621540954103693, 5744144.33334532007575 ], [ 540983.689451519516297, 5744146.460269192233682 ], [ 540983.779258018359542, 5744147.148387230932713 ], [ 540983.818078709766269, 5744147.84128531254828 ], [ 540985.531173472991213, 5744164.112511931918561 ], [ 540984.563974893419072, 5744164.544287390075624 ], [ 540983.151706282515079, 5744165.349594901315868 ], [ 540981.707367408438586, 5744166.095454622060061 ], [ 540980.708822894492187, 5744166.742581564001739 ], [ 540979.675332903047092, 5744167.331900365650654 ], [ 540978.348539796192199, 5744168.272210059687495 ], [ 540976.98402297811117, 5744169.156511961482465 ], [ 540976.053508249926381, 5744169.898717954754829 ], [ 540975.082568651880138, 5744170.58683062903583 ], [ 540973.854028658010066, 5744171.653087109327316 ], [ 540972.582474846160039, 5744172.667315148748457 ], [ 540971.728951212600805, 5744173.49745255894959 ], [ 540970.829912618384697, 5744174.277732422575355 ], [ 540969.711457215249538, 5744175.45966733340174 ], [ 540968.545112088788301, 5744176.594054263085127 ], [ 540967.776799422223121, 5744177.504128640517592 ], [ 540966.958320052595809, 5744178.369061384350061 ], [ 540965.960720573086292, 5744179.655292364768684 ], [ 540964.910816683783196, 5744180.89891370665282 ], [ 540964.235114297596738, 5744181.880160748027265 ], [ 540963.505076562636532, 5744182.821416830644011 ], [ 540962.637940498185344, 5744184.199557075276971 ], [ 540961.714589056442492, 5744185.540436371229589 ], [ 540961.138004396576434, 5744186.583406357094646 ], [ 540960.503439029678702, 5744187.591921175830066 ], [ 540959.775117499288172, 5744189.048698711208999 ], [ 540958.987210998544469, 5744190.473922848701477 ], [ 540958.51529700239189, 5744191.568571598269045 ], [ 540957.982315317960456, 5744192.634632796980441 ], [ 540957.399822627659887, 5744194.156018314883113 ], [ 540956.754949210560881, 5744195.651861862279475 ], [ 540956.392250817501917, 5744196.787647461518645 ], [ 540955.965985856950283, 5744197.900988473556936 ], [ 540955.534931948059238, 5744199.47233041189611 ], [ 540955.039302315562963, 5744201.02438778616488 ], [ 540954.789312682580203, 5744202.19037215039134 ], [ 540954.473869785084389, 5744203.34027102869004 ], [ 540954.198406201787293, 5744204.946436664089561 ], [ 540953.856793788960204, 5744206.539760876446962 ], [ 540953.721920652547851, 5744207.724715039134026 ], [ 540953.520337901543826, 5744208.900097736157477 ], [ 540953.403117790468968, 5744210.525618930347264 ], [ 540953.218812795472331, 5744212.144865515641868 ], [ 540953.200355274020694, 5744213.337377775460482 ], [ 540953.114574233535677, 5744214.526924775913358 ], [ 540953.156726788147353, 5744216.1561469277367 ], [ 540953.131504468037747, 5744217.785721709020436 ], [ 540953.229640539735556, 5744218.974307536147535 ], [ 540953.260487550171092, 5744220.166562885046005 ], [ 540954.525409560767002, 5744237.046873721294105 ], [ 540954.208884235238656, 5744237.366008848883212 ], [ 540953.265919652534649, 5744238.219504499807954 ], [ 540952.2269111542264, 5744239.364323102869093 ], [ 540951.138371316133998, 5744240.46183745842427 ], [ 540950.335121553973295, 5744241.448767265304923 ], [ 540949.480080612353049, 5744242.390882887877524 ], [ 540948.557919399347156, 5744243.632363616488874 ], [ 540947.581843872438185, 5744244.831638707779348 ], [ 540946.878881112788804, 5744245.892806800082326 ], [ 540946.119998346897773, 5744246.914469556882977 ], [ 540945.323565402883105, 5744248.240656563080847 ], [ 540944.469354401691817, 5744249.530142987146974 ], [ 540943.873448644066229, 5744250.655329961329699 ], [ 540943.218032586504705, 5744251.746700902469456 ], [ 540942.554998127976432, 5744253.14482253510505 ], [ 540941.830878287437372, 5744254.512102108448744 ], [ 540941.347768550505862, 5744255.690472007729113 ], [ 540940.802131340838969, 5744256.841040834784508 ], [ 540940.278880924335681, 5744258.297632649540901 ], [ 540939.691826086957008, 5744259.729537945240736 ], [ 540939.326165148173459, 5744260.949742598459125 ], [ 540938.895561724435538, 5744262.14842889085412 ], [ 540938.517134755500592, 5744263.649463302455842 ], [ 540938.072798791341484, 5744265.132204495370388 ], [ 540937.828108357032761, 5744266.382492801174521 ], [ 540937.51668585697189, 5744267.617752691730857 ], [ 540937.286727043101564, 5744269.14877406321466 ], [ 540936.989389398368075, 5744270.668071696534753 ], [ 540936.868026189040393, 5744271.936402791179717 ], [ 540936.678783994633704, 5744273.196340160444379 ], [ 540936.599508237908594, 5744274.742604019120336 ], [ 540936.452032708562911, 5744276.283826521597803 ], [ 540936.455165750463493, 5744277.557985739782453 ], [ 540936.38992659735959, 5744278.830466764979064 ], [ 540936.462097653653473, 5744280.377081785351038 ], [ 540936.465904795913957, 5744281.925386384129524 ], [ 540936.593504154472612, 5744283.193102884106338 ], [ 540936.652896568994038, 5744284.46587289404124 ], [ 540939.464649946545251, 5744313.800553534179926 ], [ 540946.661685716593638, 5744406.165183859877288 ], [ 540932.145917388610542, 5744407.390512337908149 ], [ 540932.143634920008481, 5744407.390818771906197 ], [ 540932.141333499108441, 5744407.390899463556707 ], [ 540920.052114771562628, 5744408.412356227636337 ], [ 540914.478631246252917, 5744409.161075061187148 ], [ 540909.005131583660841, 5744410.454273293726146 ], [ 540903.684327634517103, 5744412.279497192241251 ], [ 540898.567460815305822, 5744414.619169496931136 ], [ 540893.703808659571223, 5744417.450758679769933 ], [ 540889.140210272627883, 5744420.746995906345546 ], [ 540884.920615267474204, 5744424.476137609221041 ], [ 540881.085660517215729, 5744428.602271161973476 ], [ 540877.672278806567192, 5744433.085660693235695 ], [ 540874.713343144510873, 5744437.883129727095366 ], [ 540872.237350169452839, 5744442.948476963676512 ], [ 540870.268145692883991, 5744448.232921170070767 ], [ 540868.824695026385598, 5744453.685570948757231 ], [ 540867.920900303986855, 5744459.253914831206203 ], [ 540867.565466562984511, 5744464.884326946921647 ], [ 540867.761817870894447, 5744470.522583493031561 ], [ 540868.508064308785833, 5744476.114384897984564 ], [ 540869.797020132886246, 5744481.605878780595958 ], [ 540871.616272937739268, 5744486.944178582169116 ], [ 540873.948303157812916, 5744492.077872907742858 ], [ 540876.770652759238146, 5744496.95752068888396 ], [ 540880.056141495588236, 5744501.536127326078713 ], [ 540882.323241954436526, 5744504.118246396072209 ], [ 540887.07593253091909, 5744570.496839750558138 ], [ 540887.091327665606514, 5744570.624079291708767 ], [ 540887.094786626868881, 5744570.752205884084105 ], [ 540888.602675756206736, 5744590.57614588085562 ], [ 540885.180447592632845, 5744592.549084350466728 ], [ 540880.60283374262508, 5744595.825893951579928 ], [ 540876.367392791667953, 5744599.537079749628901 ], [ 540872.514914209139533, 5744603.64690204244107 ], [ 540869.082499534939416, 5744608.115782042965293 ], [ 540866.103205066872761, 5744612.900683023035526 ], [ 540863.60572350223083, 5744617.955524710007012 ], [ 540861.614107592147775, 5744623.231627057306468 ], [ 540860.147538476274349, 5744628.678179013542831 ], [ 540859.220140928169712, 5744634.242727831937373 ], [ 540858.840847290121019, 5744639.871684217825532 ], [ 540859.013311412069015, 5744645.510838377289474 ], [ 540859.735873422818258, 5744651.105882117524743 ], [ 540861.001575674745254, 5744656.602931832894683 ], [ 540862.798229710897431, 5744661.949047467671335 ], [ 540865.108533610124141, 5744667.092742368578911 ], [ 540867.910238581011072, 5744671.984479152597487 ], [ 540871.176363204605877, 5744676.57714680954814 ], [ 540871.270675707957707, 5744676.685489310882986 ], [ 540883.218441247125156, 5744829.053948792628944 ], [ 540883.93403725058306, 5744834.650011246092618 ], [ 540885.192906629177742, 5744840.148759806528687 ], [ 540886.982926731114276, 5744845.49723806604743 ], [ 540889.286859525367618, 5744850.643936617299914 ], [ 540892.082517580245622, 5744855.539289148524404 ], [ 540895.342977713677101, 5744860.136149831116199 ], [ 540899.036840257467702, 5744864.390247389674187 ], [ 540899.68660506233573, 5744865.004865465685725 ], [ 540899.761904337326996, 5744866.593491173349321 ], [ 540900.578318269690499, 5744872.175669581629336 ], [ 540901.936163817415945, 5744877.650686622597277 ], [ 540903.822365117142908, 5744882.965814403258264 ], [ 540906.218757836613804, 5744888.069864662364125 ], [ 540909.102264075540006, 5744892.913681795820594 ], [ 540912.445114592206664, 5744897.450616269372404 ], [ 540916.215116218314506, 5744901.636973914690316 ], [ 540920.375961883924901, 5744905.432436771690845 ], [ 540924.887580270413309, 5744908.800451403483748 ], [ 540929.706521724001504, 5744911.708580984733999 ], [ 540934.786376709584147, 5744914.128817701712251 ], [ 540940.078222780372016, 5744916.037852534092963 ], [ 540945.531095753074624, 5744917.417299767024815 ], [ 540951.092480551218614, 5744918.253874063491821 ], [ 540956.708816991187632, 5744918.539518446661532 ], [ 540958.571328477468342, 5744918.450645165517926 ], [ 540961.031926041934639, 5744920.533688759431243 ], [ 540965.502636798541062, 5744923.956186443567276 ], [ 540970.286190466606058, 5744926.922559597529471 ], [ 540975.33651833771728, 5744929.404239491559565 ], [ 540980.604982347111218, 5744931.377325350418687 ], [ 540986.040843509952538, 5744932.822814588434994 ], [ 540989.127947867964394, 5744933.325553328730166 ], [ 540991.871893121744506, 5744965.924941362813115 ], [ 540991.131732370704412, 5744968.707155891694129 ], [ 540990.221082916832529, 5744974.274707305245101 ], [ 540989.858750227023847, 5744979.905004817992449 ], [ 540990.04822480911389, 5744985.543825728818774 ], [ 540990.787682970869355, 5744991.136865036562085 ], [ 540992.070004344568588, 5744996.630258443765342 ], [ 540993.882840419188142, 5745001.971101098693907 ], [ 540995.138030183501542, 5745004.743253609165549 ], [ 541000.607441431726329, 5745069.77275029104203 ], [ 541000.856583345797844, 5745071.63720497302711 ], [ 541001.0447731197346, 5745073.508841724134982 ], [ 541001.230008418788202, 5745074.431732502765954 ], [ 541001.354691848158836, 5745075.36480107717216 ], [ 541001.784785931697115, 5745077.19577878434211 ], [ 541002.154923041234724, 5745079.039897908456624 ], [ 541002.429430222837254, 5745079.940129487775266 ], [ 541002.644671422429383, 5745080.85644444450736 ], [ 541003.251575953327119, 5745082.636311708018184 ], [ 541003.800096095888875, 5745084.435153188183904 ], [ 541004.161231656908058, 5745085.304055752232671 ], [ 541004.46495788928587, 5745086.194792392663658 ], [ 541005.242828329093754, 5745087.906407910399139 ], [ 541005.964449241757393, 5745089.642647714354098 ], [ 541006.408735377015546, 5745090.471853136084974 ], [ 541006.798021728754975, 5745091.328433069400489 ], [ 541007.739367003669031, 5745092.955312796868384 ], [ 541008.627139317337424, 5745094.612229719758034 ], [ 541009.150297411018983, 5745095.393752156756818 ], [ 541009.621394952060655, 5745096.207925904542208 ], [ 541010.717149574309587, 5745097.734401798807085 ], [ 541011.762523743440397, 5745099.296038529835641 ], [ 541012.359515571501106, 5745100.022351335734129 ], [ 541012.907887454493903, 5745100.786277805455029 ], [ 541014.147498824051581, 5745102.197648731060326 ], [ 541015.340407452778891, 5745103.648965532891452 ], [ 541016.00548370310571, 5745104.313073749653995 ], [ 541016.625848851166666, 5745105.019395741634071 ], [ 541017.997378889354877, 5745106.302069079130888 ], [ 541019.326333670062013, 5745107.629088629037142 ], [ 541020.05308929446619, 5745108.224596343003213 ], [ 541020.739473273977637, 5745108.866511423140764 ], [ 541022.229713388253003, 5745110.008133980445564 ], [ 541023.681915742228739, 5745111.19807599671185 ], [ 541024.463351663551293, 5745111.719247980974615 ], [ 541025.209144197287969, 5745112.290573969483376 ], [ 541026.803742489079013, 5745113.28015096578747 ], [ 541028.365206822287291, 5745114.321555303409696 ], [ 541029.193797309300862, 5745114.763372212648392 ], [ 541029.991815968533047, 5745115.258606773801148 ], [ 541031.675415423698723, 5745116.086607709527016 ], [ 541033.33110384864267, 5745116.969444771297276 ], [ 541034.198869055253454, 5745117.327651526778936 ], [ 541035.041428373428062, 5745117.742025111801922 ], [ 541036.79781479947269, 5745118.400475600734353 ], [ 541038.531781928264536, 5745119.116242895834148 ], [ 541039.430364655680023, 5745119.387389632873237 ], [ 541040.309350238181651, 5745119.716911475174129 ], [ 541042.121608447632752, 5745120.199470046907663 ], [ 541043.917154939146712, 5745120.741274098865688 ], [ 541044.83790120924823, 5745120.922749426215887 ], [ 541045.744847799302079, 5745121.164245936088264 ], [ 541047.595524436794221, 5745121.466265096329153 ], [ 541047.923861608491279, 5745121.530978880822659 ], [ 541048.626574882538989, 5745123.140274731442332 ], [ 541049.668310250272043, 5745125.566985649056733 ], [ 541049.754727639141493, 5745125.723876181058586 ], [ 541049.826421970501542, 5745125.888064533472061 ], [ 541051.114557269378565, 5745128.192642682231963 ], [ 541052.38835991139058, 5745130.505226630717516 ], [ 541052.489688995177858, 5745130.652863590978086 ], [ 541052.577078887494281, 5745130.809211084619164 ], [ 541054.084163110353984, 5745132.976019536145031 ], [ 541055.577765847556293, 5745135.152204615995288 ], [ 541055.693030785769224, 5745135.289166146889329 ], [ 541055.795274642528966, 5745135.436167036183178 ], [ 541057.506793905748054, 5745137.444337761029601 ], [ 541059.205812712665647, 5745139.463165677152574 ], [ 541059.333903450402431, 5745139.5881327399984 ], [ 541059.450016614980996, 5745139.724371291697025 ], [ 541061.349488152307458, 5745141.554564032703638 ], [ 541063.237560608540662, 5745143.396591864526272 ], [ 541063.377243558061309, 5745143.508360914885998 ], [ 541063.506107805529609, 5745143.63252505287528 ], [ 541065.575238677207381, 5745145.267113577574492 ], [ 541067.63418156967964, 5745146.91460108011961 ], [ 541067.784111506072804, 5745147.01209569349885 ], [ 541067.924485796014778, 5745147.122989608906209 ], [ 541070.143348961835727, 5745148.546231400221586 ], [ 541072.353333498118445, 5745149.983311945572495 ], [ 541072.512066506547853, 5745150.06559316534549 ], [ 541072.662598943919875, 5745150.162148857489228 ], [ 541075.009825402637944, 5745151.360336906276643 ], [ 541077.349567950353958, 5745152.573170132935047 ], [ 541077.515575314406306, 5745152.639445508830249 ], [ 541077.674816186889075, 5745152.720733070746064 ], [ 541080.127800610847771, 5745153.682327781803906 ], [ 541082.57476784742903, 5745154.659233031794429 ], [ 541082.74645081255585, 5745154.708864278160036 ], [ 541082.912866511731409, 5745154.77410083077848 ], [ 541085.44798494328279, 5745155.489841165021062 ], [ 541087.978610891499557, 5745156.221409991383553 ], [ 541088.15431601984892, 5745156.253919112496078 ], [ 541088.326303855748847, 5745156.302476377226412 ], [ 541090.919141343911178, 5745156.765469095669687 ], [ 541093.509054227382876, 5745157.244655832648277 ], [ 541093.687089358922094, 5745157.259729734621942 ], [ 541093.862992957700044, 5745157.291140057146549 ], [ 541096.488578448188491, 5745157.49692608974874 ], [ 541099.11283567675855, 5745157.719115763902664 ], [ 541099.291486212983727, 5745157.716609270311892 ], [ 541099.469611485372297, 5745157.730570141226053 ], [ 541102.102658805204555, 5745157.677167582325637 ], [ 541104.735986721818335, 5745157.640220298431814 ], [ 541104.913532100967132, 5745157.620157543569803 ], [ 541105.092163595370948, 5745157.616534517146647 ], [ 541113.636561100836843, 5745157.021505343727767 ], [ 541117.119344705832191, 5745159.505398029461503 ], [ 541122.00025170808658, 5745162.307900591753423 ], [ 541127.131454387912527, 5745164.616925287991762 ], [ 541132.463535757153295, 5745166.410234151408076 ], [ 541137.945144115714356, 5745167.670556005090475 ], [ 541143.523487629252486, 5745168.385752798058093 ], [ 541149.1448427796131, 5745168.54893653281033 ], [ 541154.755071791005321, 5745168.158535603433847 ], [ 541160.300144046545029, 5745167.218309921212494 ], [ 541165.726656473474577, 5745165.737314724363387 ], [ 541165.827902806689963, 5745165.698641988448799 ], [ 541230.690509358653799, 5745219.880214200355113 ], [ 541231.262505538761616, 5745220.312155165709555 ], [ 541231.801480971975252, 5745220.784912060946226 ], [ 541233.063047919655219, 5745221.688974399119616 ], [ 541234.283687471877784, 5745222.647925139404833 ], [ 541234.746029911097139, 5745222.942725453525782 ], [ 541235.183718195185065, 5745223.273243958130479 ], [ 541235.795159778906964, 5745223.646855629980564 ], [ 541236.377727204584517, 5745224.064333915710449 ], [ 541237.721544332103804, 5745224.839981991797686 ], [ 541239.029993590549566, 5745225.674278929829597 ], [ 541239.518911110470071, 5745225.922193491831422 ], [ 541239.986782738007605, 5745226.208078711293638 ], [ 541240.631781144416891, 5745226.519762876443565 ], [ 541241.252330078859814, 5745226.877941891551018 ], [ 541242.665455567766912, 5745227.517705542966723 ], [ 541244.049113305401988, 5745228.21931367367506 ], [ 541244.55989729159046, 5745228.417954840697348 ], [ 541245.053446366102435, 5745228.656453459523618 ], [ 541245.725789830787107, 5745228.903208322823048 ], [ 541246.378343973774463, 5745229.198638492263854 ], [ 541247.847168462001719, 5745229.696356216445565 ], [ 541249.292709124390967, 5745230.258518450893462 ], [ 541249.820440378389321, 5745230.405973119661212 ], [ 541250.334913681610487, 5745230.594788192771375 ], [ 541251.02812707144767, 5745230.774237279780209 ], [ 541251.706401875824668, 5745231.004073349758983 ], [ 541253.216779547743499, 5745231.354951668530703 ], [ 541254.710281574400142, 5745231.772253886796534 ], [ 541255.249877674970776, 5745231.867101938463748 ], [ 541255.780320461490192, 5745232.004415007308125 ], [ 541256.487727629835717, 5745232.114830053411424 ], [ 541257.185190836316906, 5745232.276858507655561 ], [ 541258.722575703635812, 5745232.477518138475716 ], [ 541260.249655568273738, 5745232.745941339060664 ], [ 541260.795919812982902, 5745232.78726929333061 ], [ 541261.337223538546823, 5745232.871757912449539 ], [ 541262.052011650986969, 5745232.912075513973832 ], [ 541262.761946175247431, 5745233.00473587308079 ], [ 541264.311532052233815, 5745233.053244262933731 ], [ 541265.857482914696448, 5745233.170203307643533 ], [ 541266.405154380132444, 5745233.157613135874271 ], [ 541266.952105893753469, 5745233.188463606871665 ], [ 541267.667391013470478, 5745233.158295463770628 ], [ 541268.382959670387208, 5745233.18069532699883 ], [ 541269.92982293991372, 5745233.076585290022194 ], [ 541271.479756127810106, 5745233.040953760035336 ], [ 541315.589700085110962, 5745229.849112686701119 ], [ 541334.248663557809778, 5745237.398381293751299 ], [ 541335.433276741649024, 5745242.246053107082844 ], [ 541337.301308620604686, 5745247.567881785333157 ], [ 541339.680274189682677, 5745252.680387497879565 ], [ 541342.54726338700857, 5745257.53433321416378 ], [ 541345.874666045885533, 5745262.082971856929362 ], [ 541349.630437776097097, 5745266.282496544532478 ], [ 541352.487026053597219, 5745268.90631100628525 ], [ 541323.546202644472942, 5745359.528909115120769 ], [ 541323.220918998122215, 5745360.750857275910676 ], [ 541322.830142713850364, 5745361.953335194848478 ], [ 541322.49579409416765, 5745363.474833217449486 ], [ 541322.095087749999948, 5745364.98011065647006 ], [ 541321.890750660211779, 5745366.228163418360054 ], [ 541321.61933409248013, 5745367.463280130177736 ], [ 541321.435240783845074, 5745369.010331972502172 ], [ 541321.183524563442916, 5745370.547766858711839 ], [ 541321.102102129370905, 5745371.809904883615673 ], [ 541320.952659386210144, 5745373.065765621140599 ], [ 541320.920594586990774, 5745374.623472414910793 ], [ 541320.82029293582309, 5745376.178258489817381 ], [ 541320.862569533637725, 5745377.442326731979847 ], [ 541320.836540061864071, 5745378.706836925819516 ], [ 541320.956812864518724, 5745380.260197125375271 ], [ 541321.008892031968571, 5745381.817360973916948 ], [ 541321.174460751470178, 5745383.071185755543411 ], [ 541321.272095465799794, 5745384.332167479209602 ], [ 541321.543547866865993, 5745385.866221345029771 ], [ 541321.747506592073478, 5745387.41076659783721 ], [ 541322.03477314603515, 5745388.642272853292525 ], [ 541322.255132003454491, 5745389.887582122348249 ], [ 541322.675150044378825, 5745391.387555778957903 ], [ 541323.029024372110143, 5745392.904607539065182 ], [ 541323.435222443775274, 5745394.101935089565814 ], [ 541323.776183485519141, 5745395.319578799419105 ], [ 541324.340722417342477, 5745396.771026543341577 ], [ 541324.841104600578547, 5745398.245974630117416 ], [ 541325.362322470988147, 5745399.397592421621084 ], [ 541325.820602255058475, 5745400.575843870639801 ], [ 541326.524225481320173, 5745401.964787277393043 ], [ 541327.166296789655462, 5745403.383426949381828 ], [ 541327.797515009413473, 5745404.478244101628661 ], [ 541328.368700218037702, 5745405.605755914002657 ], [ 541329.204631644068286, 5745406.918818471953273 ], [ 541329.98220876196865, 5745408.267487226054072 ], [ 541330.717348476871848, 5745409.294959844090044 ], [ 541331.395938419387676, 5745410.360873274505138 ], [ 541332.356127701816149, 5745411.585409211926162 ], [ 541333.26172227144707, 5745412.851118372753263 ], [ 541334.093703772407025, 5745413.801351123489439 ], [ 541334.87316334398929, 5745414.795400617644191 ], [ 541335.948363403091207, 5745415.91961669549346 ], [ 541336.973254148033448, 5745417.090176522731781 ], [ 541337.894065042375587, 5745417.95401790831238 ], [ 541338.766887663281523, 5745418.866629991680384 ], [ 541339.946743763051927, 5745419.879699108190835 ], [ 541341.081060446100309, 5745420.94383617863059 ], [ 541342.08183280879166, 5745421.712966696359217 ], [ 541343.039612726890482, 5745422.535352187231183 ], [ 541344.312762176268734, 5745423.427517643198371 ], [ 541345.545580675010569, 5745424.37498343642801 ], [ 541346.616676468867809, 5745425.041995708830655 ], [ 541347.650189694133587, 5745425.766234347596765 ], [ 541349.004371274611913, 5745426.528903832659125 ], [ 541350.323818790027872, 5745427.3505734577775 ], [ 541351.454922675387934, 5745427.909043575637043 ], [ 541352.554215825162828, 5745428.528160335496068 ], [ 541353.976387888076715, 5745429.153988664969802 ], [ 541355.36975727789104, 5745429.84194874484092 ], [ 541356.549975984031335, 5745430.286498142406344 ], [ 541357.704462118563242, 5745430.794530387036502 ], [ 541359.180928165558726, 5745431.277490266598761 ], [ 541360.634800349012949, 5745431.825115144252777 ], [ 541361.852767541189678, 5745432.151462407782674 ], [ 541363.051328172674403, 5745432.543517345562577 ], [ 541364.567868824466132, 5745432.878957434557378 ], [ 541366.068241966655478, 5745433.280972989276052 ], [ 541367.31222774379421, 5745433.485975086688995 ], [ 541368.543319892487489, 5745433.758276884444058 ], [ 541370.085329768364318, 5745433.942966581322253 ], [ 541371.617754203500226, 5745434.195501052774489 ], [ 541372.875778096029535, 5745434.277183619327843 ], [ 541374.12754543859046, 5745434.42710976395756 ], [ 541375.680173834436573, 5745434.45927032455802 ], [ 541377.22989122371655, 5745434.559891588054597 ], [ 541378.489837555331178, 5745434.517467939294875 ], [ 541379.750224641175009, 5745434.54357451479882 ], [ 541381.298518617404625, 5745434.42289618961513 ], [ 541382.850604033912532, 5745434.370635176077485 ], [ 541384.100338579155505, 5745434.204513879492879 ], [ 541385.357206972432323, 5745434.10654946602881 ], [ 541386.886255325982347, 5745433.834194495342672 ], [ 541388.425761045189574, 5745433.629554536193609 ], [ 541389.653247939073481, 5745433.341335482895374 ], [ 541390.8944930852158, 5745433.120243578217924 ], [ 541392.389569993712939, 5745432.698834970593452 ], [ 541393.901669429382309, 5745432.343786953017116 ], [ 541395.095087082241662, 5745431.936245950870216 ], [ 541396.308754897327162, 5745431.594155873171985 ], [ 541397.755461667198688, 5745431.027752173133194 ], [ 541399.225592250353657, 5745430.525715535506606 ], [ 541400.373447224847041, 5745430.002777558751404 ], [ 541401.547849207068793, 5745429.542983963154256 ], [ 541402.932253055507317, 5745428.837040130980313 ], [ 541404.346256385091692, 5745428.192849952727556 ], [ 541405.437494034296833, 5745427.559551354497671 ], [ 541406.561319896718487, 5745426.986482466571033 ], [ 541407.177012127474882, 5745426.591934473253787 ], [ 541432.807963218423538, 5745434.857502905651927 ], [ 541435.238508893991821, 5745435.511191705241799 ], [ 541437.662196269608103, 5745436.19002922065556 ], [ 541437.95393614587374, 5745436.24149779509753 ], [ 541438.240050287800841, 5745436.318447290919721 ], [ 541440.722756274277344, 5745436.729970898479223 ], [ 541443.201093795360066, 5745437.167196518741548 ], [ 541443.496457237168215, 5745437.189727837219834 ], [ 541443.788711444474757, 5745437.238170606084168 ], [ 541446.299667383194901, 5745437.403565645217896 ], [ 541448.808786956476979, 5745437.594968516379595 ], [ 541449.104929397930391, 5745437.5883455760777 ], [ 541449.400509049766697, 5745437.607815071940422 ], [ 541451.915532648097724, 5745437.525488630868495 ], [ 541454.431269560474902, 5745437.469225374050438 ], [ 541454.725338921765797, 5745437.433511956594884 ], [ 541455.021397379692644, 5745437.423820675350726 ], [ 541457.516267091501504, 5745437.094565621577203 ], [ 541460.014392972225323, 5745436.791178113780916 ], [ 541460.303557166946121, 5745436.726718166843057 ], [ 541460.597243153955787, 5745436.687959448434412 ], [ 541463.047931564156897, 5745436.114946804940701 ], [ 541465.504387637251057, 5745435.567356951534748 ], [ 541465.785861784708686, 5745435.474771286360919 ], [ 541466.074346911278553, 5745435.407318411394954 ], [ 541468.457252229680307, 5745434.596066769212484 ], [ 541470.848380950395949, 5745433.809548401273787 ], [ 541471.119454252300784, 5745433.689728701487184 ], [ 541471.399960202164948, 5745433.594231306575239 ], [ 541473.69213329849299, 5745432.552553746849298 ], [ 541475.994906484847888, 5745431.534681748598814 ], [ 541476.252968333545141, 5745431.388781974092126 ], [ 541476.52279362292029, 5745431.266159784980118 ], [ 541478.702159227686934, 5745430.004088618792593 ], [ 541480.894399674260058, 5745428.764665976166725 ], [ 541481.107219361700118, 5745428.615008593536913 ], [ 541481.112919667270035, 5745428.717588813044131 ], [ 541481.113219967694022, 5745428.720453651621938 ], [ 541481.113239223253913, 5745428.723334233276546 ], [ 541483.15756113617681, 5745465.44585507363081 ], [ 541482.457882445305586, 5745466.180555745027959 ], [ 541481.877213054569438, 5745466.924340365454555 ], [ 541481.249386584036984, 5745467.628508233465254 ], [ 541480.144229150610045, 5745469.144134351052344 ], [ 541478.990053151501343, 5745470.622527807950974 ], [ 541478.484844728372991, 5745471.419833227060735 ], [ 541477.928835871513002, 5745472.182349964044988 ], [ 541476.97707097325474, 5745473.79935784265399 ], [ 541475.972886026604101, 5745475.384132766164839 ], [ 541475.548004083917476, 5745476.227280645631254 ], [ 541475.069167558918707, 5745477.040802977979183 ], [ 541474.279961365275085, 5745478.743620273657143 ], [ 541473.435438486863859, 5745480.419514716602862 ], [ 541473.094974965322763, 5745481.300385232083499 ], [ 541472.697922324994579, 5745482.157078639604151 ], [ 541472.078875545877963, 5745483.929306556470692 ], [ 541471.402148164343089, 5745485.680181027390063 ], [ 541471.149382040137425, 5745486.590291034430265 ], [ 541470.837937236879952, 5745487.4819052265957 ], [ 541470.395011894521303, 5745489.306476479396224 ], [ 541469.892597535275854, 5745491.115469314157963 ], [ 541469.729963231831789, 5745492.046054060570896 ], [ 541469.507125791860744, 5745492.964002404361963 ], [ 541469.244587808265351, 5745494.823345540091395 ], [ 541468.921325300238095, 5745496.673035328276455 ], [ 541468.85038923798129, 5745497.615132833831012 ], [ 541468.718305367976427, 5745498.550575061701238 ], [ 541468.638683461467735, 5745500.426783696748316 ], [ 541468.497686333255842, 5745502.299357024952769 ], [ 541468.519131838576868, 5745503.24389441870153 ], [ 541468.479073750786483, 5745504.187821752391756 ], [ 541468.583135072141886, 5745506.062827016226947 ], [ 541468.625761552480981, 5745507.94025001488626 ], [ 541468.739382270141505, 5745508.878130876459181 ], [ 541468.791735921869986, 5745509.82145278993994 ], [ 541469.078478653682396, 5745511.677197326906025 ], [ 541469.304318576469086, 5745513.541389369405806 ], [ 541469.509020450641401, 5745514.463581359945238 ], [ 541469.653281821985729, 5745515.397213117219508 ], [ 541470.119944812729955, 5745517.215824995189905 ], [ 541470.526823554188013, 5745519.048832791857421 ], [ 541470.820635356823914, 5745519.946454633027315 ], [ 541471.055415298324078, 5745520.861404789611697 ], [ 541471.697504642186686, 5745522.625369628891349 ], [ 541472.281504050013609, 5745524.409540149383247 ], [ 541472.66159635852091, 5745525.273947150446475 ], [ 541472.98463396250736, 5745526.161404149606824 ], [ 541473.795966262696311, 5745527.853733780793846 ], [ 541474.551462379982695, 5745529.571884276345372 ], [ 541475.014174822368659, 5745530.394751599058509 ], [ 541475.422359190648422, 5745531.246168621815741 ], [ 541476.395121104316786, 5745532.850564727559686 ], [ 541477.314838316407986, 5745534.486148193478584 ], [ 541477.855714818579145, 5745535.259551033377647 ], [ 541478.34511501446832, 5745536.066728324629366 ], [ 541479.469938474707305, 5745537.567739367485046 ], [ 541480.545019583078101, 5745539.105003956705332 ], [ 541481.158851274987683, 5745539.821493854746222 ], [ 541481.724754182738252, 5745540.57665769290179 ], [ 541482.990806646994315, 5745541.959827807731926 ], [ 541484.210898127988912, 5745543.38396846037358 ], [ 541484.891773502225988, 5745544.036645048297942 ], [ 541485.528729215846397, 5745544.732522631064057 ], [ 541486.923817942850292, 5745545.984530775807798 ], [ 541488.277169694891199, 5745547.281831899657845 ], [ 541489.018531554494984, 5745547.86440937500447 ], [ 541489.280558477737941, 5745548.099562603980303 ], [ 541489.651075072702952, 5745549.381354870274663 ], [ 541489.68498988810461, 5745549.466436109505594 ], [ 541489.710708377533592, 5745549.554361089132726 ], [ 541490.729080228833482, 5745552.085718696005642 ], [ 541491.739414316834882, 5745554.620316975750029 ], [ 541491.781478042597882, 5745554.701653437688947 ], [ 541491.815662729903124, 5745554.786625957116485 ], [ 541493.076438021264039, 5745557.205650396645069 ], [ 541494.329530914546922, 5745559.62869028095156 ], [ 541494.379338464001194, 5745559.7054986320436 ], [ 541494.421660144231282, 5745559.786700353957713 ], [ 541495.912697251304053, 5745562.070094728842378 ], [ 541497.396481234580278, 5745564.358240545727313 ], [ 541497.453552940394729, 5745564.429781066253781 ], [ 541497.503604042693041, 5745564.506429955363274 ], [ 541499.210543607827276, 5745566.632203369401395 ], [ 541500.910729295806959, 5745568.763418657705188 ], [ 541500.974515537265688, 5745568.82900236081332 ], [ 541501.031814041896723, 5745568.900360225699842 ], [ 541502.938217361574061, 5745570.848039777949452 ], [ 541504.838431199314073, 5745572.801799304783344 ], [ 541504.908317677909508, 5745572.86079456564039 ], [ 541504.972311775316484, 5745572.926174175925553 ], [ 541507.059819374815561, 5745574.67700235452503 ], [ 541509.141761055099778, 5745576.434489626437426 ], [ 541509.217074712971225, 5745576.486328258179128 ], [ 541509.28714811487589, 5745576.545099970884621 ], [ 541511.535656029125676, 5745578.082214766182005 ], [ 541513.77927526331041, 5745579.626503787003458 ], [ 541513.859290799126029, 5745579.67068655602634 ], [ 541513.934768641134724, 5745579.72228433098644 ], [ 541516.322622284526005, 5745581.030881972052157 ], [ 541518.706311647663824, 5745582.347099964506924 ], [ 541518.790258445194922, 5745582.383201338350773 ], [ 541518.870413841563277, 5745582.427128260955215 ], [ 541521.374616611632518, 5745583.494605790823698 ], [ 541523.87541959004011, 5745584.570076435804367 ], [ 541523.962489200872369, 5745584.59774873778224 ], [ 541524.046550184953958, 5745584.633581737987697 ], [ 541526.642984788748436, 5745585.449658362194896 ], [ 541529.236817027907819, 5745586.274023960344493 ], [ 541529.326170899556018, 5745586.293000672012568 ], [ 541529.41332791687455, 5745586.320394655689597 ], [ 541530.150235000881366, 5745586.474439041689038 ], [ 541542.594435953418724, 5745607.976950297132134 ], [ 541545.653631360968575, 5745612.711589976213872 ], [ 541549.160659085144289, 5745617.122595618478954 ], [ 541553.081744766561314, 5745621.167485798709095 ], [ 541557.379126235493459, 5745624.807304963469505 ], [ 541562.011417182395235, 5745628.006998621858656 ], [ 541566.934005737071857, 5745630.735750989057124 ], [ 541572.099484119215049, 5745632.967281798832119 ], [ 541577.458105223602615, 5745634.680099416524172 ], [ 541582.958261739229783, 5745635.857707866467535 ], [ 541588.546983189531602, 5745636.488765706308186 ], [ 541594.170446103438735, 5745636.567195264622569 ], [ 541599.774492404307239, 5745636.092241195961833 ], [ 541605.305151023785584, 5745635.068477747030556 ], [ 541610.709157710312866, 5745633.505764691159129 ], [ 541615.93446803255938, 5745631.419152371585369 ], [ 541620.930758629343472, 5745628.828736732713878 ], [ 541625.649911880958825, 5745625.759465753100812 ], [ 541630.04647933121305, 5745622.240899151191115 ], [ 541634.078119397978298, 5745618.306923675350845 ], [ 541637.706005153828301, 5745613.995426715351641 ], [ 541640.895198252983391, 5745609.347931383177638 ], [ 541643.614985398598947, 5745604.409196584485471 ], [ 541645.839174115331843, 5745599.226785931736231 ], [ 541647.546344974543899, 5745593.850609629414976 ], [ 541648.720057848026045, 5745588.332443814724684 ], [ 541649.349010202218778, 5745582.725431866012514 ], [ 541649.416582907084376, 5745577.846283975057304 ], [ 541651.651626484584995, 5745578.562824969179928 ], [ 541652.289848108310252, 5745578.818314896896482 ], [ 541657.69249602209311, 5745580.385623953305185 ], [ 541663.222251425497234, 5745581.414094863459468 ], [ 541668.825858766562305, 5745581.893822529353201 ], [ 541670.78853143483866, 5745581.868123075924814 ], [ 541674.285229357308708, 5745582.800099472515285 ], [ 541679.836029970552772, 5745583.70731808245182 ], [ 541685.448735053068958, 5745584.064307724125683 ], [ 541691.069290140527301, 5745583.86763025727123 ], [ 541696.643565162783489, 5745583.119179868139327 ], [ 541698.953420062432997, 5745582.573599805124104 ], [ 541700.828902896028012, 5745584.679056179709733 ], [ 541704.969486805028282, 5745588.497401526197791 ], [ 541709.463176745572127, 5745591.890181217342615 ], [ 541714.266695734928362, 5745594.824719915166497 ], [ 541719.333782775211148, 5745597.272755475714803 ], [ 541724.61563839064911, 5745599.210711146704853 ], [ 541727.020152913522907, 5745599.960953478701413 ], [ 541729.69362499169074, 5745600.65277399495244 ], [ 541732.365863630897366, 5745601.349374480545521 ], [ 541732.416386536322534, 5745601.357348364777863 ], [ 541732.465909988968633, 5745601.370163637213409 ], [ 541735.194097939645872, 5745601.795746207237244 ], [ 541737.921525344485417, 5745602.226207003928721 ], [ 541737.972583996946923, 5745602.22917411942035 ], [ 541738.023121005971916, 5745602.237057593651116 ], [ 541740.779750576242805, 5745602.39230347238481 ], [ 541743.536099455319345, 5745602.552478840574622 ], [ 541743.587202122085728, 5745602.550410609692335 ], [ 541743.638265979476273, 5745602.553286362439394 ], [ 541746.396788842161186, 5745602.436700342223048 ], [ 541749.15551349776797, 5745602.325047696940601 ], [ 541749.206168021308258, 5745602.317964039742947 ], [ 541749.257266945787705, 5745602.315804373472929 ], [ 541751.991115955868736, 5745601.928509309887886 ], [ 541754.725648391293362, 5745601.54610394500196 ], [ 541754.775366952642798, 5745601.534073075279593 ], [ 541754.826008803094737, 5745601.526898792944849 ], [ 541757.508855087449774, 5745600.872624734416604 ], [ 541760.19285967759788, 5745600.223149521276355 ], [ 541760.24116342747584, 5745600.206287315115333 ], [ 541760.290860509732738, 5745600.194167506881058 ], [ 541762.896866747061722, 5745599.279215606860816 ], [ 541765.504494184511714, 5745598.368925683200359 ], [ 541765.550917931250297, 5745598.347394535318017 ], [ 541765.599191619316116, 5745598.330445932224393 ], [ 541768.103259771014564, 5745597.163628119044006 ], [ 541770.609397141262889, 5745596.001290278509259 ], [ 541770.65349379752297, 5745595.975297546945512 ], [ 541770.699879176798277, 5745595.953683379106224 ], [ 541773.077893548063003, 5745594.546237072907388 ], [ 541775.458404858130962, 5745593.143045723438263 ], [ 541775.499749732320197, 5745593.112841755151749 ], [ 541775.543800092418678, 5745593.086770181544125 ], [ 541777.772858985117637, 5745591.452250210568309 ], [ 541780.004818227258511, 5745589.821719412691891 ], [ 541780.043013147893362, 5745589.787595083937049 ], [ 541780.084304249612615, 5745589.757317198440433 ], [ 541780.281200973666273, 5745589.580772112123668 ], [ 541781.741354654077441, 5745589.659717475064099 ], [ 541783.873415939277038, 5745589.82554735057056 ], [ 541784.548034905339591, 5745589.811464099213481 ], [ 541785.221822241204791, 5745589.847893105819821 ], [ 541787.358179347356781, 5745589.752799356356263 ], [ 541789.496175248641521, 5745589.708165823481977 ], [ 541790.166169793112203, 5745589.627809003926814 ], [ 541790.840271618799306, 5745589.597802986390889 ], [ 541792.957050939323381, 5745589.293079836294055 ], [ 541795.080390946823172, 5745589.038412769325078 ], [ 541795.739308520685881, 5745588.892556278966367 ], [ 541796.407232752768323, 5745588.796404231339693 ], [ 541798.484048155951314, 5745588.284986427053809 ], [ 541800.572282959008589, 5745587.822738513350487 ], [ 541801.213777720928192, 5745587.612787082791328 ], [ 541801.869091751752421, 5745587.45141504239291 ], [ 541803.885941991349682, 5745586.738228000700474 ], [ 541805.918960406444967, 5745586.072851113043725 ], [ 541806.536854298436083, 5745585.800826760940254 ], [ 541807.173246993334033, 5745585.575788890942931 ], [ 541809.110708409920335, 5745584.667701218277216 ], [ 541811.068931010551751, 5745583.805603565648198 ], [ 541811.65727327670902, 5745583.474126125685871 ], [ 541812.268615741282701, 5745583.187589744105935 ], [ 541814.108029272640124, 5745582.093347114510834 ], [ 541815.972597024869174, 5745581.042831475846469 ], [ 541816.525721542420797, 5745580.655093364417553 ], [ 541817.10612613230478, 5745580.30981807038188 ], [ 541818.381318258470856, 5745579.370350424200296 ], [ 541822.12506590934936, 5745578.864513265900314 ], [ 541827.598303956561722, 5745577.56694770604372 ], [ 541832.918416647124104, 5745575.737397790886462 ], [ 541838.034167554811575, 5745573.39348373003304 ], [ 541842.896288511226885, 5745570.557779495604336 ], [ 541847.45795411139261, 5745567.257595381699502 ], [ 541851.675232689012773, 5745563.524714972823858 ], [ 541855.507509414455853, 5745559.395088989287615 ], [ 541858.058007638086565, 5745556.039713867940009 ], [ 541859.993215376511216, 5745556.375997825525701 ], [ 541865.602057789219543, 5745556.789367178454995 ], [ 541871.224277002038434, 5745556.649177775718272 ], [ 541876.805726916762069, 5745555.956779767759144 ], [ 541882.2926540968474, 5745554.718841589055955 ], [ 541887.632215480785817, 5745552.947285709902644 ], [ 541892.772987326839939, 5745550.659173810854554 ], [ 541897.665460484451614, 5745547.876542438752949 ], [ 541902.262517220457084, 5745544.626190761104226 ], [ 541906.519885011017323, 5745540.939422439783812 ], [ 541910.396562922745943, 5745536.851744106039405 ], [ 541913.855216480907984, 5745532.402523395605385 ], [ 541916.862537217675708, 5745527.634609755128622 ], [ 541917.623686287901364, 5745526.116337412968278 ], [ 541919.674004416447133, 5745527.127395777031779 ], [ 541924.940081908600405, 5745529.10797287710011 ], [ 541930.374300010618754, 5745530.561152208596468 ], [ 541935.924323316430673, 5745531.472938329912722 ], [ 541941.536701068514958, 5745531.834549902006984 ], [ 541942.272834731615148, 5745531.809398129582405 ], [ 541943.388597881770693, 5745532.13974519725889 ], [ 541945.665836895583197, 5745532.693701831623912 ], [ 541947.93372792948503, 5745533.285001510754228 ], [ 541948.39771029446274, 5745533.358251094818115 ], [ 541948.854176041553728, 5745533.469289818778634 ], [ 541951.174569896422327, 5745533.796637515537441 ], [ 541953.489309067488648, 5745534.162067693658173 ], [ 541953.958213557023555, 5745534.189336977899075 ], [ 541954.423329516546801, 5745534.254952612333 ], [ 541956.764531133929268, 5745534.352538701146841 ], [ 541959.103825814789161, 5745534.48857996519655 ], [ 541959.573136526043527, 5745534.469606312923133 ], [ 541960.042423300095834, 5745534.489166925661266 ], [ 541962.381885220180266, 5745534.356051553040743 ], [ 541964.723206258262508, 5745534.261393710970879 ], [ 541965.188403382548131, 5745534.196359856985509 ], [ 541965.657341396552511, 5745534.169677059166133 ], [ 541967.972532864077948, 5745533.807142233476043 ], [ 541970.293331640656106, 5745533.482696942985058 ], [ 541970.749935003230348, 5745533.372229212895036 ], [ 541971.214008027454838, 5745533.299559993669391 ], [ 541973.482632020139135, 5745532.711097256280482 ], [ 541975.760557595524006, 5745532.159989221952856 ], [ 541976.204169772914611, 5745532.005151519551873 ], [ 541976.658908450626768, 5745531.887195752002299 ], [ 541978.859116539242677, 5745531.078472515568137 ], [ 541981.072230809135363, 5745530.306009431369603 ], [ 541981.498579489998519, 5745530.108292983844876 ], [ 541981.939604376559146, 5745529.946186692453921 ], [ 541984.05020698835142, 5745528.924991677515209 ], [ 541986.17719613830559, 5745527.938613064587116 ], [ 541986.582175309536979, 5745527.699922041967511 ], [ 541987.005239011254162, 5745527.495226467959583 ], [ 541989.005909594590776, 5745526.271394693292677 ], [ 541991.026289292378351, 5745525.080600242130458 ], [ 541991.405998724745587, 5745524.803233452141285 ], [ 541991.807026867405511, 5745524.557919987477362 ], [ 541993.678497711080126, 5745523.143237972632051 ], [ 541995.572810340439901, 5745521.7594961123541 ], [ 541995.923593186074868, 5745521.446124844253063 ], [ 541996.298723620246165, 5745521.162556063383818 ], [ 541998.022971296333708, 5745519.570648391731083 ], [ 541999.772973475395702, 5745518.007285730913281 ], [ 542000.091451498912647, 5745517.660927996970713 ], [ 542000.437071483698674, 5745517.34183491859585 ], [ 542001.997490461333655, 5745515.588032983243465 ], [ 542003.58632870845031, 5745513.860105982981622 ], [ 542003.869434799184091, 5745513.484097478911281 ], [ 542004.18221581808757, 5745513.132553233765066 ], [ 542005.5637784502469, 5745511.233747555874288 ], [ 542006.97615142876748, 5745509.35789752099663 ], [ 542007.221159136039205, 5745508.955859509296715 ], [ 542007.498088955297135, 5745508.575249744579196 ], [ 542008.687490172567777, 5745506.549727261997759 ], [ 542009.909796078922227, 5745504.544020095840096 ], [ 542010.114345881855115, 5745504.11982449889183 ], [ 542010.352757546119392, 5745503.713814776390791 ], [ 542011.338542961282656, 5745501.581082778051496 ], [ 542012.359010538086295, 5745499.464834910817444 ], [ 542012.521132562193088, 5745499.022567035630345 ], [ 542012.718730082386173, 5745498.595067529007792 ], [ 542013.491406320710666, 5745496.375665725208819 ], [ 542014.300208186614327, 5745494.169258125126362 ], [ 542018.53317265457008, 5745480.600605560466647 ], [ 542049.692795697366819, 5745490.349711162038147 ], [ 542051.854483227594756, 5745490.910904666408896 ], [ 542054.004411875270307, 5745491.515860321000218 ], [ 542054.57570435886737, 5745491.61735730804503 ], [ 542055.137385420384817, 5745491.763174478895962 ], [ 542057.343491210136563, 5745492.109087419696152 ], [ 542059.542170217609964, 5745492.499708140268922 ], [ 542060.120627821190283, 5745492.544536029919982 ], [ 542060.69385022087954, 5745492.634415867738426 ], [ 542062.923127883113921, 5745492.7617167821154 ], [ 542065.149382359115407, 5745492.934240533038974 ], [ 542065.729434093693271, 5745492.921967588365078 ], [ 542066.308677300694399, 5745492.955044478178024 ], [ 542068.539657305344008, 5745492.862507333979011 ], [ 542070.772046739817597, 5745492.815272555686533 ], [ 542071.348106277408078, 5745492.746016975492239 ], [ 542071.927791757974774, 5745492.721972356550395 ], [ 542074.138988121179864, 5745492.41048835311085 ], [ 542076.356012974050827, 5745492.143949983641505 ], [ 542076.922532446449623, 5745492.018378751352429 ], [ 542077.497077397769317, 5745491.93744420260191 ], [ 542079.667194651323371, 5745491.4100132137537 ], [ 542081.847503389697522, 5745490.926738270558417 ], [ 542082.399026810424402, 5745490.746060747653246 ], [ 542082.962897940771654, 5745490.6090157488361 ], [ 542085.071036314242519, 5745489.870717393234372 ], [ 542087.193630976020359, 5745489.175360265187919 ], [ 542087.724846767960116, 5745488.941316539421678 ], [ 542088.272613609908149, 5745488.749480960890651 ], [ 542090.29847025941126, 5745487.807425701990724 ], [ 542092.342908749938942, 5745486.906683328561485 ], [ 542092.848700945382006, 5745486.621527441777289 ], [ 542093.375088114873506, 5745486.376748833805323 ], [ 542095.299152629449964, 5745485.240009498782456 ], [ 542097.245745638152584, 5745484.142556828446686 ], [ 542097.721243119332939, 5745483.809035084210336 ], [ 542098.221181155182421, 5745483.513670885935426 ], [ 542100.024923517252319, 5745482.193195261992514 ], [ 542101.854924092651345, 5745480.909601716324687 ], [ 542102.295547527028248, 5745480.530926203355193 ], [ 542102.764221693971194, 5745480.187821039929986 ], [ 542104.430270752869546, 5745478.6963264150545 ], [ 542106.126054843654856, 5745477.238954111933708 ], [ 542106.527560750604607, 5745476.818771799094975 ], [ 542106.960457446170039, 5745476.431230053305626 ], [ 542108.472768179955892, 5745474.783080752007663 ], [ 542110.018004404497333, 5745473.165965398773551 ], [ 542110.376526072970591, 5745472.708322969265282 ], [ 542110.769476247485727, 5745472.280076996423304 ], [ 542112.113484294968657, 5745470.491146022453904 ], [ 542113.493291218415834, 5745468.729861735366285 ], [ 542113.805375903612003, 5745468.239166651852429 ], [ 542114.154595251893625, 5745467.774340798147023 ], [ 542115.31735719286371, 5745465.861856925301254 ], [ 542116.518446622649208, 5745463.973366253077984 ], [ 542116.781088820891455, 5745463.454344274476171 ], [ 542117.083214203245007, 5745462.957415173761547 ], [ 542118.053532181773335, 5745460.939797041937709 ], [ 542119.064337161020376, 5745458.942287556827068 ], [ 542119.275007545948029, 5745458.399937241338193 ], [ 542119.527129382826388, 5745457.875690683722496 ], [ 542120.29565895057749, 5745455.772369416430593 ], [ 542121.106445138691925, 5745453.685078540816903 ], [ 542124.064730898127891, 5745444.803888691589236 ], [ 542124.832391397911124, 5745442.510938747785985 ], [ 542125.214928091038018, 5745442.499843962490559 ], [ 542127.570834557409398, 5745442.469178359955549 ], [ 542128.024774049525149, 5745442.418348955921829 ], [ 542128.48134127620142, 5745442.405106880702078 ], [ 542130.818448079517111, 5745442.105529682710767 ], [ 542133.160013937973417, 5745441.843334143981338 ], [ 542133.606801616842858, 5745441.748109527863562 ], [ 542134.059876567218453, 5745441.690032831393182 ], [ 542136.356461258605123, 5745441.162069376558065 ], [ 542138.661135548725724, 5745440.670869097113609 ], [ 542139.096468525473028, 5745440.53216636646539 ], [ 542139.541687757708132, 5745440.429814385250211 ], [ 542141.775632561068051, 5745439.67854942753911 ], [ 542144.021219617919996, 5745438.963075132109225 ], [ 542144.440905327210203, 5745438.782230110839009 ], [ 542144.873981059761718, 5745438.63658859487623 ], [ 542147.023771467385814, 5745437.669257499277592 ], [ 542149.188644744222984, 5745436.736399840563536 ], [ 542149.588641331065446, 5745436.515154221095145 ], [ 542150.005402732407674, 5745436.32762583438307 ], [ 542152.05033480329439, 5745435.153544850647449 ], [ 542154.113645072910003, 5745434.012288089841604 ], [ 542154.490100291441195, 5745433.752772668376565 ], [ 542154.886533678276464, 5745433.525163468904793 ], [ 542156.806913376669399, 5745432.155640007928014 ], [ 542158.748789595556445, 5745430.816975458525121 ], [ 542159.098077943781391, 5745430.521689584478736 ], [ 542159.470365404034965, 5745430.256191655062139 ], [ 542161.247698280843906, 5745428.704415378160775 ], [ 542163.049438958056271, 5745427.181235539726913 ], [ 542163.368196574621834, 5745426.85302306432277 ], [ 542163.712752757593989, 5745426.552193373441696 ], [ 542165.329922054312192, 5745424.833109161816537 ], [ 542166.974175377865322, 5745423.140083531849086 ], [ 542167.259332455811091, 5745422.782105402089655 ], [ 542167.572839083964936, 5745422.448841191828251 ], [ 542169.014270566520281, 5745420.579005234874785 ], [ 542170.485201524570584, 5745418.732438994571567 ], [ 542170.734011861961335, 5745418.348142821341753 ], [ 542171.013449702528305, 5745417.985653694719076 ], [ 542172.265261704917066, 5745415.98307395260781 ], [ 542173.548704530112445, 5745414.000750979408622 ], [ 542173.758771976456046, 5745413.593837829306722 ], [ 542174.001449917443097, 5745413.205614832229912 ], [ 542174.179417583625764, 5745412.847008167766035 ], [ 542175.618291098042391, 5745413.336380693130195 ], [ 542175.750532708480023, 5745413.367258800193667 ], [ 542176.077503984328359, 5745413.477044730447233 ], [ 542176.094474660581909, 5745413.480937651358545 ], [ 542176.306775622651912, 5745413.551810692064464 ], [ 542181.791330070700496, 5745414.79987936001271 ], [ 542187.37140839593485, 5745415.502592347562313 ], [ 542192.993270371924154, 5745415.653181889094412 ], [ 542198.602773341233842, 5745415.250197669491172 ], [ 542204.145893680281006, 5745414.297520791180432 ], [ 542209.569247115286998, 5745412.80432641133666 ], [ 542214.82060288079083, 5745410.784995340742171 ], [ 542219.849386766087264, 5745408.258975551463664 ], [ 542220.309949620277621, 5745407.967758378945291 ], [ 542220.528240304091014, 5745407.871520774438977 ], [ 542225.430372242815793, 5745405.106239059939981 ], [ 542230.03873629658483, 5745401.872203595936298 ], [ 542234.308951038867235, 5745398.200560900382698 ], [ 542236.157035380601883, 5745396.265581912361085 ], [ 542237.443068512366153, 5745396.36413246113807 ], [ 542243.065567791927606, 5745396.240338621661067 ], [ 542248.648898242856376, 5745395.564229620620608 ], [ 542251.047164611285552, 5745395.030484393239021 ], [ 542251.476555077242665, 5745395.494196028448641 ], [ 542255.689726986689493, 5745399.231579448096454 ], [ 542260.247745580272749, 5745402.536648686975241 ], [ 542265.106714317109436, 5745405.377573119476438 ], [ 542270.219838151358999, 5745407.726992172189057 ], [ 542275.537874217145145, 5745409.562278857454658 ], [ 542281.009606088278815, 5745410.865757711231709 ], [ 542286.582337053259835, 5745411.624875046312809 ], [ 542292.202397650689818, 5745411.832319865003228 ], [ 542297.815662572626024, 5745411.48609428294003 ], [ 542303.368071962613612, 5745410.589532778598368 ], [ 542308.806152081931941, 5745409.151270046830177 ], [ 542314.077530328184366, 5745407.185157870873809 ], [ 542319.131439649034292, 5745404.710131678730249 ], [ 542320.973091052030213, 5745403.571505714207888 ], [ 542321.037308867205866, 5745403.59036898240447 ], [ 542326.56349460768979, 5745404.637365370057523 ], [ 542332.165359366801567, 5745405.135880271904171 ], [ 542337.788953085779212, 5745405.081112531013787 ], [ 542343.380116429063492, 5745404.473589612171054 ], [ 542348.885002406663261, 5745403.319162517786026 ], [ 542354.250594991375692, 5745401.628949436359107 ], [ 542359.425219727563672, 5745399.41922863945365 ], [ 542361.300524391932413, 5745398.389960921369493 ], [ 542364.027247775578871, 5745397.792698487639427 ], [ 542369.377641279716045, 5745396.054675802588463 ], [ 542374.532469227793626, 5745393.798870324157178 ], [ 542379.442087091272697, 5745391.047007457353175 ], [ 542384.059212013497017, 5745387.82559004984796 ], [ 542388.339378190692514, 5745384.165643095970154 ], [ 542392.24136511515826, 5745380.102414931170642 ], [ 542395.727594559430145, 5745375.675037712790072 ], [ 542398.764492472168058, 5745370.926150538027287 ], [ 542401.322812305530533, 5745365.901488740928471 ], [ 542403.377916659694165, 5745360.649443412199616 ], [ 542404.910014529014006, 5745355.220595340244472 ], [ 542405.904351871577092, 5745349.667227852158248 ], [ 542406.351353663951159, 5745344.042823280207813 ], [ 542406.246716075693257, 5745338.401547878980637 ], [ 542405.591447877930477, 5745332.797730184160173 ], [ 542404.39186068775598, 5745327.285337769426405 ], [ 542402.782842031796463, 5745322.299620958045125 ], [ 542403.84664591983892, 5745319.467122108675539 ], [ 542405.304230969282798, 5745314.017688349820673 ], [ 542406.222403240739368, 5745308.451161807402968 ], [ 542406.592321232077666, 5745302.82115151360631 ], [ 542406.410423476365395, 5745297.181877685710788 ], [ 542405.678462800802663, 5745291.587649543769658 ], [ 542404.403489405522123, 5745286.092342290095985 ], [ 542402.597782927448861, 5745280.748878276906908 ], [ 542400.278734144521877, 5745275.608717336319387 ], [ 542397.468677459983155, 5745270.721361238509417 ], [ 542396.808888092520647, 5745269.796874119900167 ], [ 542397.538634488591924, 5745267.468085345812142 ], [ 542398.238181087072007, 5745267.301865364424884 ], [ 542403.557183158351108, 5745265.469678708352149 ], [ 542404.829187171650119, 5745264.886096600443125 ], [ 542408.25034636282362, 5745266.134512974880636 ], [ 542408.972762653953396, 5745270.147651106119156 ], [ 542410.509901197161525, 5745275.575008498504758 ], [ 542412.569876290275715, 5745280.825074615888298 ], [ 542415.132850018329918, 5745285.847287736833096 ], [ 542418.174140159972012, 5745290.593280348926783 ], [ 542421.664457866223529, 5745295.017344989813864 ], [ 542425.57018971175421, 5745299.076874467544258 ], [ 542429.853721401304938, 5745302.732772245071828 ], [ 542434.473800013656728, 5745305.949828984215856 ], [ 542439.385931297554635, 5745308.697061682119966 ], [ 542444.542808188940398, 5745310.948012090288103 ], [ 542449.89476642513182, 5745312.681001551449299 ], [ 542455.390262867207639, 5745313.879339815117419 ], [ 542460.976371920551173, 5745314.531485792249441 ], [ 542466.59929527528584, 5745314.631158718839288 ], [ 542472.204880051431246, 5745314.177398648113012 ], [ 542477.739140362478793, 5745313.174575709737837 ], [ 542483.148777268244885, 5745311.632348007522523 ], [ 542488.38169211091008, 5745309.565568592399359 ], [ 542493.387488288572058, 5745306.994142392650247 ], [ 542497.855876145767979, 5745304.111885150894523 ], [ 542500.200984270428307, 5745304.567140511237085 ], [ 542500.574221915681846, 5745304.60205049905926 ], [ 542500.943151053972542, 5745304.668663820251822 ], [ 542503.373199708992615, 5745304.863846416585147 ], [ 542505.800498184515163, 5745305.090877437032759 ], [ 542506.175349209923297, 5745305.088915481232107 ], [ 542506.549009803682566, 5745305.118927885778248 ], [ 542508.986425876966678, 5745305.074201894924045 ], [ 542511.424216521321796, 5745305.061441409401596 ], [ 542511.797070838743821, 5745305.022626399062574 ], [ 542512.171864259638824, 5745305.015748851932585 ], [ 542514.593173677683808, 5745304.731545006856322 ], [ 542517.017978743999265, 5745304.47911592386663 ], [ 542517.38524547952693, 5745304.403821677900851 ], [ 542517.757562205428258, 5745304.360120416618884 ], [ 542520.139446039684117, 5745303.839175840839744 ], [ 542522.527912832447328, 5745303.349509306252003 ], [ 542522.886054941569455, 5745303.23846098408103 ], [ 542523.252309290342964, 5745303.158356887288392 ], [ 542525.571828245301731, 5745302.405688743107021 ], [ 542527.900954139302485, 5745301.683500704355538 ], [ 542528.246522462461144, 5745301.537767790257931 ], [ 542528.603187137516215, 5745301.422032346017659 ], [ 542530.838002547738142, 5745300.444889508187771 ], [ 542533.085356468800455, 5745299.497135285288095 ], [ 542533.415022955159657, 5745299.31812131498009 ], [ 542533.758663012995385, 5745299.167869162745774 ], [ 542535.887252053362317, 5745297.975662388838828 ], [ 542538.031190454843454, 5745296.811469697393477 ], [ 542538.341780185350217, 5745296.60089873149991 ], [ 542538.669086148031056, 5745296.417576934210956 ], [ 542540.670949150226079, 5745295.021788182668388 ], [ 542542.690824435208924, 5745293.65236924868077 ], [ 542542.979346225503832, 5745293.4122692681849 ], [ 542543.287165930261835, 5745293.197643371298909 ], [ 542545.143023681710474, 5745291.611715273931623 ], [ 542547.0193831945071, 5745290.050258786417544 ], [ 542547.28305841027759, 5745289.782942151650786 ], [ 542547.568427359103225, 5745289.539079187437892 ], [ 542549.260406857007183, 5745287.778285535052419 ], [ 542550.975180150591768, 5745286.039829634130001 ], [ 542551.211469450616278, 5745285.747870825231075 ], [ 542551.471639378578402, 5745285.47711939830333 ], [ 542552.983445908175781, 5745283.558418081142008 ], [ 542554.520118827349506, 5745281.65970547683537 ], [ 542554.726746635045856, 5745281.345916276797652 ], [ 542554.959211962064728, 5745281.050883945077658 ], [ 542556.276286089792848, 5745278.9927535681054 ], [ 542557.620059743989259, 5745276.952070331200957 ], [ 542557.795036141527817, 5745276.619472772814333 ], [ 542557.997558122500777, 5745276.303000929765403 ], [ 542559.107215900206938, 5745274.125262804329395 ], [ 542560.24514918832574, 5745271.9622622737661 ], [ 542560.386789093143307, 5745271.614059515297413 ], [ 542560.557417364208959, 5745271.279196009971201 ], [ 542561.448972440091893, 5745269.002823322080076 ], [ 542562.370106709538959, 5745266.738336751237512 ], [ 542562.477046100189909, 5745266.377882223576307 ], [ 542562.614137461176142, 5745266.027852036990225 ], [ 542565.203461847733706, 5745258.326098903082311 ], [ 542568.942318848567083, 5745248.641884540207684 ], [ 542569.421996518387459, 5745247.191900316625834 ], [ 542569.96625505911652, 5745245.765053251758218 ], [ 542579.272285622777417, 5745217.248610155656934 ], [ 542580.493792485212907, 5745216.536340757273138 ], [ 542585.055561626912095, 5745213.236687141470611 ], [ 542589.27299515879713, 5745209.504324369132519 ], [ 542593.105476759606972, 5745205.375198186375201 ], [ 542596.516097610932775, 5745200.889075385406613 ], [ 542599.472011848702095, 5745196.089160798117518 ], [ 542601.944752874784172, 5745191.021681172773242 ], [ 542603.910507487831637, 5745185.735439934767783 ], [ 542605.350345193874091, 5745180.281347176060081 ], [ 542606.250400484423153, 5745174.711929303593934 ], [ 542606.602006335859187, 5745169.080823196098208 ], [ 542606.401777638006024, 5745163.44225961342454 ], [ 542605.651643754448742, 5745157.850540932267904 ], [ 542604.358829901786521, 5745152.359518175944686 ], [ 542602.535787526867352, 5745147.022072430700064 ], [ 542600.690518602263182, 5745142.967301906086504 ], [ 542610.055725040845573, 5745145.589500414207578 ], [ 542639.389262386830524, 5745154.765448761172593 ], [ 542640.171048916177824, 5745154.968360585160553 ], [ 542640.936772965709679, 5745155.225641182623804 ], [ 542642.891937092528678, 5745155.674563506618142 ], [ 542644.833724208641797, 5745156.178551227785647 ], [ 542645.631570265395567, 5745156.303605827502906 ], [ 542646.418742898036726, 5745156.484346975572407 ], [ 542648.408351141493767, 5745156.738838605582714 ], [ 542650.390026435256004, 5745157.049445948563516 ], [ 542651.196248188265599, 5745157.095438929274678 ], [ 542651.997288357350044, 5745157.197899930179119 ], [ 542654.002179304021411, 5745157.255509867332876 ], [ 542656.004657833953388, 5745157.369745410978794 ], [ 542656.811490794993006, 5745157.336233814246953 ], [ 542657.618683880195022, 5745157.359427875839174 ], [ 542659.619548942428082, 5745157.219601270742714 ], [ 542661.623545387992635, 5745157.136364835314453 ], [ 542662.423219153890386, 5745157.023671402595937 ], [ 542663.228791302070022, 5745156.967375153675675 ], [ 542665.206360712181777, 5745156.631458653137088 ], [ 542667.192575087421574, 5745156.35155189409852 ], [ 542667.977388217230327, 5745156.160761952400208 ], [ 542668.773581177112646, 5745156.025517586618662 ], [ 542670.708809479838237, 5745155.496746367774904 ], [ 542672.658113117679022, 5745155.022865052334964 ], [ 542673.420507289003581, 5745154.755816084332764 ], [ 542674.199653151910752, 5745154.542926133610308 ], [ 542674.398204641183838, 5745154.467019095085561 ], [ 542677.079017863958143, 5745157.659768769517541 ], [ 542681.106335126678459, 5745161.597777632065117 ], [ 542685.498994508758187, 5745165.120783167891204 ], [ 542690.214692066889256, 5745168.19485588464886 ], [ 542695.208012627088465, 5745170.790389815345407 ], [ 542700.430867174640298, 5745172.88238768465817 ], [ 542705.832956000580452, 5745174.450701689347625 ], [ 542711.362253144732676, 5745175.480227540247142 ], [ 542716.965507468557917, 5745175.96104996278882 ], [ 542722.588755530654453, 5745175.888538201339543 ], [ 542728.177841323893517, 5745175.263390601612628 ], [ 542733.678937868098728, 5745174.091627912595868 ], [ 542739.039065632969141, 5745172.384535280056298 ], [ 542744.206602796330117, 5745170.158553543500602 ], [ 542749.131782423937693, 5745167.435120897367597 ], [ 542753.767171780695207, 5745164.240466367453337 ], [ 542758.068129154504277, 5745160.605357212945819 ], [ 542761.993233795976266, 5745156.564802561886609 ], [ 542765.504684828454629, 5745152.157716216519475 ], [ 542768.568665291764773, 5745147.426541858352721 ], [ 542771.155667806742713, 5745142.416844245046377 ], [ 542773.240778734092601, 5745137.176870363764465 ], [ 542774.803918080055155, 5745131.75708475522697 ], [ 542775.830032849684358, 5745126.209683483466506 ], [ 542776.309241981361993, 5745120.588091429322958 ], [ 542776.236931468360126, 5745114.946447777561843 ], [ 542775.613798754522577, 5745109.339084611274302 ], [ 542774.445845977519639, 5745103.820003676228225 ], [ 542772.744322124635801, 5745098.442356307059526 ], [ 542758.016545363585465, 5745058.761986905708909 ], [ 542757.37557472800836, 5745057.26423260755837 ], [ 542756.79705801862292, 5745055.741101308725774 ], [ 542756.449630999006331, 5745055.041531503200531 ], [ 542756.152546088793315, 5745054.318996399641037 ], [ 542735.926202925504185, 5745011.252427304163575 ], [ 542722.908779098652303, 5744964.762787693180144 ], [ 542951.044402497936971, 5744930.499388731084764 ], [ 542951.275916659738868, 5744930.452861784957349 ], [ 542951.510660471394658, 5744930.427385934628546 ], [ 542954.03241576673463, 5744929.898893074132502 ], [ 542956.558421737980098, 5744929.391245366074145 ], [ 542956.784275484154932, 5744929.322175581008196 ], [ 542957.015399971976876, 5744929.273737920448184 ], [ 542959.473379402188584, 5744928.49980294238776 ], [ 542961.93762547231745, 5744927.746194777078927 ], [ 542962.155643672100268, 5744927.655247355811298 ], [ 542962.38092293869704, 5744927.584314385429025 ], [ 542964.75145438441541, 5744926.572390980087221 ], [ 542967.130208153044805, 5744925.58008028101176 ], [ 542967.338291143998504, 5744925.468131126835942 ], [ 542967.555555587168783, 5744925.375385995022953 ], [ 542969.815809203311801, 5744924.135219877585769 ], [ 542972.086161626852117, 5744922.913763497956097 ], [ 542972.28230542212259, 5744922.781890777871013 ], [ 542972.489462644793093, 5744922.668226706795394 ], [ 542974.617670652456582, 5744921.211761774495244 ], [ 542976.757756768958643, 5744919.772923392243683 ], [ 542976.940072390716523, 5744919.622397144325078 ], [ 542977.135127320536412, 5744919.488908825442195 ], [ 542979.110793707659468, 5744917.830172105692327 ], [ 542981.100003163330257, 5744916.187808948569 ], [ 542981.266734792618081, 5744916.020078873261809 ], [ 542981.447808939381503, 5744915.868051907978952 ], [ 542983.251906928257085, 5744914.023018364794552 ], [ 542985.071082400740124, 5744912.192947810515761 ], [ 542985.220624315785244, 5744912.009629286825657 ], [ 542985.385973833501339, 5744911.840527822263539 ], [ 542987.001128989155404, 5744909.826966590248048 ], [ 542988.632750820252113, 5744907.826813726685941 ], [ 542988.763662857818417, 5744907.629672259092331 ], [ 542988.9116953429766, 5744907.445124877616763 ], [ 542990.322352927178144, 5744905.282428119331598 ], [ 542991.750707816332579, 5744903.131455997005105 ], [ 542991.86172923608683, 5744902.922390207648277 ], [ 542991.991019067238085, 5744902.724174240604043 ], [ 542993.183593839523382, 5744900.433170367963612 ], [ 542994.394926164764911, 5744898.152094450779259 ], [ 542994.484987797099166, 5744897.933117792010307 ], [ 542994.594289857894182, 5744897.723142209462821 ], [ 542995.557296909857541, 5744895.325895299203694 ], [ 542996.539941185736097, 5744892.936683938838542 ], [ 542996.608175718225539, 5744892.709905302152038 ], [ 542996.696437396574765, 5744892.490192323923111 ], [ 542997.420602793805301, 5744890.009789504110813 ], [ 542998.165095959790051, 5744887.535452458076179 ], [ 542998.210846290457994, 5744887.303055877797306 ], [ 542998.277217613416724, 5744887.075721489265561 ], [ 542998.755567652289756, 5744884.536050641909242 ], [ 542999.254740236210637, 5744882.000417407602072 ], [ 542999.27756580512505, 5744881.764641004614532 ], [ 542999.321407618233934, 5744881.531874577514827 ], [ 542999.549335968331434, 5744878.957394334487617 ], [ 542999.798381120548584, 5744876.384884595870972 ], [ 542999.798062147921883, 5744876.147999039851129 ], [ 542999.818952272646129, 5744875.912042258307338 ], [ 542999.794264334603213, 5744873.327546358108521 ], [ 542999.790784088545479, 5744870.742934875190258 ], [ 542999.767323690350167, 5744870.507221505977213 ], [ 542999.765060987672769, 5744870.270346770063043 ], [ 542999.487995003350079, 5744867.700725327245891 ], [ 542999.232023358112201, 5744865.128903310745955 ], [ 542999.185647514765151, 5744864.896632166579366 ], [ 542999.160253819893114, 5744864.66112070903182 ], [ 542998.633478562580422, 5744862.131120493635535 ], [ 542998.127481134491973, 5744859.596855883486569 ], [ 542998.058636512374505, 5744859.370263849385083 ], [ 542998.0103564230958, 5744859.138383754529059 ], [ 542997.238945472287014, 5744856.672369863837957 ], [ 542996.48779573617503, 5744854.200068823993206 ], [ 542996.397145384340547, 5744853.981338084675372 ], [ 542996.326443904312328, 5744853.755322469398379 ], [ 542990.039122877409682, 5744836.64454760029912 ], [ 542990.611537471646443, 5744835.240112110041082 ], [ 542990.734547822386958, 5744834.826531760394573 ], [ 542990.891379781067371, 5744834.424633992835879 ], [ 542991.538297810475342, 5744832.124196035787463 ], [ 542992.219538996461779, 5744829.833753744140267 ], [ 542992.301551389042288, 5744829.410068486817181 ], [ 542992.41836386139039, 5744828.994683588854969 ], [ 542992.837420590571128, 5744826.641707321628928 ], [ 542993.291611783206463, 5744824.295303315855563 ], [ 542993.331836465746164, 5744823.865593514405191 ], [ 542993.407504556002095, 5744823.440721902996302 ], [ 542993.594664655043744, 5744821.057867927476764 ], [ 542993.817432163283229, 5744818.678099533542991 ], [ 542993.815481829224154, 5744818.246503542177379 ], [ 542993.849276888649911, 5744817.816236988641322 ], [ 542993.802738340804353, 5744815.426453585736454 ], [ 542993.7919372349279, 5744813.036239328794181 ], [ 542993.747830747743137, 5744812.606913655996323 ], [ 542993.739427391556092, 5744812.175395872443914 ], [ 542993.45963883609511, 5744809.801697964780033 ], [ 542993.215373582788743, 5744807.424056893214583 ], [ 542993.129535791580565, 5744807.001136161386967 ], [ 542993.079015029245056, 5744806.57252290006727 ], [ 542992.797315471456386, 5744805.283785870298743 ], [ 542993.389851052430458, 5744804.88433893956244 ], [ 542994.045286607230082, 5744804.508003094233572 ], [ 542995.722569888923317, 5744803.3117790017277 ], [ 542997.430674203322269, 5744802.160291000269353 ], [ 542998.013195736333728, 5744801.678123452700675 ], [ 542998.628707901225425, 5744801.239145078696311 ], [ 543000.181045987759717, 5744799.883739368990064 ], [ 543001.768427252885886, 5744798.569823463447392 ], [ 543002.301037040422671, 5744798.032693377695978 ], [ 543002.870698065380566, 5744797.535300198942423 ], [ 543004.283141022897325, 5744796.033766553737223 ], [ 543005.734511832124554, 5744794.570076857693493 ], [ 543006.212080555502325, 5744793.983157211914659 ], [ 543006.730404269765131, 5744793.432139554992318 ], [ 543007.989349511568435, 5744791.798938941210508 ], [ 543009.290732383960858, 5744790.199571968987584 ], [ 543009.708660812699236, 5744789.568515278398991 ], [ 543010.170655494672246, 5744788.96917987242341 ], [ 543011.263978762202896, 5744787.220041303895414 ], [ 543012.402840771363117, 5744785.500400193966925 ], [ 543012.757104083662853, 5744784.831283995881677 ], [ 543013.158320505404845, 5744784.18940291646868 ], [ 543025.236401281435974, 5744762.578110902570188 ], [ 543026.07537833461538, 5744760.887448193505406 ], [ 543026.96862028259784, 5744759.225003312341869 ], [ 543027.327856203191914, 5744758.363519496284425 ], [ 543027.742694631102495, 5744757.527558329515159 ], [ 543028.412458471488208, 5744755.762533730827272 ], [ 543029.138982699951157, 5744754.020254756323993 ], [ 543029.412324160803109, 5744753.127592967823148 ], [ 543029.743493847665377, 5744752.254863042384386 ], [ 543030.2375945384847, 5744750.432474949397147 ], [ 543030.790404478786513, 5744748.627141220495105 ], [ 543030.975219193380326, 5744747.711898380890489 ], [ 543031.2195309282979, 5744746.810804680921137 ], [ 543031.533210308640264, 5744744.948603881523013 ], [ 543031.906982397427782, 5744743.097601938061416 ], [ 543031.955501635209657, 5744742.620661259628832 ], [ 543032.500063403043896, 5744742.299968655221164 ], [ 543033.757790528819896, 5744741.381937856785953 ], [ 543035.054458654834889, 5744740.52016291860491 ], [ 543036.030097133480012, 5744739.723352080211043 ], [ 543037.047386459889822, 5744738.980819238349795 ], [ 543038.209367592004128, 5744737.943525839596987 ], [ 543039.415598225663416, 5744736.95838800817728 ], [ 543040.308692023507319, 5744736.069471150636673 ], [ 543041.248538898304105, 5744735.230475027114153 ], [ 543042.303583466564305, 5744734.083909030072391 ], [ 543043.407759910915047, 5744732.984895993955433 ], [ 543044.209708038833924, 5744732.012434108182788 ], [ 543045.063061201246455, 5744731.085054933093488 ], [ 543046.001008565886877, 5744729.840258683077991 ], [ 543046.992497003055178, 5744728.637954836711287 ], [ 543047.695576292346232, 5744727.591313499026 ], [ 543048.454217517282814, 5744726.584482667967677 ], [ 543049.266034806962125, 5744725.253444513306022 ], [ 543050.135286721284501, 5744723.959428988397121 ], [ 543050.732726214104332, 5744722.848688148893416 ], [ 543051.38934944558423, 5744721.772102219983935 ], [ 543052.067218537675217, 5744720.367641053162515 ], [ 543052.805862678680569, 5744718.994376190938056 ], [ 543053.291908826795407, 5744717.830233092419803 ], [ 543053.840190540649928, 5744716.694260383956134 ], [ 543054.377583361230791, 5744715.229902162216604 ], [ 543054.978506347630173, 5744713.790613496676087 ], [ 543055.34847841958981, 5744712.584279654547572 ], [ 543055.783138517057523, 5744711.39986037928611 ], [ 543056.174879892845638, 5744709.889707869850099 ], [ 543056.632294721668586, 5744708.398256736807525 ], [ 543056.882629875442944, 5744707.161349942907691 ], [ 543057.199482526164502, 5744705.939890852198005 ], [ 543057.441800022148527, 5744704.398487805388868 ], [ 543057.751301786629483, 5744702.869237846694887 ], [ 543057.879589372547343, 5744701.613670282997191 ], [ 543058.075583321624435, 5744700.366934808902442 ], [ 543059.70075127214659, 5744685.236012953333557 ], [ 543059.734382977359928, 5744684.657481643371284 ], [ 543059.81286161497701, 5744684.083340880461037 ], [ 543059.898028465919197, 5744681.842457633465528 ], [ 543060.028170928126201, 5744679.603750875219703 ], [ 543060.005119993118569, 5744679.024698425084352 ], [ 543060.02712895849254, 5744678.445605209097266 ], [ 543059.892958522541448, 5744676.207138665951788 ], [ 543059.803759791771881, 5744673.96641530841589 ], [ 543059.724248318001628, 5744673.392418310046196 ], [ 543059.689575761207379, 5744672.813949625007808 ], [ 543059.337360590463504, 5744670.599457409232855 ], [ 543059.029680116102099, 5744668.378296790644526 ], [ 543058.894473948166706, 5744667.814883127808571 ], [ 543058.803453891538084, 5744667.242609919048846 ], [ 543058.236586412764154, 5744665.073418688960373 ], [ 543057.713387726107612, 5744662.893211672082543 ], [ 543057.523789071012288, 5744662.345807273872197 ], [ 543057.377298189909197, 5744661.785240817815065 ], [ 543056.601238022441976, 5744659.682240881025791 ], [ 543055.867560175945982, 5744657.563983842730522 ], [ 543055.625395060400479, 5744657.03786045126617 ], [ 543055.424844233784825, 5744656.494399247691035 ], [ 543054.447065580985509, 5744654.477843360975385 ], [ 543053.509974621119909, 5744652.441936019808054 ], [ 543053.217575303977355, 5744651.94216041918844 ], [ 543052.964896022691391, 5744651.421038215979934 ], [ 543051.794815689907409, 5744649.510346588678658 ], [ 543050.663336583063938, 5744647.576395531184971 ], [ 543050.32351908646524, 5744647.107780732214451 ], [ 543050.021144853439182, 5744646.614016137085855 ], [ 543048.670031563029625, 5744644.827589422464371 ], [ 543047.35506125621032, 5744643.014219257980585 ], [ 543046.971098242560402, 5744642.581278179772198 ], [ 543046.621941135264933, 5744642.119626320898533 ], [ 543045.102806969895028, 5744640.47466838080436 ], [ 543043.617009465349838, 5744638.79934245813638 ], [ 543043.192598730558529, 5744638.406244457699358 ], [ 543042.800021342351101, 5744637.981151182204485 ], [ 543041.127496435306966, 5744636.493503437377512 ], [ 543039.485180814866908, 5744634.972355650737882 ], [ 543039.02440966013819, 5744634.622886357828975 ], [ 543038.592192731797695, 5744634.23844544403255 ], [ 543036.78238436486572, 5744632.92243433650583 ], [ 543034.99936698935926, 5744631.5701137566939 ], [ 543034.506672872230411, 5744631.267638654448092 ], [ 543034.038978866883554, 5744630.92755236569792 ], [ 543032.109316379530355, 5744629.795851410366595 ], [ 543030.202768540708348, 5744628.625381210818887 ], [ 543029.68289631837979, 5744628.372813194058836 ], [ 543029.184229358215816, 5744628.080356652848423 ], [ 543027.153296286938712, 5744627.143864391371608 ], [ 543025.141578854061663, 5744626.166516458615661 ], [ 543024.599535120185465, 5744625.966287811286747 ], [ 543024.074697580072097, 5744625.724277442321181 ], [ 543021.962052637129091, 5744624.992012464441359 ], [ 543019.864539298810996, 5744624.217198886908591 ], [ 543019.305544150294736, 5744624.071237846277654 ], [ 543018.759590429603122, 5744623.882004257291555 ], [ 543016.585579225677066, 5744623.361018409021199 ], [ 543014.422469848184846, 5744622.796200804412365 ], [ 543013.851906626368873, 5744622.705912997946143 ], [ 543013.290094464900903, 5744622.571278552524745 ], [ 542979.338995423982851, 5744616.183396532200277 ], [ 542979.684726990293711, 5744615.709801849909127 ], [ 542980.956332464003935, 5744614.058187605813146 ], [ 542981.345315466984175, 5744613.435071569867432 ], [ 542981.778332189307548, 5744612.841910464689136 ], [ 542992.008545703603886, 5744597.280152938328683 ], [ 542992.933305976679549, 5744595.710985975340009 ], [ 542993.911856355611235, 5744594.175006797537208 ], [ 542994.271296504302882, 5744593.466050262562931 ], [ 542994.679634144646116, 5744592.784265615977347 ], [ 542994.766918690293096, 5744592.599643924273551 ], [ 542994.870577530004084, 5744592.423751717433333 ], [ 542995.637581211980432, 5744590.771201878786087 ], [ 542996.461358333239332, 5744589.146390355192125 ], [ 542996.749804486054927, 5744588.405501176603138 ], [ 542997.08956726139877, 5744587.68684452213347 ], [ 542997.158394457073882, 5744587.494528500363231 ], [ 542997.244369938387536, 5744587.309289690107107 ], [ 542997.846230580355041, 5744585.589272188022733 ], [ 542998.507301224279217, 5744583.891276421956718 ], [ 542998.721975590684451, 5744583.125589874573052 ], [ 542998.989891500328667, 5744582.376982384361327 ], [ 542999.039598532370292, 5744582.178824163973331 ], [ 542999.107062689145096, 5744581.986022729426622 ], [ 542999.537984300870448, 5744580.215102502144873 ], [ 543000.029982256004587, 5744578.460275341756642 ], [ 543000.168817527475767, 5744577.677165491506457 ], [ 543000.36230651428923, 5744576.905816747806966 ], [ 543000.392414710251614, 5744576.703724712133408 ], [ 543000.440717855584808, 5744576.505217466503382 ], [ 543000.696550725260749, 5744574.700449606403708 ], [ 543001.014738077297807, 5744572.90569117013365 ], [ 543001.076397331780754, 5744572.112699845805764 ], [ 543001.193596124649048, 5744571.326038423925638 ], [ 543001.203815561719239, 5744571.121958852745593 ], [ 543001.232492545270361, 5744570.919657536782324 ], [ 543001.310773186036386, 5744569.0984230581671 ], [ 543001.452085941331461, 5744567.281017946079373 ], [ 543001.435975512373261, 5744566.485782116651535 ], [ 543001.47575556661468, 5744565.691384039819241 ], [ 543001.465987863717601, 5744565.487282334826887 ], [ 543001.474762547877617, 5744565.283135233446956 ], [ 543001.374737413483672, 5744563.462973652407527 ], [ 543001.33781499043107, 5744561.640424519777298 ], [ 543001.244090178981423, 5744560.850602742284536 ], [ 543001.206068539759144, 5744560.056118502281606 ], [ 543001.1764078035485, 5744559.853960270993412 ], [ 543001.165195721434429, 5744559.649933434091508 ], [ 543000.887828447972424, 5744557.848373873159289 ], [ 543000.673026770004071, 5744556.038232839666307 ], [ 543000.502590343705378, 5744555.261431505903602 ], [ 543000.387133327079937, 5744554.47451239824295 ], [ 543000.337865243549459, 5744554.276244523003697 ], [ 543000.306774411350489, 5744554.074302833527327 ], [ 542999.854736525798216, 5744552.308695212006569 ], [ 542999.464124579099007, 5744550.528394832275808 ], [ 542999.218618071405217, 5744549.772094903513789 ], [ 542999.026837732060812, 5744549.000319338403642 ], [ 542998.958436814486049, 5744548.807851236313581 ], [ 542998.907766690012068, 5744548.609939494170249 ], [ 542998.285411867196672, 5744546.89728741440922 ], [ 542997.72275176353287, 5744545.163972805254161 ], [ 542997.404539659968577, 5744544.43545778375119 ], [ 542997.138283076230437, 5744543.686258308589458 ], [ 542997.051408092724159, 5744543.501443523913622 ], [ 542996.981646689819172, 5744543.309467704035342 ], [ 542996.194968821713701, 5744541.66626475378871 ], [ 542995.46567954774946, 5744539.996628450229764 ], [ 542995.077826508204453, 5744539.302914219908416 ], [ 542994.739657989470288, 5744538.583505944348872 ], [ 542994.63514561962802, 5744538.408124321140349 ], [ 542994.546964806737378, 5744538.223933228291571 ], [ 542993.603540249168873, 5744536.666004076600075 ], [ 542992.714645485626534, 5744535.076125347055495 ], [ 542992.260886830626987, 5744534.423892636783421 ], [ 542991.854063213337213, 5744533.741203730925918 ], [ 542991.732919989386573, 5744533.576944258995354 ], [ 542991.627169017330743, 5744533.402311721816659 ], [ 542990.536083627957851, 5744531.944659776054323 ], [ 542989.496144088567235, 5744530.449849733151495 ], [ 542988.980849826126359, 5744529.845379769802094 ], [ 542988.509289102163166, 5744529.205984759144485 ], [ 542988.372681709122844, 5744529.054429301992059 ], [ 542988.250379036762752, 5744528.891037098132074 ], [ 542987.022140662767924, 5744527.547700010240078 ], [ 542985.841171648353338, 5744526.162354175932705 ], [ 542979.818783907685429, 5744519.762193406000733 ], [ 542978.544453204027377, 5744518.534614943899214 ], [ 542977.315639370935969, 5744517.261181876063347 ], [ 542970.213460027356632, 5744510.5897012706846 ], [ 542968.167999505065382, 5744508.849158021621406 ], [ 542966.130414547864348, 5744507.099342040717602 ], [ 542966.02396854350809, 5744507.02473736833781 ], [ 542965.924942513927817, 5744506.940473109483719 ], [ 542963.719287557760254, 5744505.409458094276488 ], [ 542961.520564208971336, 5744503.868440388701856 ], [ 542961.40734220307786, 5744503.804662660695612 ], [ 542961.300560738309287, 5744503.730542197823524 ], [ 542958.955952711286955, 5744502.423799361102283 ], [ 542956.6172658278374, 5744501.106420398689806 ], [ 542956.498358211363666, 5744501.054083809256554 ], [ 542956.384849652997218, 5744500.990820937789977 ], [ 542953.92386813799385, 5744499.92093451321125 ], [ 542951.467740299878642, 5744498.839880933985114 ], [ 542951.34429219039157, 5744498.799489492550492 ], [ 542951.22514968609903, 5744498.747693451121449 ], [ 542948.67149509943556, 5744497.924966724589467 ], [ 542946.121579656610265, 5744497.090649229474366 ], [ 542945.994779905653559, 5744497.062591914087534 ], [ 542945.87115084764082, 5744497.022761509753764 ], [ 542943.24941578891594, 5744496.455117452889681 ], [ 542940.630269496003166, 5744495.875570722855628 ], [ 542940.501339244539849, 5744495.860117731615901 ], [ 542940.374414216144942, 5744495.832636538892984 ], [ 542937.709846907760948, 5744495.525541657581925 ], [ 542935.046693179872818, 5744495.206346848979592 ], [ 542934.916874066344462, 5744495.203646984882653 ], [ 542934.787875409354456, 5744495.188779659569263 ], [ 542932.106136832386255, 5744495.14519133977592 ], [ 542929.424622575985268, 5744495.089422337710857 ], [ 542929.414872362161987, 5744495.090181464329362 ], [ 542941.058714615763165, 5744369.832086822018027 ], [ 542941.157141917501576, 5744367.584435396827757 ], [ 542941.300102235516533, 5744365.339192852377892 ], [ 542941.280501634581015, 5744364.767435250803828 ], [ 542941.30553021968808, 5744364.195890962146223 ], [ 542941.183895186870359, 5744361.949384826235473 ], [ 542941.106814099126495, 5744359.700896664522588 ], [ 542941.031449037021957, 5744359.133820083923638 ], [ 542941.000519074383192, 5744358.56256702542305 ], [ 542940.659993537585251, 5744356.338841226883233 ], [ 542940.363613796420395, 5744354.108761573210359 ], [ 542940.233210183912888, 5744353.55182724725455 ], [ 542940.146619651815854, 5744352.986366886645555 ], [ 542939.590483463485725, 5744350.806837009266019 ], [ 542939.077659769798629, 5744348.616642628796399 ], [ 542938.893473563482985, 5744348.075214099138975 ], [ 542938.752056476310827, 5744347.520992078818381 ], [ 542937.985665903077461, 5744345.406647987663746 ], [ 542937.261337403906509, 5744343.277431461960077 ], [ 542937.025142505764961, 5744342.75672291778028 ], [ 542936.830260878079571, 5744342.219076653011143 ], [ 542935.860997013514861, 5744340.190280390903354 ], [ 542934.932139710173942, 5744338.142546955496073 ], [ 542934.646210877108388, 5744337.647573022171855 ], [ 542934.399741607252508, 5744337.131680271588266 ], [ 542933.236939274705946, 5744335.207969940267503 ], [ 542932.112498828209937, 5744333.261440053582191 ], [ 542931.77958976814989, 5744332.796967513859272 ], [ 542931.483906553708948, 5744332.30779651645571 ], [ 542930.138764366740361, 5744330.507698113098741 ], [ 542928.829569965368137, 5744328.681117576546967 ], [ 542928.452886819490232, 5744328.251619458198547 ], [ 542928.110837290179916, 5744327.793881096877158 ], [ 542926.59630982845556, 5744326.134730145335197 ], [ 542925.114969856920652, 5744324.445689523592591 ], [ 542924.698140304419212, 5744324.055302022024989 ], [ 542924.313018613029271, 5744323.633404465392232 ], [ 542922.643691662116908, 5744322.131179098971188 ], [ 542922.019350314629264, 5744321.54644320346415 ], [ 542921.002962167025544, 5744318.817588550038636 ], [ 542918.527813082444482, 5744313.751914169639349 ], [ 542915.569685330381617, 5744308.954036594368517 ], [ 542912.15706776897423, 5744304.470161071978509 ], [ 542908.322826048592106, 5744300.343468757346272 ], [ 542904.103886086842977, 5744296.613700897432864 ], [ 542899.540878449333832, 5744293.316776155494153 ], [ 542894.677747059613466, 5744290.48444471322 ], [ 542889.561326008639298, 5744288.143982557579875 ], [ 542884.240888536791317, 5744286.31792882271111 ], [ 542878.76767253165599, 5744285.023868756368756 ], [ 542873.194387112045661, 5744284.274264398962259 ], [ 542867.574705046135932, 5744284.076334565877914 ], [ 542861.9627458921168, 5744284.431985358707607 ], [ 542860.785789710236713, 5744284.624068145640194 ], [ 542838.106751829735003, 5744281.919111052528024 ], [ 542818.3241163759958, 5744278.989256300032139 ], [ 542816.831974973203614, 5744278.842870946973562 ], [ 542815.348089758190326, 5744278.628020838834345 ], [ 542774.225977367255837, 5744274.728364801034331 ], [ 542773.390259613632225, 5744274.401762190274894 ], [ 542771.254999882308766, 5744273.523544809781015 ], [ 542770.771360142854974, 5744273.378282783553004 ], [ 542770.300941805006005, 5744273.194440779276192 ], [ 542768.0788554828614, 5744272.569583869539201 ], [ 542765.86807941517327, 5744271.905572382733226 ], [ 542765.372577051981352, 5744271.808569959364831 ], [ 542764.886463287519291, 5744271.671873160637915 ], [ 542762.614030995639041, 5744271.268540411256254 ], [ 542760.349029186181724, 5744270.82512937579304 ], [ 542759.84643605526071, 5744270.777320695109665 ], [ 542759.349308338714764, 5744270.689085528254509 ], [ 542757.048414448625408, 5744270.511161092668772 ], [ 542754.750999688869342, 5744270.292620649561286 ], [ 542754.24615595373325, 5744270.294466119259596 ], [ 542753.742801797692664, 5744270.255542304366827 ], [ 542737.746295126387849, 5744269.808661897666752 ], [ 542737.516029684455134, 5744269.813571548089385 ], [ 542737.286258619860746, 5744269.797664375975728 ], [ 542734.7056060123723, 5744269.873494074679911 ], [ 542732.124429741175845, 5744269.928527901880443 ], [ 542731.895752720301971, 5744269.956057725474238 ], [ 542731.665533983847126, 5744269.962822346948087 ], [ 542729.104716033209115, 5744270.292062788270414 ], [ 542726.541345024714246, 5744270.600659025833011 ], [ 542726.316458666697145, 5744270.65054390206933 ], [ 542726.088009348371997, 5744270.679915170185268 ], [ 542725.625185915152542, 5744270.762752535752952 ], [ 542693.084951556636952, 5744267.202793342061341 ], [ 542693.225151565507986, 5744267.174545272253454 ], [ 542698.60314121551346, 5744265.526953163556755 ], [ 542703.794267435790971, 5744263.358428529463708 ], [ 542708.748536100145429, 5744260.689856190234423 ], [ 542713.418234310811386, 5744257.546936837024987 ], [ 542717.758389921160415, 5744253.959939476102591 ], [ 542721.727204658207484, 5744249.96340989228338 ], [ 542725.286456670612097, 5744245.595837903209031 ], [ 542728.401868624729104, 5744240.899286643601954 ], [ 542731.043437808169983, 5744235.918987446464598 ], [ 542733.185725054470822, 5744230.702904188074172 ], [ 542734.808099714224227, 5744225.301271346397698 ], [ 542735.894938311888836, 5744219.766110179014504 ], [ 542736.43577497289516, 5744214.150727717205882 ], [ 542736.425402179709636, 5744208.509203360415995 ], [ 542735.863920882111415, 5744202.895868068560958 ], [ 542734.756739485426806, 5744197.364781124517322 ], [ 542733.114521724171937, 5744191.96920950897038 ], [ 542730.953083927743137, 5744186.761114936321974 ], [ 542728.293242666404694, 5744181.790653460659087 ], [ 542725.160614247899503, 5744177.105692457407713 ], [ 542721.585367996711284, 5744172.751349692232907 ], [ 542717.601935690036044, 5744168.769558825530112 ], [ 542713.248679954791442, 5744165.198665634728968 ], [ 542708.567524814046919, 5744162.073058730922639 ], [ 542703.603551943670027, 5744159.422838447615504 ], [ 542698.40456652699504, 5744157.273526983335614 ], [ 542693.020636887522414, 5744155.645822633057833 ], [ 542687.503612331580371, 5744154.555400504730642 ], [ 542681.906623846618459, 5744154.012761554680765 ], [ 542676.283572456217371, 5744154.023131492547691 ], [ 542651.556835325318389, 5744155.287532925605774 ], [ 542651.565435085445642, 5744154.998887231573462 ], [ 542653.459183844155632, 5744154.272582817822695 ], [ 542658.489456317387521, 5744151.751344024203718 ], [ 542663.249186492175795, 5744148.747574436478317 ], [ 542667.692535108304583, 5744145.290202946402133 ], [ 542671.776710027130321, 5744141.412526955828071 ], [ 542675.46237835357897, 5744137.151891656219959 ], [ 542678.714045235305093, 5744132.549330338835716 ], [ 542681.500395691720769, 5744127.649169179610908 ], [ 542683.794596181483939, 5744122.498600317165256 ], [ 542685.574553003069013, 5744117.147227328270674 ], [ 542686.823125042254105, 5744111.646587496623397 ], [ 542687.528288817964494, 5744106.049655447714031 ], [ 542687.683254238916561, 5744100.410332955420017 ], [ 542687.286529956385493, 5744094.782929838635027 ], [ 542686.341937685268931, 5744089.221640918403864 ], [ 542684.8585753608495, 5744083.780024095438421 ], [ 542679.849113512085751, 5744068.410795871168375 ], [ 542679.142085297731683, 5744066.555215855129063 ], [ 542678.489085487322882, 5744064.679812365211546 ], [ 542678.234427359653637, 5744064.12892144639045 ], [ 542678.022797835525125, 5744063.559995912015438 ], [ 542677.92261474870611, 5744063.35474113188684 ], [ 542677.84127412433736, 5744063.141264330595732 ], [ 542676.95636714680586, 5744061.364148392342031 ], [ 542676.123291718540713, 5744059.56199134234339 ], [ 542675.816039870376699, 5744059.038796026259661 ], [ 542675.549847498186864, 5744058.493421602994204 ], [ 542675.43009420495946, 5744058.29900711029768 ], [ 542675.328289373661391, 5744058.094557266682386 ], [ 542674.274026003433391, 5744056.413019707426429 ], [ 542673.268898159498349, 5744054.701464566402137 ], [ 542672.912011656910181, 5744054.211003420874476 ], [ 542672.59382007678505, 5744053.694432264193892 ], [ 542672.455649891286157, 5744053.512730343267322 ], [ 542672.334361309302039, 5744053.319276378490031 ], [ 542671.120894849183969, 5744051.74951099883765 ], [ 542669.953394691459835, 5744050.145040645264089 ], [ 542669.550310578662902, 5744049.692036970518529 ], [ 542669.183184203109704, 5744049.209243841469288 ], [ 542669.027927790302783, 5744049.042004342190921 ], [ 542668.888323552673683, 5744048.861409287899733 ], [ 542667.52734045649413, 5744047.418533427640796 ], [ 542666.208711746498011, 5744045.936599433422089 ], [ 542665.763311975635588, 5744045.525415797717869 ], [ 542665.350786443566903, 5744045.0810501370579 ], [ 542665.179939010529779, 5744044.929883622564375 ], [ 542665.023363593150862, 5744044.763886666856706 ], [ 542663.527970893424936, 5744043.461795629933476 ], [ 542662.070912787457928, 5744042.116669469512999 ], [ 542661.587486789212562, 5744041.751265679486096 ], [ 542661.133534958236851, 5744041.349606860429049 ], [ 542660.948741854168475, 5744041.215969104319811 ], [ 542660.776703165727668, 5744041.066168846562505 ], [ 542659.161302269785665, 5744039.91740211378783 ], [ 542657.579846992972307, 5744038.722037712112069 ], [ 542657.06305040512234, 5744038.405932698398829 ], [ 542656.572044052649289, 5744038.050848806276917 ], [ 542656.375084930215962, 5744037.936026772484183 ], [ 542656.189239783678204, 5744037.803865823894739 ], [ 542654.469387767836452, 5744036.819486292079091 ], [ 542652.778765490627848, 5744035.785395314916968 ], [ 542652.233575285878032, 5744035.521633231081069 ], [ 542651.710243044421077, 5744035.216543815098703 ], [ 542651.503014712710865, 5744035.121643267571926 ], [ 542651.305152877815999, 5744035.008394369855523 ], [ 542649.49741269776132, 5744034.197881832718849 ], [ 542647.713904837146401, 5744033.335022809915245 ], [ 542647.145571434637532, 5744033.126143738627434 ], [ 542646.594953212887049, 5744032.873986879363656 ], [ 542646.379451359272934, 5744032.799921723082662 ], [ 542646.1714783385396, 5744032.70667549688369 ], [ 542644.293259276426397, 5744032.077835344709456 ], [ 542642.434041752596386, 5744031.39451779704541 ], [ 542641.84803843148984, 5744031.242533279582858 ], [ 542641.275436904630624, 5744031.045737301930785 ], [ 542641.242572171497159, 5744031.037952274084091 ], [ 542641.052081254660152, 5744030.813864294439554 ], [ 542640.408085001516156, 5744029.955670544877648 ], [ 542639.228712229058146, 5744028.668905441649258 ], [ 542638.098065602011047, 5744027.338844832032919 ], [ 542637.326765074394643, 5744026.593768431805074 ], [ 542636.602027726476081, 5744025.803036818280816 ], [ 542635.302622218965553, 5744024.638445572927594 ], [ 542634.047478411113843, 5744023.425975670106709 ], [ 542633.207101005362347, 5744022.76033547334373 ], [ 542632.408602186013013, 5744022.044680970720947 ], [ 542631.001677899737842, 5744021.013478911481798 ], [ 542629.634124611970037, 5744019.930276131257415 ], [ 542628.732763578533195, 5744019.350482420064509 ], [ 542627.868193241534755, 5744018.716796979308128 ], [ 542626.367299554520287, 5744017.828914838843048 ], [ 542624.900506969424896, 5744016.885410691611469 ], [ 542623.946842817589641, 5744016.397047002799809 ], [ 542623.024527192930691, 5744015.851433179341257 ], [ 542621.444118401617743, 5744015.115421464666724 ], [ 542619.892212368780747, 5744014.32070211134851 ], [ 542618.895429298980162, 5744013.928471487015486 ], [ 542617.924250681884587, 5744013.476183664985001 ], [ 542616.27954674733337, 5744012.899130301550031 ], [ 542614.657472806866281, 5744012.260849083773792 ], [ 542613.627170262625441, 5744011.968528785742819 ], [ 542612.616481478326023, 5744011.61392258759588 ], [ 542611.006919212988578, 5744011.221753255464137 ], [ 542587.429113139514811, 5743927.552644361741841 ], [ 542589.385338273365051, 5743922.908080317080021 ], [ 542591.055792679893784, 5743917.521423586644232 ], [ 542592.191942687146366, 5743911.996438262984157 ], [ 542592.782847516937181, 5743906.386333390139043 ], [ 542592.822817464009859, 5743900.745137565769255 ], [ 542592.311468650354072, 5743895.127178605645895 ], [ 542591.253726680879481, 5743889.586560329422355 ], [ 542589.659779169014655, 5743884.176641538739204 ], [ 542587.544977585435845, 5743878.949522132053971 ], [ 542584.929689381155185, 5743873.955541388131678 ], [ 542581.839101809775457, 5743869.242793207988143 ], [ 542578.302979336236604, 5743864.85666296351701 ], [ 542574.35537697316613, 5743860.839390453882515 ], [ 542570.034312304342166, 5743857.22966315317899 ], [ 542568.949438574141823, 5743856.491147580556571 ], [ 542568.590680780820549, 5743855.960039501078427 ], [ 542568.048796988092363, 5743855.041750136762857 ], [ 542561.525444526807405, 5743845.131019710563123 ], [ 542560.232644972507842, 5743843.36221322696656 ], [ 542558.978671284974553, 5743841.565492701716721 ], [ 542558.570832457044162, 5743841.088522936217487 ], [ 542558.200432076118886, 5743840.581741370260715 ], [ 542556.741052352590486, 5743838.948584442958236 ], [ 542555.317584434873424, 5743837.283829791471362 ], [ 542554.865111449267715, 5743836.849263063631952 ], [ 542554.446984107373282, 5743836.381346457637846 ], [ 542552.835078897420317, 5743834.899566879495978 ], [ 542551.255825572530739, 5743833.38281019218266 ], [ 542550.763075985247269, 5743832.994831490330398 ], [ 542550.30124849115964, 5743832.570286030881107 ], [ 542548.552341296803206, 5743831.25415373314172 ], [ 542546.832511610118672, 5743829.900001797825098 ], [ 542546.30423085577786, 5743829.562347463332117 ], [ 542545.803150835679844, 5743829.185261631384492 ], [ 542543.934084488311782, 5743828.047451299615204 ], [ 542542.287409215350635, 5743826.994966374710202 ], [ 542540.328519231989048, 5743825.03340030554682 ], [ 542535.978596875793301, 5743821.458766721189022 ], [ 542531.300393728655763, 5743818.329109755344689 ], [ 542526.338963039102964, 5743815.674568740651011 ], [ 542521.142085509840399, 5743813.520707478746772 ], [ 542515.759809165145271, 5743811.88826809078455 ], [ 542510.243967390852049, 5743810.792971277609468 ], [ 542504.647679783753119, 5743810.24536494165659 ], [ 542499.024840618600138, 5743810.250722628086805 ], [ 542493.429599855560809, 5743810.808992741629481 ], [ 542487.915841688518412, 5743811.914799044840038 ], [ 542482.536665649618953, 5743813.557492423802614 ], [ 542477.343875269056298, 5743815.721253426745534 ], [ 542472.387479212833568, 5743818.385244603268802 ], [ 542471.854764921474271, 5743818.74309213180095 ], [ 542450.972001570276916, 5743818.571464547887444 ], [ 542451.039370907703415, 5743815.311988280154765 ], [ 542450.879963203449734, 5743809.672975279390812 ], [ 542450.170410338556394, 5743804.076795093715191 ], [ 542448.917546715936624, 5743798.577341735363007 ], [ 542447.133439046796411, 5743793.227577486075461 ], [ 542444.835270105162635, 5743788.079022866673768 ], [ 542442.04517321602907, 5743783.181260487996042 ], [ 542438.790019073407166, 5743778.581457569263875 ], [ 542435.10115693800617, 5743774.32391172926873 ], [ 542431.014112715958618, 5743770.449624427594244 ], [ 542426.568246817332692, 5743766.995906100608408 ], [ 542421.806375097134151, 5743763.996016936376691 ], [ 542416.77435652539134, 5743761.478846552781761 ], [ 542411.520651557133533, 5743759.468635834753513 ], [ 542406.095855456544086, 5743757.984743510372937 ], [ 542400.552211067406461, 5743757.041459733620286 ], [ 542398.808657104847953, 5743756.919114841148257 ], [ 542399.686224034405313, 5743755.974477004259825 ], [ 542400.02721103921067, 5743755.526383346877992 ], [ 542400.402203812380321, 5743755.1065255952999 ], [ 542401.732594525790773, 5743753.285325173288584 ], [ 542403.098304861574434, 5743751.490633570589125 ], [ 542403.393872274667956, 5743751.01116557046771 ], [ 542403.726040258188732, 5743750.556453409604728 ], [ 542404.87209803739097, 5743748.613194460980594 ], [ 542406.055895198020153, 5743746.692843443714082 ], [ 542406.303196585504338, 5743746.186618733219802 ], [ 542406.589340857113712, 5743745.701431391760707 ], [ 542407.540028726332821, 5743743.654828951694071 ], [ 542408.530512302881107, 5743741.627312906086445 ], [ 542408.727166079799645, 5743741.099206793121994 ], [ 542408.964530966710299, 5743740.588216980919242 ], [ 542409.710693540633656, 5743738.457981285639107 ], [ 542410.49832490622066, 5743736.342826623469591 ], [ 542410.642437265720218, 5743735.797925126738846 ], [ 542410.828736885916442, 5743735.266054035164416 ], [ 542411.363188539282419, 5743733.072700682096183 ], [ 542411.9403826930793, 5743730.890277773141861 ], [ 542412.030565841821954, 5743730.333828659728169 ], [ 542412.164006114704534, 5743729.786198551766574 ], [ 542412.481600153958425, 5743727.550850940868258 ], [ 542412.842798774596304, 5743725.322177911177278 ], [ 542412.87818429840263, 5743724.759540115483105 ], [ 542412.957480216515251, 5743724.201425023376942 ], [ 542413.055158439907245, 5743721.945610898546875 ], [ 542413.196883389842696, 5743719.692151209339499 ], [ 542413.177130610798486, 5743719.12874327134341 ], [ 542413.201518613728695, 5743718.565518162213266 ], [ 542413.078340745763853, 5743716.310962297953665 ], [ 542412.999227556982078, 5743714.054418041370809 ], [ 542412.924526810180396, 5743713.495665875263512 ], [ 542412.893772133393213, 5743712.93275492824614 ], [ 542412.550924865528941, 5743710.701169899664819 ], [ 542412.251735860714689, 5743708.46327278483659 ], [ 542412.122806658502668, 5743707.914557459764183 ], [ 542412.03720559051726, 5743707.357381791807711 ], [ 542411.477991135558113, 5743705.170258864760399 ], [ 542410.961608072277158, 5743702.972560940310359 ], [ 542410.779692168813199, 5743702.439166842028499 ], [ 542410.640069194487296, 5743701.893092330545187 ], [ 542409.869873470626771, 5743699.771494504995644 ], [ 542409.14126977045089, 5743697.635160601697862 ], [ 542408.908119202242233, 5743697.122224547900259 ], [ 542408.715819056495093, 5743696.592510126531124 ], [ 542407.742059797979891, 5743694.556869281455874 ], [ 542406.8082526413491, 5743692.502473204396665 ], [ 542406.526112847379409, 5743692.014934968203306 ], [ 542406.282987564220093, 5743691.50668201316148 ], [ 542405.115042879711837, 5743689.576602159067988 ], [ 542403.985025606700219, 5743687.623928533867002 ], [ 542403.656613806961104, 5743687.166483292356133 ], [ 542403.365004874998704, 5743686.684586462564766 ], [ 542402.014122908934951, 5743684.878654954023659 ], [ 542400.698778408579528, 5743683.046508728526533 ], [ 542400.327257423312403, 5743682.623561827465892 ], [ 542399.989973243209533, 5743682.17266196385026 ], [ 542398.469163866131566, 5743680.508270513266325 ], [ 542396.981159738264978, 5743678.814295847900212 ], [ 542396.570107534760609, 5743678.429920390248299 ], [ 542396.190396363264881, 5743678.014359801076353 ], [ 542394.514305860851891, 5743676.50753700081259 ], [ 542392.867972428211942, 5743674.968047359026968 ], [ 542392.42134765884839, 5743674.625944987870753 ], [ 542392.002866328693926, 5743674.249725649133325 ], [ 542390.187636330490932, 5743672.914982593618333 ], [ 542388.398828646517359, 5743671.544803698547184 ], [ 542388.120116627425887, 5743671.37186276819557 ], [ 542387.629400913487189, 5743670.416753404773772 ], [ 542386.70507629297208, 5743668.98297743499279 ], [ 542385.836835035705008, 5743667.514336533844471 ], [ 542385.17911592964083, 5743666.615967056713998 ], [ 542384.5757210602751, 5743665.680004148744047 ], [ 542383.515773052116856, 5743664.344029268249869 ], [ 542382.508232159772888, 5743662.967842201702297 ], [ 542381.765913041075692, 5743662.138477894477546 ], [ 542381.07398381002713, 5743661.266359043307602 ], [ 542379.888620371813886, 5743660.041051115840673 ], [ 542378.75148310221266, 5743658.770571007393301 ], [ 542377.931712944060564, 5743658.018198905512691 ], [ 542377.157913042930886, 5743657.218322883360088 ], [ 542375.858549903379753, 5743656.115481979213655 ], [ 542374.602767522912472, 5743654.962943923659623 ], [ 542373.713441136642359, 5743654.294809554703534 ], [ 542372.865222692722455, 5743653.574879414401948 ], [ 542371.464373390888795, 5743652.605126182548702 ], [ 542370.102039727615193, 5743651.581629427149892 ], [ 542369.151721770176664, 5743651.004167104139924 ], [ 542368.237253539613448, 5743650.371115946210921 ], [ 542366.748408904531971, 5743649.543789324350655 ], [ 542365.292643888038583, 5743648.65919041633606 ], [ 542364.290486355544999, 5743648.177961227484047 ], [ 542363.31857508176472, 5743647.637885487638414 ], [ 542361.756073341472074, 5743646.960952813737094 ], [ 542360.220896627404727, 5743646.223770640790462 ], [ 542359.176550719887018, 5743645.843408917076886 ], [ 542358.156556323054247, 5743645.401509653776884 ], [ 542356.535445003653876, 5743644.881489912047982 ], [ 542354.935640982817858, 5743644.298823702149093 ], [ 542353.859164172783494, 5743644.022992397658527 ], [ 542352.800909602316096, 5743643.683525188826025 ], [ 542351.13680065900553, 5743643.325426270253956 ], [ 542349.487776046735235, 5743642.902887218631804 ], [ 542348.389535198453814, 5743642.734242626465857 ], [ 542347.303211867110804, 5743642.500476620160043 ], [ 542345.612131276167929, 5743642.307747068814933 ], [ 542343.929766811314039, 5743642.049404313787818 ], [ 542342.820338407647796, 5743641.98957050498575 ], [ 542341.716407990199514, 5743641.863756918348372 ], [ 542340.014641476096585, 5743641.838252741843462 ], [ 542338.315138938021846, 5743641.746594176627696 ], [ 542337.205207165563479, 5743641.796147355809808 ], [ 542336.094300919794478, 5743641.779497801326215 ], [ 542334.398237111745402, 5743641.921464601531625 ], [ 542332.697963314363733, 5743641.99737292714417 ], [ 542331.598217207705602, 5743642.155835879035294 ], [ 542330.491033566300757, 5743642.248510701581836 ], [ 542308.044369658571668, 5743645.245973292738199 ], [ 542233.361547643085942, 5743653.56200463976711 ], [ 542216.128117726184428, 5743654.640684557147324 ], [ 542215.954265212872997, 5743654.660194842144847 ], [ 542215.77936111704912, 5743654.663585236296058 ], [ 542178.900303564383648, 5743657.198480986058712 ], [ 542177.430982716265135, 5743657.273498872295022 ], [ 542176.204405176336877, 5743653.58169211819768 ], [ 542173.91206178907305, 5743648.430621339008212 ], [ 542171.127516628825106, 5743643.529782064259052 ], [ 542167.877586924936622, 5743638.926371155306697 ], [ 542164.193571626674384, 5743634.664720976725221 ], [ 542160.110949964611791, 5743630.785872508771718 ], [ 542155.669039759552106, 5743627.327180125750601 ], [ 542150.910618773545139, 5743624.321951909922063 ], [ 542145.881512745865621, 5743621.79912889841944 ], [ 542140.630154084297828, 5743619.78300641104579 ], [ 542135.207115458673798, 5743618.293000107631087 ], [ 542129.664622787968256, 5743617.343459027819335 ], [ 542124.056052312371321, 5743616.943527418188751 ], [ 542121.874204504536465, 5743616.895650886930525 ], [ 542121.817286397214048, 5743616.897205627523363 ], [ 542121.760482569457963, 5743616.893268764950335 ], [ 542116.161148658953607, 5743616.781556864269078 ], [ 542110.54082776256837, 5743616.946275792084634 ], [ 542104.963662022026256, 5743617.662892248481512 ], [ 542099.483361572609283, 5743618.924505095928907 ], [ 542094.152703754254617, 5743620.718964772298932 ], [ 542089.023024875088595, 5743623.028990278951824 ], [ 542084.143725846312009, 5743625.832335602492094 ], [ 542079.561796451103874, 5743629.102003900334239 ], [ 542075.321362828603014, 5743632.80650747846812 ], [ 542071.46326252783183, 5743636.910170984454453 ], [ 542068.024651224841364, 5743641.373474946245551 ], [ 542065.038644892047159, 5743646.15343633107841 ], [ 542062.534000862622634, 5743651.204022442921996 ], [ 542060.534840863198042, 5743656.476594219915569 ], [ 542059.64244280429557, 5743659.771457637660205 ], [ 542010.168133955798112, 5743658.489314833655953 ], [ 541993.94258177257143, 5743657.034588934853673 ], [ 541936.881854260805994, 5743651.668071972206235 ], [ 541936.75181339669507, 5743651.662277434952557 ], [ 541936.62288221239578, 5743651.644309692084789 ], [ 541923.680263456655666, 5743650.48644336592406 ], [ 541921.520238605327904, 5743650.191029674373567 ], [ 541921.967792125768028, 5743649.634437134489417 ], [ 541925.052278675255366, 5743644.917838201858103 ], [ 541927.661113000707701, 5743639.920628927648067 ], [ 541929.769171201391146, 5743634.690936044789851 ], [ 541931.356152282445692, 5743629.279125075787306 ], [ 541932.406773634953424, 5743623.737315295264125 ], [ 541932.910918181645684, 5743618.118877750821412 ], [ 541932.863731771940365, 5743612.477921248413622 ], [ 541932.265669890795834, 5743606.868771272711456 ], [ 541931.122493231319822, 5743601.345446777530015 ], [ 541929.44521217723377, 5743595.961139975115657 ], [ 541927.249980728258379, 5743590.767704086378217 ], [ 541924.557940896018408, 5743585.815153979696333 ], [ 541921.395019066520035, 5743581.151184534654021 ], [ 541917.791676293360069, 5743576.820711341686547 ], [ 541913.782614925294183, 5743572.865438191220164 ], [ 541909.406444397172891, 5743569.323455473408103 ], [ 541904.705309400567785, 5743566.228873386047781 ], [ 541899.724484015605412, 5743563.611493473872542 ], [ 541897.551651341142133, 5743562.729875258170068 ], [ 541895.404091431875713, 5743493.440571429207921 ], [ 541895.36194312677253, 5743492.914260989055037 ], [ 541895.361756384256296, 5743492.386254586279392 ], [ 541894.593551076482981, 5743476.810558227822185 ], [ 541894.040452429675497, 5743471.196852628141642 ], [ 541892.9415774254594, 5743465.664572852663696 ], [ 541891.307509804028086, 5743460.266997374594212 ], [ 541889.153987406287342, 5743455.056107207201421 ], [ 541886.501750574912876, 5743450.08208533283323 ], [ 541883.376342385541648, 5743445.392833418212831 ], [ 541879.807862630113959, 5743441.033510548062623 ], [ 541875.83067792467773, 5743437.04609835613519 ], [ 541871.483090730966069, 5743433.468996741808951 ], [ 541866.806970484205522, 5743430.336654115468264 ], [ 541861.84735037421342, 5743427.679235678166151 ], [ 541856.651993667939678, 5743425.522332948632538 ], [ 541851.270933744148351, 5743423.886717325076461 ], [ 541845.755992274964228, 5743422.788140102289617 ], [ 541840.160280187148601, 5743422.23718077596277 ], [ 541834.537686213036068, 5743422.239145179279149 ], [ 541828.942357952008024, 5743422.79401439614594 ], [ 541823.4281804402126, 5743423.896444938145578 ], [ 541818.04825724766124, 5743425.535820200107992 ], [ 541812.854399099829607, 5743427.696352684870362 ], [ 541807.896624944871292, 5743430.357236037030816 ], [ 541803.222680273349397, 5743433.492845368571579 ], [ 541798.877577323932201, 5743437.072984022088349 ], [ 541794.903161609312519, 5743441.063174337148666 ], [ 541791.337708925595507, 5743445.42498965933919 ], [ 541790.936945517663844, 5743446.02718835696578 ], [ 541788.759987921919674, 5743447.553131116554141 ], [ 541786.544682806357741, 5743449.092521182261407 ], [ 541786.455648477771319, 5743449.168361557647586 ], [ 541786.359905127203092, 5743449.235472993925214 ], [ 541784.31277961935848, 5743450.993679285980761 ], [ 541782.258533585234545, 5743452.743506330996752 ], [ 541782.177337266504765, 5743452.827737016603351 ], [ 541782.08861144236289, 5743452.903940544463694 ], [ 541780.22311277105473, 5743454.854991893284023 ], [ 541778.349709193920717, 5743456.798404686152935 ], [ 541778.27713284722995, 5743456.890214520506561 ], [ 541778.196279028081335, 5743456.974776278249919 ], [ 541776.530372953508049, 5743459.099883514456451 ], [ 541774.855853783199564, 5743461.218166409991682 ], [ 541774.792596366372891, 5743461.31667122989893 ], [ 541774.720393216470256, 5743461.408776868134737 ], [ 541773.270123467431404, 5743463.687474486418068 ], [ 541771.810615330585279, 5743465.960227811709046 ], [ 541771.757286049425602, 5743466.06447899248451 ], [ 541771.694428936927579, 5743466.163241497240961 ], [ 541770.473762606736273, 5743468.573584816418588 ], [ 541769.243321583489887, 5743470.978921207599342 ], [ 541769.200434044119902, 5743471.087914766743779 ], [ 541769.14752832299564, 5743471.192383021116257 ], [ 541768.168221328989603, 5743473.711159623228014 ], [ 541767.178697597701102, 5743476.225914690643549 ], [ 541767.146664846804924, 5743476.338600973598659 ], [ 541767.104220041423105, 5743476.447768913581967 ], [ 541766.375704003265128, 5743479.050721962936223 ], [ 541765.636627601576038, 5743481.650677569210529 ], [ 541765.615758149884641, 5743481.765971357002854 ], [ 541765.584183043567464, 5743481.878787647001445 ], [ 541765.113474394776858, 5743484.540849568322301 ], [ 541764.631963467458263, 5743487.200966962613165 ], [ 541764.622458319179714, 5743487.317757923156023 ], [ 541764.602057016920298, 5743487.433136095292866 ], [ 541764.481977174058557, 5743488.986541217193007 ], [ 541685.491386385052465, 5743488.259426468983293 ], [ 541681.631239306763746, 5743486.654408852569759 ], [ 541676.251019575865939, 5743485.015878924168646 ], [ 541670.736629531718791, 5743483.914318782277405 ], [ 541665.141174790915102, 5743483.36033664830029 ], [ 541659.518541608005762, 5743483.359267472289503 ], [ 541653.922877959557809, 5743483.91112154442817 ], [ 541648.408072111429647, 5743485.010584414936602 ], [ 541643.027233684784733, 5743486.647068060003221 ], [ 541637.832182218204252, 5743488.804812831804156 ], [ 541632.872948151547462, 5743491.463039215654135 ], [ 541630.027755060466006, 5743493.369573633186519 ], [ 541628.039141054148786, 5743494.273963660933077 ], [ 541623.170264629879966, 5743497.095326126553118 ], [ 541618.600467832526192, 5743500.381899937987328 ], [ 541614.373759965179488, 5743504.10203459020704 ], [ 541610.530846397741698, 5743508.219904195517302 ], [ 541607.108736557653174, 5743512.695852474309504 ], [ 541604.140387507271953, 5743517.486774611286819 ], [ 541601.654386536451057, 5743522.546532358042896 ], [ 541599.674675835995004, 5743527.826398314908147 ], [ 541598.220321894739754, 5743533.275525181554258 ], [ 541597.305331849493086, 5743538.841435413807631 ], [ 541596.938518552691676, 5743544.470526592805982 ], [ 541597.123415662441403, 5743550.108587631955743 ], [ 541597.858243570080958, 5743555.701320849359035 ], [ 541599.135926499497145, 5743561.194864895194769 ], [ 541600.944160611135885, 5743566.536313468590379 ], [ 541603.265532457851805, 5743571.674224860034883 ], [ 541604.212368676671758, 5743573.318940613418818 ], [ 541603.755056794383563, 5743605.586432443000376 ], [ 541572.926171081373468, 5743601.718386920168996 ], [ 541572.866776199312881, 5743601.713889726437628 ], [ 541572.808085453696549, 5743601.703695644624531 ], [ 541528.578036347171292, 5743596.247611484490335 ], [ 541528.106467137229629, 5743596.050664931535721 ], [ 541526.047292628209107, 5743595.420002215541899 ], [ 541524.003125166404061, 5743594.741976817138493 ], [ 541523.993833972257562, 5743594.739881375804543 ], [ 541523.984791244845837, 5743594.736885351128876 ], [ 541523.350500223343261, 5743594.594055667519569 ], [ 541522.728754068841226, 5743594.403633357957006 ], [ 541520.617881926591508, 5743593.978502464480698 ], [ 541518.517317443387583, 5743593.504761187359691 ], [ 541518.507866282016039, 5743593.503589512780309 ], [ 541518.498574389726855, 5743593.501497159712017 ], [ 541517.853383781737648, 5743593.421730108559132 ], [ 541517.216028030845337, 5743593.293365969322622 ], [ 541515.073786778608337, 5743593.077860984951258 ], [ 541512.937054449925199, 5743592.812966043129563 ], [ 541512.927534325863235, 5743592.812729421071708 ], [ 541512.918082766467705, 5743592.811560886912048 ], [ 541512.268206002889201, 5743592.795624634250998 ], [ 541511.621378616080619, 5743592.730554840527475 ], [ 541509.468398852855898, 5743592.726751104928553 ], [ 541507.316076146671548, 5743592.673253497108817 ], [ 541504.008886692347005, 5743592.753956123255193 ], [ 541491.810858361190185, 5743591.105375767685473 ], [ 541488.113386695738882, 5743587.833048584870994 ], [ 541487.98432893503923, 5743587.729671117849648 ], [ 541487.865330889821053, 5743587.614785685203969 ], [ 541468.673873278661631, 5743570.826126541942358 ], [ 541467.979130788124166, 5743570.276165831834078 ], [ 541467.322824627277441, 5743569.680576094426215 ], [ 541465.773211793974042, 5743568.529951644130051 ], [ 541464.259741523652337, 5743567.331882079131901 ], [ 541463.514615555410273, 5743566.852889363653958 ], [ 541462.803283032728359, 5743566.324707590043545 ], [ 541461.14872083812952, 5743565.332009903155267 ], [ 541459.525491939857602, 5743564.28854135517031 ], [ 541458.737158402916975, 5743563.885129442438483 ], [ 541457.977649982669391, 5743563.429442153312266 ], [ 541456.234072595485486, 5743562.604231124743819 ], [ 541454.516717498190701, 5743561.72541244700551 ], [ 541453.692768381210044, 5743561.401466273702681 ], [ 541452.892398462514393, 5743561.022661846131086 ], [ 541451.07659727788996, 5743560.372884425334632 ], [ 541449.281654815655202, 5743559.667178828269243 ], [ 541448.430025087669492, 5743559.425818059593439 ], [ 541447.596501553780399, 5743559.127544466406107 ], [ 541445.725963449222036, 5743558.659458125941455 ], [ 541443.870719634345733, 5743558.133661704137921 ], [ 541442.999610802042298, 5743557.977210677228868 ], [ 541442.140960822696798, 5743557.762340354733169 ], [ 541440.233699820237234, 5743557.480452853254974 ], [ 541438.336021319148131, 5743557.139629126526415 ], [ 541437.45382248738315, 5743557.069594490341842 ], [ 541436.578315178048797, 5743556.940196689218283 ], [ 541411.286689389264211, 5743554.466592902317643 ], [ 541411.050749792600982, 5743554.455200429074466 ], [ 541410.81678366381675, 5743554.42259325645864 ], [ 541380.137329601799138, 5743551.677691820077598 ], [ 541378.086852840613574, 5743551.59565429482609 ], [ 541376.039267173269764, 5743551.45906806923449 ], [ 541375.279082813300192, 5743551.483317444100976 ], [ 541374.519118348602206, 5743551.452911658212543 ], [ 541372.4705003304407, 5743551.572908782400191 ], [ 541370.419430268346332, 5743551.638335562311113 ], [ 541369.665275404928252, 5743551.737223121337593 ], [ 541368.905999779468402, 5743551.781697073951364 ], [ 541366.878969452809542, 5743552.102573240175843 ], [ 541364.844167517963797, 5743552.369382966309786 ], [ 541364.103304941556416, 5743552.541956398636103 ], [ 541363.352030247449875, 5743552.66088180616498 ], [ 541361.366108629503287, 5743553.179546906612813 ], [ 541359.367170731304213, 5743553.645170168019831 ], [ 541358.646735227666795, 5743553.889767556451261 ], [ 541357.910696512437426, 5743554.08199914637953 ], [ 541355.985008785384707, 5743554.793458336032927 ], [ 541354.041185435256921, 5743555.453411099500954 ], [ 541353.348115057102405, 5743555.767676922492683 ], [ 541352.634400672395714, 5743556.031363472342491 ], [ 541350.787492006551474, 5743556.928765227086842 ], [ 541348.917502942262217, 5743557.776692054234445 ], [ 541348.258472234359942, 5743558.157599866390228 ], [ 541347.573955538333394, 5743558.490202026441693 ], [ 541345.823612381820567, 5743559.564904187805951 ], [ 541344.045466418610886, 5743560.592639358714223 ], [ 541343.426822155714035, 5743561.036520916968584 ], [ 541342.778095309156924, 5743561.434835671447217 ], [ 541341.141174208023585, 5743562.676488633267581 ], [ 541339.471995711210184, 5743563.874134815298021 ], [ 541336.399583613383584, 5743566.315827081911266 ], [ 541335.517636801465414, 5743567.090331795625389 ], [ 541334.592945428914391, 5743567.8129150737077 ], [ 541334.412924611358903, 5743567.984543814323843 ], [ 541334.218331915326416, 5743568.139339609071612 ], [ 541333.216895637335256, 5743569.110787227749825 ], [ 541332.168720938032493, 5743570.031268628314137 ], [ 541331.366686799679883, 5743570.888773249462247 ], [ 541330.517041381099261, 5743571.698809858411551 ], [ 541330.354654829367064, 5743571.887315150350332 ], [ 541330.176122040604241, 5743572.060501523315907 ], [ 541329.27441437006928, 5743573.125751207582653 ], [ 541328.321214085444808, 5743574.144876277074218 ], [ 541327.60681665269658, 5743575.07712279073894 ], [ 541326.840399735607207, 5743575.96681184694171 ], [ 541326.697211323538795, 5743576.170378334820271 ], [ 541326.536457812879235, 5743576.360287445597351 ], [ 541325.743162708356977, 5743577.509080537594855 ], [ 541324.894116716459394, 5743578.61703479103744 ], [ 541324.274236087920144, 5743579.615045354701579 ], [ 541323.59842871397268, 5743580.575818898156285 ], [ 541323.475817439379171, 5743580.792486161924899 ], [ 541323.334391359239817, 5743580.997289136052132 ], [ 541322.657148772035725, 5743582.218562374822795 ], [ 541321.920433923369274, 5743583.404675858095288 ], [ 541321.40103996603284, 5743584.458839301019907 ], [ 541320.822350622853264, 5743585.481444746255875 ], [ 541320.72149732359685, 5743585.70912620332092 ], [ 541320.600760700763203, 5743585.926850716583431 ], [ 541320.046092976233922, 5743587.20884279999882 ], [ 541319.428804361610673, 5743588.461692822165787 ], [ 541319.0148992537288, 5743589.561857150867581 ], [ 541318.538901152322069, 5743590.636446435004473 ], [ 541318.46077712753322, 5743590.872949426993728 ], [ 541318.361892750370316, 5743591.10149871557951 ], [ 541317.935141816153191, 5743592.431863549165428 ], [ 541317.443224425893277, 5743593.73938468657434 ], [ 541317.138794460217468, 5743594.874954863451421 ], [ 541316.770071874838322, 5743595.991179266944528 ], [ 541316.715429536881857, 5743596.234226169995964 ], [ 541316.639349750475958, 5743596.471399204805493 ], [ 541316.344625658704899, 5743597.837324807420373 ], [ 541315.98281712748576, 5743599.186925087124109 ], [ 541315.790794317144901, 5743600.346965070813894 ], [ 541315.532898429199122, 5743601.494074862450361 ], [ 541315.502264053910039, 5743601.741325032897294 ], [ 541315.449721588403918, 5743601.984837729483843 ], [ 541315.289862925070338, 5743603.373169611208141 ], [ 541315.061647899565287, 5743604.751851759850979 ], [ 541314.983881735010073, 5743605.92518980242312 ], [ 541314.839296424062923, 5743607.092137787491083 ], [ 541314.832965083071031, 5743607.341210075654089 ], [ 541314.80446599284187, 5743607.588717298582196 ], [ 541314.781012536608614, 5743608.986085137352347 ], [ 541314.688589102588594, 5743610.380571765825152 ], [ 541314.725828730268404, 5743611.555908025242388 ], [ 541314.69594664813485, 5743612.73145588953048 ], [ 541314.713979362044483, 5743612.979951600544155 ], [ 541314.709798154886812, 5743613.229069722816348 ], [ 541314.822976035880856, 5743614.622016118839383 ], [ 541314.867234541568905, 5743616.0188775844872 ], [ 541315.019121543155052, 5743617.184892922639847 ], [ 541315.104230690747499, 5743618.357719507068396 ], [ 541315.146453841240145, 5743618.603245485574007 ], [ 541315.160984064219519, 5743618.782077343203127 ], [ 541315.250540830660611, 5743623.287817873060703 ], [ 541315.456632925779559, 5743625.030256571248174 ], [ 541315.206831887364388, 5743625.164978806860745 ], [ 541314.789699098211713, 5743625.347336946055293 ], [ 541312.731381711433642, 5743626.500033545307815 ], [ 541310.655090540414676, 5743627.619813967496157 ], [ 541310.2773593099555, 5743627.874331595376134 ], [ 541309.880050689564086, 5743628.096831706352532 ], [ 541307.944258040632121, 5743629.44638907071203 ], [ 541305.987362336716615, 5743630.764956309460104 ], [ 541305.636315260431729, 5743631.055393826216459 ], [ 541305.26265705935657, 5743631.315893189050257 ], [ 541303.46803170396015, 5743632.849314770661294 ], [ 541301.64937730669044, 5743634.35397069901228 ], [ 541301.328395145246759, 5743634.677531102672219 ], [ 541300.981985864927992, 5743634.973521057516336 ], [ 541299.345810949569568, 5743636.676039604470134 ], [ 541297.68291241733823, 5743638.352293997071683 ], [ 541297.395086390548386, 5743638.705861325375736 ], [ 541297.079262141953222, 5743639.034491401165724 ], [ 541295.617294966825284, 5743640.889711128547788 ], [ 541294.126166898175143, 5743642.721421224065125 ], [ 541293.874268939369358, 5743643.101590518839657 ], [ 541293.592071291641332, 5743643.459695904515684 ], [ 541292.318391477223486, 5743645.449750473722816 ], [ 541291.013394363690168, 5743647.419276325032115 ], [ 541290.799850422656164, 5743647.82238641846925 ], [ 541290.553997111856006, 5743648.206518459133804 ], [ 541289.480871049920097, 5743650.312242981046438 ], [ 541288.374572922941297, 5743652.400617362931371 ], [ 541288.201439589262009, 5743652.822786157019436 ], [ 541287.994298356003128, 5743653.229245520196855 ], [ 541287.132061084615998, 5743655.430361093021929 ], [ 541286.235116459196433, 5743657.617472171783447 ], [ 541286.104061159538105, 5743658.054634012281895 ], [ 541285.937626939616166, 5743658.479506345465779 ], [ 541285.294582592905499, 5743660.75481532048434 ], [ 541284.615629856125452, 5743663.019600330851972 ], [ 541284.527914792764932, 5743663.467545164749026 ], [ 541284.40379050525371, 5743663.906738765537739 ], [ 541283.986132321762852, 5743666.234328914433718 ], [ 541283.531710534589365, 5743668.554976970888674 ], [ 541283.488180529675446, 5743669.009390875697136 ], [ 541283.407561633153819, 5743669.458676116541028 ], [ 541283.219312299392186, 5743671.816131643950939 ], [ 541282.993798205978237, 5743674.170293792150915 ], [ 541282.994872560026124, 5743674.626800538040698 ], [ 541282.958535540034063, 5743675.08185057900846 ], [ 541283.001508434303105, 5743677.446467979811132 ], [ 541283.007074295077473, 5743679.811472423374653 ], [ 541283.052742746775039, 5743680.265675603412092 ], [ 541283.061037633451633, 5743680.722108071669936 ], [ 541284.118471257272176, 5743696.457764101214707 ], [ 541284.122291556675918, 5743696.490541679784656 ], [ 541284.122928912751377, 5743696.523536393418908 ], [ 541285.100838100886904, 5743710.831263546831906 ], [ 541289.937615264439955, 5743782.459506847895682 ], [ 541291.243245287798345, 5743802.337551354430616 ], [ 541292.203685427433811, 5743817.49220952577889 ], [ 541230.444059180095792, 5743822.857257728464901 ], [ 541228.268799172248691, 5743823.1546934209764 ], [ 541226.087661011260934, 5743823.405078374780715 ], [ 541225.484276199596934, 5743823.535436306148767 ], [ 541224.872713841381483, 5743823.619058414362371 ], [ 541222.736986249452457, 5743824.128972472622991 ], [ 541220.590812156675383, 5743824.592640391550958 ], [ 541220.003068166435696, 5743824.781706247478724 ], [ 541219.402620078530163, 5743824.92506548948586 ], [ 541217.326992805115879, 5743825.642547317780554 ], [ 541215.236451188568026, 5743826.315033014863729 ], [ 541214.670008206390776, 5743826.560986060649157 ], [ 541214.086456942954101, 5743826.762701857835054 ], [ 541212.090919060865417, 5743827.680841970257461 ], [ 541210.07614267221652, 5743828.555669284425676 ], [ 541209.536455783178098, 5743828.856140931136906 ], [ 541208.975421161856502, 5743829.114270731806755 ], [ 541207.079190521501005, 5743830.224227239377797 ], [ 541205.159582477994263, 5743831.292971413582563 ], [ 541204.651849084882997, 5743831.64506805408746 ], [ 541204.118734115618281, 5743831.957126015797257 ], [ 541202.340072257909924, 5743833.248209765180945 ], [ 541200.534119210555218, 5743834.500578581355512 ], [ 541200.063229024293832, 5743834.900909437797964 ], [ 541199.563167836284265, 5743835.263890374451876 ], [ 541197.91920407814905, 5743836.723667933605611 ], [ 541196.244298237026669, 5743838.14760076161474 ], [ 541195.814786163042299, 5743838.592310545966029 ], [ 541195.352594588184729, 5743839.002718860283494 ], [ 541193.85916115436703, 5743840.617132170125842 ], [ 541192.331432705395855, 5743842.198916180990636 ], [ 541191.947435178095475, 5743842.683722205460072 ], [ 541191.527564365067519, 5743843.137605563737452 ], [ 541190.199043840868399, 5743844.891107362695038 ], [ 541188.833205682924017, 5743846.615509508177638 ], [ 541188.49842083256226, 5743847.135742938145995 ], [ 541188.124914377578534, 5743847.628730311989784 ], [ 541186.974101249827072, 5743849.504433807916939 ], [ 541185.78330724616535, 5743851.354847564361989 ], [ 541185.500959270866588, 5743851.905498380772769 ], [ 541185.177414287347347, 5743852.43284213449806 ], [ 541184.215391691075638, 5743854.412683647125959 ], [ 541183.211110018659383, 5743856.371288890950382 ], [ 541182.983918151236139, 5743856.94705411978066 ], [ 541182.713450606097467, 5743857.503675748594105 ], [ 541181.949483583914116, 5743859.568588665686548 ], [ 541181.141386278206483, 5743861.616523277014494 ], [ 541180.971538579557091, 5743862.211858067661524 ], [ 541180.756753300898708, 5743862.792397091165185 ], [ 541180.198199579841457, 5743864.922495435923338 ], [ 541179.594069364946336, 5743867.04003696795553 ], [ 541179.483201657654718, 5743867.649207985959947 ], [ 541179.326167234918103, 5743868.248073567636311 ], [ 541178.978406343376264, 5743870.4228435466066 ], [ 541178.584061680943705, 5743872.589599115774035 ], [ 541178.533241788041778, 5743873.206739763729274 ], [ 541178.435470651835203, 5743873.818164546042681 ], [ 541178.301852103206329, 5743876.016662082634866 ], [ 541178.121091138687916, 5743878.211764783598483 ], [ 541178.130808597081341, 5743878.830931674689054 ], [ 541178.093242448172532, 5743879.449027341790497 ], [ 541178.175053469254635, 5743881.650079763494432 ], [ 541178.209617437445559, 5743883.852389615029097 ], [ 541180.75534686865285, 5743923.192422422580421 ], [ 541124.460201121168211, 5743932.166425217874348 ], [ 541123.731399660464376, 5743932.319718600250781 ], [ 541122.993475018534809, 5743932.419867318123579 ], [ 541120.981051120907068, 5743932.898216088302433 ], [ 541118.95692231238354, 5743933.323962799273431 ], [ 541118.246606262982823, 5743933.548186887055635 ], [ 541117.522018932271749, 5743933.720419353805482 ], [ 541115.566017815377563, 5743934.394362447783351 ], [ 541113.593229103484191, 5743935.017107822932303 ], [ 541112.908239093609154, 5743935.31010327488184 ], [ 541112.20396711002104, 5743935.552760875783861 ], [ 541110.323225815664046, 5743936.41580808442086 ], [ 541108.42077592771966, 5743937.2295549698174 ], [ 541107.767708671046421, 5743937.58850019145757 ], [ 541107.090534466085956, 5743937.899246083572507 ], [ 541105.303165339748375, 5743938.943086054176092 ], [ 541103.48937560711056, 5743939.939997930079699 ], [ 541102.874520412529819, 5743940.361436195671558 ], [ 541102.230965462513268, 5743940.737277833744884 ], [ 541100.554181609186344, 5743941.951858171261847 ], [ 541098.846519654733129, 5743943.122334546409547 ], [ 541098.275797875598073, 5743943.6022072955966 ], [ 541097.672059884527698, 5743944.039525252766907 ], [ 541096.122009508660994, 5743945.41314925160259 ], [ 541094.536920928047039, 5743946.745918159373105 ], [ 541094.015828888514079, 5743947.279604091309011 ], [ 541093.457722153631039, 5743947.774186887778342 ], [ 541092.04933305515442, 5743949.293626158498228 ], [ 541090.602083034464158, 5743950.775852709077299 ], [ 541090.13563912641257, 5743951.358212291263044 ], [ 541089.628538515418768, 5743951.905296956188977 ], [ 541088.375374249764718, 5743953.555918872356415 ], [ 541087.07990063552279, 5743955.173328789882362 ], [ 541086.67259700410068, 5743955.798753700219095 ], [ 541086.221386178163812, 5743956.393071655184031 ], [ 541085.135515490546823, 5743958.158980213105679 ], [ 541084.004294500336982, 5743959.895997323095798 ], [ 541083.660053748521022, 5743960.558464512228966 ], [ 541083.269078161451034, 5743961.19429228734225 ], [ 541082.360958750359714, 5743963.0584811642766 ], [ 541081.404884820454754, 5743964.89837739802897 ], [ 541081.127022247761488, 5743965.591507065109909 ], [ 541080.800047278404236, 5743966.262721407227218 ], [ 541080.07842506445013, 5743968.207237747497857 ], [ 541079.30670593585819, 5743970.132294221781194 ], [ 541079.097897606668994, 5743970.849411254748702 ], [ 541078.838072294020094, 5743971.549548107199371 ], [ 541078.309897175524384, 5743973.555665424093604 ], [ 541077.729965216713026, 5743975.547343049198389 ], [ 541077.592222185689025, 5743976.281541290692985 ], [ 541077.402048897230998, 5743977.00385804567486 ], [ 541077.119968422455713, 5743978.756713707000017 ], [ 541076.304705751826987, 5743979.334838738664985 ], [ 541075.748453662265092, 5743979.817885023541749 ], [ 541075.158781770034693, 5743980.259230310097337 ], [ 541073.623674122733064, 5743981.663031426258385 ], [ 541072.053167369100265, 5743983.026849931105971 ] ], [ [ 541803.700059208553284, 5745108.98050587810576 ], [ 541899.69591654103715, 5745141.991051618941128 ], [ 541900.615121209528297, 5745142.257347613573074 ], [ 541901.515209411154501, 5745142.582801789045334 ], [ 541925.668643787037581, 5745149.994472409598529 ], [ 541925.892434439621866, 5745150.930334514006972 ], [ 541803.244687311351299, 5745110.384132329374552 ], [ 541803.700059208553284, 5745108.98050587810576 ] ], [ [ 541740.592579940566793, 5744981.160562099888921 ], [ 541736.013582328450866, 5744977.885275397449732 ], [ 541731.136651752283797, 5744975.076049976982176 ], [ 541726.008755187853239, 5744972.759939304552972 ], [ 541720.679276383132674, 5744970.959248002618551 ], [ 541716.269477682304569, 5744969.938885250128806 ], [ 541717.284169559367001, 5744969.086404280737042 ], [ 541721.221055017551407, 5744965.057573803700507 ], [ 541724.745375606929883, 5744960.66099660191685 ], [ 541727.823190419352613, 5744955.939015137962997 ], [ 541730.42485883901827, 5744950.937105643562973 ], [ 541732.525325979688205, 5744945.703440107405186 ], [ 541734.104363954626024, 5744940.288422321900725 ], [ 541735.146766653400846, 5744934.744202432222664 ], [ 541735.642496150452644, 5744929.124174696393311 ], [ 541735.586779337492771, 5744923.482463233172894 ], [ 541734.980153852375224, 5744917.873400792479515 ], [ 541733.828462860314175, 5744912.351005481556058 ], [ 541732.142798740766011, 5744906.968460564501584 ], [ 541729.939396226080135, 5744901.777602288872004 ], [ 541727.239476017653942, 5744896.828420698642731 ], [ 541724.069040391012095, 5744892.168578224256635 ], [ 541720.458622759208083, 5744887.842950721271336 ], [ 541716.442993602249771, 5744883.893195305019617 ], [ 541712.060825603548437, 5744880.357349226251245 ], [ 541707.354321210179478, 5744877.269463583827019 ], [ 541702.368806209415197, 5744874.659275434911251 ], [ 541697.752720124670304, 5744872.794480612501502 ], [ 541757.114613243727945, 5744874.199237756431103 ], [ 541762.736303841113113, 5744874.055335626937449 ], [ 541768.316864966414869, 5744873.359294478781521 ], [ 541773.802551742992364, 5744872.117817829363048 ], [ 541779.140533056110144, 5744870.342862230725586 ], [ 541784.279400381608866, 5744868.051522105000913 ], [ 541789.169662911444902, 5744865.2658650893718 ], [ 541793.764224204001948, 5744862.012719495221972 ], [ 541798.018835768802091, 5744858.323415880091488 ], [ 541801.892523217946291, 5744854.233485305681825 ], [ 541805.347980877617374, 5744849.782317084260285 ], [ 541808.351931059965864, 5744845.012779428623617 ], [ 541810.875444534933195, 5744839.970806539058685 ], [ 541812.894219118519686, 5744834.704956221394241 ], [ 541814.388813690282404, 5744829.265942196361721 ], [ 541815.344835393130779, 5744823.706145689822733 ], [ 541815.753078209003434, 5744818.07911092415452 ], [ 541815.609611579915509, 5744812.439029481261969 ], [ 541814.915818220819347, 5744806.840218372642994 ], [ 541813.678380763507448, 5744801.336596949025989 ], [ 541811.909217359730974, 5744795.981167642399669 ], [ 541809.625366865773685, 5744790.825505536049604 ], [ 541806.848824716638774, 5744785.91926168743521 ], [ 541803.606331072049215, 5744781.309685006737709 ], [ 541799.92911327118054, 5744777.04116724152118 ], [ 541795.852585084736347, 5744773.154815506190062 ], [ 541791.416005653212778, 5744769.688056442886591 ], [ 541786.66210140439216, 5744766.674275811761618 ], [ 541781.636654581525363, 5744764.142497011460364 ], [ 541776.38806235534139, 5744762.117101616226137 ], [ 541770.96687075519003, 5744760.617594583891332 ], [ 541765.425287914345972, 5744759.658416443504393 ], [ 541759.816681311582215, 5744759.248804254457355 ], [ 541641.733283664099872, 5744756.454084571450949 ], [ 541640.615280687925406, 5744744.439426016062498 ], [ 541639.818455303437077, 5744738.854481245391071 ], [ 541638.479836795362644, 5744733.374791357666254 ], [ 541636.612317726365291, 5744728.053128271363676 ], [ 541634.233884148183279, 5744722.94074184820056 ], [ 541631.36744235327933, 5744718.086866354569793 ], [ 541628.040598249644972, 5744713.538246342912316 ], [ 541624.285391481244005, 5744709.338686505332589 ], [ 541620.137986856047064, 5744705.528629845008254 ], [ 541615.638326054788195, 5744702.144768249243498 ], [ 541610.829742975067347, 5744699.219689134508371 ], [ 541605.758546413388103, 5744696.781561680138111 ], [ 541600.473574103438295, 5744694.853865563869476 ], [ 541595.025722410064191, 5744693.455164878629148 ], [ 541589.46745619806461, 5744692.598929364234209 ], [ 541583.852303603664041, 5744692.293404722586274 ], [ 541578.234340567607433, 5744692.541533214040101 ], [ 541572.667670094757341, 5744693.340925310738385 ], [ 541567.205901252338663, 5744694.683882731944323 ], [ 541561.901632925262675, 5744696.557472545653582 ], [ 541556.805947295390069, 5744698.943651720881462 ], [ 541551.967917923466302, 5744701.819440856575966 ], [ 541549.649802658474073, 5744703.526004641316831 ], [ 541549.022858115378767, 5744703.055944602936506 ], [ 541544.210064585320652, 5744700.137842817232013 ], [ 541539.135359504143707, 5744697.70707313157618 ], [ 541533.847614392871037, 5744695.787044374272227 ], [ 541528.397752317250706, 5744694.39624678902328 ], [ 541522.838257501949556, 5744693.548074016347528 ], [ 541517.22266991448123, 5744693.250694109126925 ], [ 541511.605069684563205, 5744693.506970890797675 ], [ 541481.759898431948386, 5744696.345804190263152 ], [ 541481.875837436527945, 5744594.789710434153676 ], [ 541481.606346475193277, 5744589.154416939243674 ], [ 541480.787603640346788, 5744583.57276373077184 ], [ 541479.427494883188047, 5744578.098504876717925 ], [ 541477.539119725581259, 5744572.78435998596251 ], [ 541475.140665068873204, 5744567.681506518274546 ], [ 541472.255230013746768, 5744562.839086916297674 ], [ 541470.138721140217967, 5744559.969077394343913 ], [ 541470.96577065566089, 5744558.533750801347196 ], [ 541473.289427510346286, 5744553.396189671009779 ], [ 541475.099969479837455, 5744548.054865126498044 ], [ 541476.379960890975781, 5744542.561217696405947 ], [ 541477.11707567202393, 5744536.968154667876661 ], [ 541477.304216022603214, 5744531.329540573060513 ], [ 541477.035719514591619, 5744514.283739469014108 ], [ 541551.076816310524009, 5744482.647205490618944 ], [ 541556.136074088281021, 5744480.184555778279901 ], [ 541560.930373944807798, 5744477.236242828890681 ], [ 541565.413543672766536, 5744473.830661440268159 ], [ 541569.542407611035742, 5744470.000610241666436 ], [ 541573.277202460565604, 5744465.782975773327053 ], [ 541575.071039781556465, 5744463.305291668511927 ], [ 541588.790036427555606, 5744511.199812109582126 ], [ 541590.606521364534274, 5744516.539080459624529 ], [ 541592.935891677392647, 5744521.674010863527656 ], [ 541595.75571494945325, 5744526.555150345899165 ], [ 541599.038835265440866, 5744531.135489949956536 ], [ 541602.75363471719902, 5744535.370917499065399 ], [ 541606.864337889710441, 5744539.22064246982336 ], [ 541611.331356391427107, 5744542.647588847205043 ], [ 541616.111670116195455, 5744545.618752250447869 ], [ 541621.15924156003166, 5744548.105517807416618 ], [ 541626.425459206220694, 5744550.083935771137476 ], [ 541631.859605704317801, 5744551.534952206537127 ], [ 541637.409346338477917, 5744552.444592502899468 ], [ 541643.021233072970062, 5744552.80409599095583 ], [ 541648.641219324665144, 5744552.6100003272295 ], [ 541654.215180502040312, 5744551.864174826070666 ], [ 541659.689435294247232, 5744550.573802470229566 ], [ 541665.011262690764852, 5744548.751310728490353 ], [ 541670.129409750574268, 5744546.414251828566194 ], [ 541674.994585226639174, 5744543.585133725777268 ], [ 541679.559934295946732, 5744540.291203286498785 ], [ 541683.781489815330133, 5744536.56418386194855 ], [ 541687.61859576345887, 5744532.439969732426107 ], [ 541691.034298785030842, 5744527.958280386403203 ], [ 541693.995704068802297, 5744523.162277959287167 ], [ 541696.474292132887058, 5744518.098151521757245 ], [ 541698.446193463983946, 5744512.814672211185098 ], [ 541699.892418369301595, 5744507.362723515368998 ], [ 541700.799039827543311, 5744501.794811210595071 ], [ 541701.157327577820979, 5744496.164557663723826 ], [ 541700.963832159293815, 5744490.526185430586338 ], [ 541700.22041809046641, 5744484.933995050378144 ], [ 541698.934245872776955, 5744479.441842087544501 ], [ 541673.541762182139792, 5744390.797858542762697 ], [ 541671.72525293356739, 5744385.458683023229241 ], [ 541669.395872723893262, 5744380.323852363973856 ], [ 541666.576055450597778, 5744375.442816996015608 ], [ 541663.29295801918488, 5744370.862583037465811 ], [ 541659.578198788571171, 5744366.627259653061628 ], [ 541655.467553054681048, 5744362.777634269557893 ], [ 541651.000608510687016, 5744359.35077983699739 ], [ 541646.220383997890167, 5744356.379697816446424 ], [ 541641.172915222356096, 5744353.893000410869718 ], [ 541635.906811422551982, 5744351.914635038003325 ], [ 541630.472787262056954, 5744350.46365374699235 ], [ 541624.923174448893405, 5744349.554029754363 ], [ 541619.311417788732797, 5744349.194522905163467 ], [ 541614.318188411183655, 5744349.366955935955048 ], [ 541614.509854303090833, 5744344.755890956148505 ], [ 541614.192335382802412, 5744339.123275080695748 ], [ 541613.32605761277955, 5744333.549009590409696 ], [ 541611.919364725938067, 5744328.086777381598949 ], [ 541609.98580486618448, 5744322.78918222617358 ], [ 541607.544000076712109, 5744317.707242181524634 ], [ 541604.61746692948509, 5744312.88989828247577 ], [ 541601.234390021651052, 5744308.383543246425688 ], [ 541597.427350524347275, 5744304.231574726291001 ], [ 541544.721539652906358, 5744252.130225314758718 ], [ 541544.910445396322757, 5744251.962461360730231 ], [ 541546.657999087125063, 5744250.465768867172301 ], [ 541546.667948187328875, 5744250.455392419360578 ], [ 541546.678858453291468, 5744250.446038848720491 ], [ 541547.025683218846098, 5744250.083954388275743 ], [ 541547.400478293304332, 5744249.75110511854291 ], [ 541548.963403433212079, 5744248.061339164152741 ], [ 541550.556318600196391, 5744246.40000185649842 ], [ 541550.565206034341827, 5744246.388697001151741 ], [ 541550.575149944634177, 5744246.378315567970276 ], [ 541550.750415104324929, 5744246.15514796692878 ], [ 541551.704663205542602, 5744245.834907638840377 ], [ 541554.300768449553289, 5744244.971404296346009 ], [ 541554.370839388575405, 5744244.940153202041984 ], [ 541554.443561271880753, 5744244.915748115628958 ], [ 541556.939824235625565, 5744243.794405397959054 ], [ 541558.727673173649237, 5744242.997037766501307 ], [ 541560.704867396503687, 5744243.781219087541103 ], [ 541566.111649119644426, 5744245.331008460372686 ], [ 541571.643806638545357, 5744246.341637016274035 ], [ 541577.248061265680008, 5744246.803371482528746 ], [ 541582.870439924881794, 5744246.711764926090837 ], [ 541588.4567949824268, 5744246.067699607461691 ], [ 541589.109513938077725, 5744245.92634787876159 ], [ 541593.013403127784841, 5744247.138628419488668 ], [ 541598.52220241248142, 5744248.270429954864085 ], [ 541604.115049649844877, 5744248.855050969868898 ], [ 541609.73808163148351, 5744248.886861025355756 ], [ 541615.337144431658089, 5744248.365553761832416 ], [ 541620.858314978075214, 5744247.296149846166372 ], [ 541625.795065220445395, 5744245.824128485284746 ], [ 541630.671519062132575, 5744247.191874135285616 ], [ 541636.209314228501171, 5744248.170937461778522 ], [ 541641.816095493733883, 5744248.600704285316169 ], [ 541647.437865446903743, 5744248.477035557851195 ], [ 541653.020482316846028, 5744247.801122321747243 ], [ 541759.275599104352295, 5744229.590573636814952 ], [ 541764.765272159129381, 5744228.368861487135291 ], [ 541770.109151563141495, 5744226.613182940520346 ], [ 541775.255771986092441, 5744224.340446768328547 ], [ 541780.155567947891541, 5744221.572541438043118 ], [ 541784.76135118806269, 5744218.336124289780855 ], [ 541789.028765135793947, 5744214.662364784628153 ], [ 541792.916712102014571, 5744210.586644276976585 ], [ 541796.387749078217894, 5744206.148215236142278 ], [ 541799.408448331756517, 5744201.389823182485998 ], [ 541801.949719322961755, 5744196.357294990681112 ], [ 541803.987088847439736, 5744191.099097504280508 ], [ 541805.500936699914746, 5744185.665870757773519 ], [ 541806.476684599649161, 5744180.109940237365663 ], [ 541806.904936551931314, 5744174.484812954440713 ], [ 541806.781569298356771, 5744168.844662115909159 ], [ 541806.107771986280568, 5744163.243805412203074 ], [ 541804.890034676180221, 5744157.736181906424463 ], [ 541803.140085799735971, 5744152.374832575209439 ], [ 541800.874779171310365, 5744147.211389526724815 ], [ 541798.11593164387159, 5744142.295578751713037 ], [ 541794.89011297444813, 5744137.674741303548217 ], [ 541793.743092051823623, 5744136.333620604127645 ], [ 541793.438188247499056, 5744135.366310275159776 ], [ 541791.225370824686252, 5744130.180018817074597 ], [ 541788.516527501749806, 5744125.236308018676937 ], [ 541785.337746485834941, 5744120.582787619903684 ], [ 541781.719641556381248, 5744116.26427257899195 ], [ 541752.072978394222446, 5744084.212820425629616 ], [ 541869.85423876659479, 5744037.639012974686921 ], [ 541894.893422193825245, 5744106.377986395731568 ], [ 541897.080382804619148, 5744111.5752895148471 ], [ 541899.764575468376279, 5744116.532505818642676 ], [ 541902.920150516321883, 5744121.201893728226423 ], [ 541906.516718426020816, 5744125.538483501411974 ], [ 541910.519642473896965, 5744129.500510373152792 ], [ 541914.890372299123555, 5744133.049816802144051 ], [ 541919.586815164424479, 5744136.152219998650253 ], [ 541924.563741340651177, 5744138.777841151691973 ], [ 541929.773219711147249, 5744140.901393229141831 ], [ 541935.165079395403154, 5744142.502424525097013 ], [ 541940.687392952968366, 5744143.565515663474798 ], [ 541946.286976505653001, 5744144.080428103916347 ], [ 541951.90990196634084, 5744144.042202761396766 ], [ 541957.502016434678808, 5744143.451207785867155 ], [ 541963.009463760070503, 5744142.313135002739727 ], [ 541968.379203245858662, 5744140.638945089653134 ], [ 541973.55952049640473, 5744138.444762006402016 ], [ 541974.371023330371827, 5744138.002460923977196 ], [ 541977.299855157500133, 5744137.410292970016599 ], [ 541982.676660417811945, 5744135.759097897447646 ], [ 541987.866255965083838, 5744133.587104069069028 ], [ 541992.818662415724248, 5744130.915229721926153 ], [ 541997.486184806679375, 5744127.769207346253097 ], [ 542001.823871947475709, 5744124.179335838183761 ], [ 542002.029544405755587, 5744123.971948535181582 ], [ 542005.890052972943522, 5744125.654260974377394 ], [ 542011.242333924747072, 5744127.383776584640145 ], [ 542016.737811992992647, 5744128.578625535592437 ], [ 542022.323561759432778, 5744129.227300331927836 ], [ 542027.945788374287076, 5744129.323553648777306 ], [ 542033.550345667987131, 5744128.866458471864462 ], [ 542036.521194678498432, 5744128.326273722574115 ], [ 542037.535313859698363, 5744138.12934672087431 ], [ 542038.38954008393921, 5744143.705358296632767 ], [ 542039.784413119079545, 5744149.170519735664129 ], [ 542041.706500500557013, 5744154.472198037430644 ], [ 542044.137292283470742, 5744159.559334461577237 ], [ 542047.053379275137559, 5744164.38293628487736 ], [ 542050.426678450428881, 5744168.896548647433519 ], [ 542054.224703389802016, 5744173.056701984256506 ], [ 542058.410877129528672, 5744176.823330698534846 ], [ 542062.944884413387626, 5744180.160159039311111 ], [ 542067.783059956389479, 5744183.03505052626133 ], [ 542072.878808976151049, 5744185.420317457057536 ], [ 542078.183055946719833, 5744187.29298759624362 ], [ 542083.644717248273082, 5744188.635025452822447 ], [ 542089.211193161900155, 5744189.433505974709988 ], [ 542091.349460683413781, 5744189.527611149474978 ], [ 542091.166840736870654, 5744189.666276512667537 ], [ 542087.037316916044801, 5744193.495348121039569 ], [ 542083.301762413117103, 5744197.712073164060712 ], [ 542079.996152783161961, 5744202.275843319483101 ], [ 542077.152323180111125, 5744207.14270799420774 ], [ 542074.797661752556451, 5744212.265797537751496 ], [ 542072.954845861531794, 5744217.595774596557021 ], [ 542071.641623659525067, 5744223.081309236586094 ], [ 542070.870643133413978, 5744228.669573239050806 ], [ 542070.649330262094736, 5744234.30674884468317 ], [ 542070.979817460407503, 5744239.938547059893608 ], [ 542071.858923003077507, 5744245.510730468668044 ], [ 542073.278181625995785, 5744250.96963556855917 ], [ 542075.223926012753509, 5744256.26268960442394 ], [ 542077.67741838330403, 5744261.338916890323162 ], [ 542078.679363616742194, 5744262.979661393910646 ], [ 542078.818023414467461, 5744264.775499028153718 ], [ 542079.799744113232009, 5744270.330425029620528 ], [ 542081.319437906262465, 5744275.762064737267792 ], [ 542083.362470211810432, 5744281.018107948824763 ], [ 542085.909166287863627, 5744286.047935380600393 ], [ 542088.935000680852681, 5744290.803106190636754 ], [ 542092.41083339555189, 5744295.237824529409409 ], [ 542096.303190511185676, 5744299.309380608610809 ], [ 542100.574586545000784, 5744302.978562069125473 ], [ 542105.183885456179269, 5744306.210031639784575 ], [ 542110.086696813348681, 5744308.97266751807183 ], [ 542115.235803314717487, 5744311.23986310325563 ], [ 542120.581615536240861, 5744312.989783289842308 ], [ 542306.3914743574569, 5744363.838113319128752 ], [ 542305.734109096811153, 5744392.506610311567783 ], [ 542305.780512280529365, 5744394.29086774494499 ], [ 542305.762733224313706, 5744396.075643670745194 ], [ 542305.853807459003292, 5744397.10915351100266 ], [ 542305.880781627027318, 5744398.146341755054891 ], [ 542306.101277856389061, 5744399.917445402592421 ], [ 542306.257951549720019, 5744401.695376626215875 ], [ 542306.449558060965501, 5744402.71495436411351 ], [ 542306.577732505626045, 5744403.744496303610504 ], [ 542306.970198606955819, 5744405.485389393754303 ], [ 542307.29981652321294, 5744407.239353397861123 ], [ 542307.590110220364295, 5744408.235179879702628 ], [ 542307.818250736687332, 5744409.247160407714546 ], [ 542308.378907351754606, 5744410.941077050752938 ], [ 542308.878295398200862, 5744412.65418207924813 ], [ 542309.264480759738944, 5744413.616666852496564 ], [ 542309.590390403172933, 5744414.601339953951538 ], [ 542310.313838380621746, 5744416.231966632418334 ], [ 542310.978187447879463, 5744417.887714339420199 ], [ 542311.456545442924835, 5744418.807588020339608 ], [ 542311.877085676416755, 5744419.755470634438097 ], [ 542312.756358043756336, 5744421.307103265076876 ], [ 542313.579270324436948, 5744422.889547674916685 ], [ 542314.145194224314764, 5744423.757951224222779 ], [ 542314.656315136351623, 5744424.659914568066597 ], [ 542315.681334960041568, 5744426.11532486602664 ], [ 542315.593943287734874, 5744427.913652773015201 ], [ 542315.596027037478052, 5744433.555325791239738 ], [ 542316.149274887982756, 5744439.16963123716414 ], [ 542317.248359794029966, 5744444.70250008162111 ], [ 542318.882697941036895, 5744450.100647361949086 ], [ 542321.036550635588355, 5744455.31208538543433 ], [ 542323.689175843843259, 5744460.286624411121011 ], [ 542326.815027920063585, 5744464.976356028579175 ], [ 542330.38400360266678, 5744469.33611458633095 ], [ 542334.361731909913942, 5744473.323912190273404 ], [ 542338.709905142895877, 5744476.901343115605414 ], [ 542343.386647810111754, 5744480.033953708596528 ], [ 542348.346919918549247, 5744482.691574254073203 ], [ 542353.542950750212185, 5744484.848609524779022 ], [ 542358.924698941293173, 5744486.484285352751613 ], [ 542364.44033443776425, 5744487.58284870069474 ], [ 542370.036737679969519, 5744488.133719399571419 ], [ 542375.66001121129375, 5744488.131592058576643 ], [ 542381.255998779088259, 5744487.576487164013088 ], [ 542386.770806930027902, 5744486.473750888369977 ], [ 542392.151324073085561, 5744484.834003586322069 ], [ 542397.345732010551728, 5744482.673037515021861 ], [ 542402.304005009355024, 5744480.011664694175124 ], [ 542405.903406713390723, 5744477.59674767870456 ], [ 542402.195067198364995, 5744570.252630088478327 ], [ 542401.599891868885607, 5744571.036707794293761 ], [ 542398.647776632220484, 5744575.838507559150457 ], [ 542396.178994392044842, 5744580.907493932172656 ], [ 542394.217321518575773, 5744586.194850645959377 ], [ 542392.781650791876018, 5744591.649658247828484 ], [ 542391.885809422936291, 5744597.219384480267763 ], [ 542391.538425854756497, 5744602.850390168838203 ], [ 542391.742846627370454, 5744608.488445778377354 ], [ 542392.497104108566418, 5744614.079253677278757 ], [ 542399.163013311801478, 5744650.090191841125488 ], [ 542360.591155172674917, 5744653.251815788447857 ], [ 542355.015667054452933, 5744653.986561367288232 ], [ 542349.538807338103652, 5744655.266050652600825 ], [ 542344.213320231297985, 5744657.077961930073798 ], [ 542339.090492248651572, 5744659.404846148565412 ], [ 542334.219658328453079, 5744662.224294929765165 ], [ 542329.647726736497134, 5744665.509156350977719 ], [ 542325.418727333424613, 5744669.227796405553818 ], [ 542321.573387557058595, 5744673.344403598457575 ], [ 542318.148740200093016, 5744677.819333802908659 ], [ 542315.177766760694794, 5744682.609492018818855 ], [ 542312.689079803065397, 5744687.668747344985604 ], [ 542310.70664738479536, 5744692.948377227410674 ], [ 542309.249562205630355, 5744698.397536640055478 ], [ 542308.331857705605216, 5744703.963747723959386 ], [ 542307.96237287891563, 5744709.59340516384691 ], [ 542308.103523302474059, 5744713.959595857188106 ], [ 542307.355195472366177, 5744718.267537985928357 ], [ 542306.937363120377995, 5744723.893800568766892 ], [ 542307.071210911148228, 5744729.534063735045493 ], [ 542307.755450870958157, 5744735.134008620865643 ], [ 542314.806812939001247, 5744776.084902837872505 ], [ 542309.722856495645829, 5744777.239773072302341 ], [ 542304.3863533528056, 5744779.019008317030966 ], [ 542299.249370080069639, 5744781.314457063563168 ], [ 542294.361377928871661, 5744784.104013672098517 ], [ 542291.171818212373182, 5744786.366192487999797 ], [ 542125.336614106316119, 5744797.622499458491802 ], [ 542119.751345664844848, 5744798.279020726680756 ], [ 542114.257110551348887, 5744799.481624061241746 ], [ 542108.906820294447243, 5744801.218728171661496 ], [ 542103.752000259701163, 5744803.473604414612055 ], [ 542098.842293464462273, 5744806.224537872709334 ], [ 542094.224982515792362, 5744809.445036446675658 ], [ 542089.944534274865873, 5744813.104085966013372 ], [ 542086.042171631124802, 5744817.166448825970292 ], [ 542082.555476508336142, 5744821.593003302812576 ], [ 542079.518027930753306, 5744826.341120285913348 ], [ 542076.959078627987765, 5744831.365073768422008 ], [ 542074.90327329793945, 5744836.616481192409992 ], [ 542073.370411242474802, 5744842.044769342057407 ], [ 542072.375255659455433, 5744847.597661398351192 ], [ 542071.927391429082491, 5744853.221680334769189 ], [ 542072.031132770120166, 5744858.862663943320513 ], [ 542072.685481650289148, 5744864.466286431998014 ], [ 542073.884137358283624, 5744869.978581610135734 ], [ 542075.615557143464684, 5744875.346462619490921 ], [ 542077.863067340687849, 5744880.518233217298985 ], [ 542080.605023916112259, 5744885.444085645489395 ], [ 542083.815020882058889, 5744890.07658036146313 ], [ 542087.462144580553286, 5744894.371102921664715 ], [ 542091.511271383729763, 5744898.2862936751917 ], [ 542093.302509838133119, 5744899.706474106758833 ], [ 541988.036458662943915, 5744896.367554354481399 ], [ 541982.4137831464177, 5744896.466150536201894 ], [ 541976.827814236283302, 5744897.117193663492799 ], [ 541971.332346840645187, 5744898.314414074644446 ], [ 541965.98030435515102, 5744900.046282314695418 ], [ 541960.82322901871521, 5744902.296120174229145 ], [ 541955.910785567015409, 5744905.042261244729161 ], [ 541951.2902829607483, 5744908.258259589783847 ], [ 541947.006218796945177, 5744911.913144370540977 ], [ 541943.099850785452873, 5744915.971718092449009 ], [ 541939.608799423091114, 5744920.394895526580513 ], [ 541936.566685684141703, 5744925.140080079436302 ], [ 541934.002807224402204, 5744930.161573993973434 ], [ 541931.941856211284176, 5744935.41101838927716 ], [ 541931.706724349991418, 5744936.240588320419192 ], [ 541930.682615366065875, 5744937.698808915913105 ], [ 541927.909713635686785, 5744942.607235752046108 ], [ 541927.104468913981691, 5744944.428729485720396 ], [ 541785.956006486550905, 5744955.869607087224722 ], [ 541780.379664085339755, 5744956.599296048283577 ], [ 541774.901460206368938, 5744957.873836953192949 ], [ 541769.574152000364847, 5744959.680955735966563 ], [ 541764.449043520027772, 5744962.003249498084188 ], [ 541759.575491663999856, 5744964.818354070186615 ], [ 541755.000430871383287, 5744968.099159370176494 ], [ 541750.767921137507074, 5744971.814070446416736 ], [ 541746.918723704526201, 5744975.927311718463898 ], [ 541743.489908514311537, 5744980.399271479807794 ], [ 541742.162498446647078, 5744982.535152818076313 ], [ 541740.592579940566793, 5744981.160562099888921 ] ], [ [ 541718.155243495013565, 5743619.875852677971125 ], [ 541718.386649860301986, 5743603.533092861063778 ], [ 541757.763882425962947, 5743603.895504594780505 ], [ 541754.497434623888694, 5743623.932856849394739 ], [ 541718.155243495013565, 5743619.875852677971125 ] ], [ [ 541577.892832270823419, 5743748.615967859514058 ], [ 541575.605460535734892, 5743746.543337631039321 ], [ 541578.165522836148739, 5743746.901467606425285 ], [ 541577.892832270823419, 5743748.615967859514058 ] ], [ [ 541339.64648894907441, 5744660.625774277374148 ], [ 541345.082535383524373, 5744659.181666405871511 ], [ 541350.351318757166155, 5744657.20993693638593 ], [ 541355.402097009588033, 5744654.729575390927494 ], [ 541360.186227737925947, 5744651.764469842426479 ], [ 541364.657636676332913, 5744648.343176819384098 ], [ 541367.212883532280102, 5744645.956243257969618 ], [ 541367.147156727733091, 5744702.881075886078179 ], [ 541341.76341786631383, 5744702.966486769728363 ], [ 541338.760180345620029, 5744660.769887128844857 ], [ 541339.64648894907441, 5744660.625774277374148 ] ], [ [ 541085.113431532052346, 5744459.182347697205842 ], [ 541088.084424919099547, 5744459.219850302673876 ], [ 541094.702070387080312, 5744464.532929859124124 ], [ 541094.46282962418627, 5744465.345997833646834 ], [ 541093.407006240217015, 5744470.887357084080577 ], [ 541093.239331271732226, 5744472.736875382252038 ], [ 541088.302515659830533, 5744479.062100592069328 ], [ 541087.829960319562815, 5744479.732932543382049 ], [ 541087.312040830729529, 5744480.36916244123131 ], [ 541086.89940288302023, 5744480.991939015686512 ], [ 541086.734323113923892, 5744481.205846963450313 ], [ 541085.113431532052346, 5744459.182347697205842 ] ], [ [ 541436.166387823759578, 5743839.260441810823977 ], [ 541441.184247928904369, 5743836.714874155819416 ], [ 541445.929248693515547, 5743833.688113387674093 ], [ 541450.355692719109356, 5743830.209309823811054 ], [ 541454.420950677711517, 5743826.311967264860868 ], [ 541455.887151196599007, 5743824.600358032621443 ], [ 541467.881770011619665, 5743834.631115540862083 ], [ 541527.250289716990665, 5743889.449910751543939 ], [ 541506.531915194122121, 5743892.167606948874891 ], [ 541475.412088762968779, 5743894.620835465379059 ], [ 541430.390089489286765, 5743898.168938953429461 ], [ 541426.093040945706889, 5743842.651094609871507 ], [ 541430.923993739066646, 5743841.300300293602049 ], [ 541436.166387823759578, 5743839.260441810823977 ] ], [ [ 542002.44851417990867, 5743838.168256681412458 ], [ 542003.474448734079488, 5743836.078177582472563 ], [ 542005.452233731048182, 5743830.797375787049532 ], [ 542006.904575807391666, 5743825.347513023763895 ], [ 542007.628279595286585, 5743820.934769364073873 ], [ 542020.448387452517636, 5743831.764135926961899 ], [ 542002.749474066193216, 5743838.747673812322319 ], [ 542002.44851417990867, 5743838.168256681412458 ] ], [ [ 542348.962831976707093, 5744916.060431710444391 ], [ 542343.910797961289063, 5744913.582269163802266 ], [ 542338.64098462543916, 5744911.612846279516816 ], [ 542333.204142354661599, 5744910.171128986403346 ], [ 542327.652629995252937, 5744909.271001286804676 ], [ 542324.170045165927149, 5744909.053914261050522 ], [ 542329.170620493474416, 5744909.052242037840188 ], [ 542334.766899389214814, 5744908.497356716543436 ], [ 542340.282018900034018, 5744907.394810477271676 ], [ 542345.662864436395466, 5744905.75522184651345 ], [ 542350.857614638167433, 5744903.594381547532976 ], [ 542355.816240475396626, 5744900.933100395835936 ], [ 542360.490987085970119, 5744897.79700886644423 ], [ 542361.247634687460959, 5744897.173580070026219 ], [ 542372.189746457966976, 5744896.540216489695013 ], [ 542361.55949054879602, 5744925.558129289187491 ], [ 542358.221514955279417, 5744922.442845383659005 ], [ 542353.748433470027521, 5744919.023468689993024 ], [ 542348.962831976707093, 5744916.060431710444391 ] ], [ [ 542312.434581366251223, 5744907.404121841304004 ], [ 542317.950432163896039, 5744908.502979648299515 ], [ 542322.466860346612521, 5744908.947745678015053 ], [ 542322.0399106455734, 5744908.921131576411426 ], [ 542316.420036814408377, 5744909.124889155849814 ], [ 542310.847129906993359, 5744909.880311807617545 ], [ 542305.374859047005884, 5744911.180124673992395 ], [ 542300.05592425155919, 5744913.011810325086117 ], [ 542297.599211458582431, 5744914.138683310709894 ], [ 542293.455700062797405, 5744908.200847747735679 ], [ 542293.238760189735331, 5744907.920339190401137 ], [ 542293.046588299330324, 5744907.622204217128456 ], [ 542291.515535376034677, 5744905.692166877910495 ], [ 542290.008337681181729, 5744903.743322232738137 ], [ 542289.765037848730572, 5744903.48549796640873 ], [ 542289.544664684915915, 5744903.207696530967951 ], [ 542288.196441021049395, 5744901.813847080804408 ], [ 542297.344058394897729, 5744901.192850580438972 ], [ 542301.856463041389361, 5744903.61076608300209 ], [ 542307.052647711825557, 5744905.768131964839995 ], [ 542312.434581366251223, 5744907.404121841304004 ] ], [ [ 542133.007615286158398, 5744176.485304973088205 ], [ 542131.141687725903466, 5744176.411581452004611 ], [ 542135.256833745283075, 5744172.629899806343019 ], [ 542137.34211332409177, 5744170.29708696808666 ], [ 542251.614214933826588, 5744111.64823024533689 ], [ 542315.798475276096724, 5744111.276726632378995 ], [ 542310.386717091780156, 5744227.431452074088156 ], [ 542144.045183587237261, 5744178.576246521435678 ], [ 542138.577591618639417, 5744177.258768014609814 ], [ 542133.007615286158398, 5744176.485304973088205 ] ], [ [ 542324.388227366143838, 5743928.027702689170837 ], [ 542322.456817697850056, 5743985.582176711410284 ], [ 542304.945070996298455, 5743985.313697967678308 ], [ 542307.165727195912041, 5743926.876112064346671 ], [ 542324.388227366143838, 5743928.027702689170837 ] ], [ [ 542340.095260987174697, 5743794.156465193256736 ], [ 542339.54062269476708, 5743794.117255619727075 ], [ 542340.199148678220809, 5743793.883177117444575 ], [ 542340.095260987174697, 5743794.156465193256736 ] ], [ [ 542177.903688217978925, 5743983.979411629959941 ], [ 542162.736151093617082, 5743984.032548638060689 ], [ 542169.0853789919056, 5743923.62411299534142 ], [ 542180.01679451263044, 5743923.252620493061841 ], [ 542177.903688217978925, 5743983.979411629959941 ] ], [ [ 542554.409102566773072, 5744835.475694769062102 ], [ 542562.642813935526647, 5744888.185050818137825 ], [ 542507.860837594722398, 5744912.619090332649648 ], [ 542531.914080151356757, 5744847.404297948814929 ], [ 542540.615060530486517, 5744823.948510727845132 ], [ 542554.409102566773072, 5744835.475694769062102 ] ], [ [ 542461.077019185875542, 5744153.824290149845183 ], [ 542461.90271354385186, 5744153.815716999582946 ], [ 542462.727014362579212, 5744153.8645837334916 ], [ 542463.63429601455573, 5744153.828924793750048 ], [ 542464.541934135137126, 5744153.853830537758768 ], [ 542522.048020336427726, 5744152.598945724777877 ], [ 542518.735666690976359, 5744256.076839596033096 ], [ 542469.894918194971979, 5744254.133321725763381 ], [ 542439.685658442554995, 5744251.478362359106541 ], [ 542443.397639445029199, 5744153.136805307120085 ], [ 542461.077019185875542, 5744153.824290149845183 ] ], [ [ 542792.717837177682668, 5744574.333057166077197 ], [ 542779.352335484232754, 5744572.630357327871025 ], [ 542802.132386940997094, 5744464.415660843253136 ], [ 542792.717837177682668, 5744574.333057166077197 ] ], [ [ 542694.985078035155311, 5744422.340635907836258 ], [ 542693.028321148478426, 5744427.629718285053968 ], [ 542691.597711274400353, 5744433.085759835317731 ], [ 542678.283893415471539, 5744496.328156375326216 ], [ 542668.87102986627724, 5744496.341695870272815 ], [ 542668.4966965575004, 5744495.899647603742778 ], [ 542667.909216457628645, 5744495.108648125082254 ], [ 542667.297924839891493, 5744494.435030044987798 ], [ 542666.732599738752469, 5744493.722147597931325 ], [ 542666.089970044908114, 5744493.057555820792913 ], [ 542665.492412204155698, 5744492.351902389898896 ], [ 542664.785426900722086, 5744491.666360230185091 ], [ 542664.439432886429131, 5744491.285088873468339 ], [ 542664.079264115891419, 5744489.940118917264044 ], [ 542662.094940928509459, 5744484.661342062987387 ], [ 542659.604455722612329, 5744479.603121615946293 ], [ 542656.63179387350101, 5744474.814170167781413 ], [ 542653.205584204639308, 5744470.340606993064284 ], [ 542652.339527575415559, 5744469.414138607680798 ], [ 542650.9190898592351, 5744466.252025878988206 ], [ 542648.117238373844884, 5744461.360524624586105 ], [ 542644.850997696747072, 5744456.768108457326889 ], [ 542641.151823853841051, 5744452.519003857858479 ], [ 542640.760243034921587, 5744452.149562587030232 ], [ 542642.821548832580447, 5744392.151290830224752 ], [ 542716.01621910056565, 5744397.064544536173344 ], [ 542711.835598024073988, 5744400.099224446341395 ], [ 542707.624801566358656, 5744403.838343543000519 ], [ 542703.799577751313336, 5744407.973541234619915 ], [ 542700.396765653626062, 5744412.464994355104864 ], [ 542697.449136496754363, 5744417.26944877486676 ], [ 542694.985078035155311, 5744422.340635907836258 ] ], [ [ 542795.677751062787138, 5744413.592542335391045 ], [ 542792.381479964824393, 5744409.021812235936522 ], [ 542789.155655246344395, 5744405.365268940106034 ], [ 542806.980370056116953, 5744407.813614482991397 ], [ 542804.4264603164047, 5744437.631527751684189 ], [ 542803.989560791989788, 5744434.415799597278237 ], [ 542802.687621335615404, 5744428.927420385181904 ], [ 542800.855755859985948, 5744423.593502913601696 ], [ 542798.511607061605901, 5744418.465415066108108 ], [ 542795.677751062787138, 5744413.592542335391045 ] ], [ [ 542814.381357876001857, 5744734.996962289325893 ], [ 542861.936853042570874, 5744827.618501742370427 ], [ 542697.032411737833172, 5744852.384185534901917 ], [ 542691.481233195168898, 5744829.427736911922693 ], [ 542729.091637486009859, 5744824.129181060940027 ], [ 542734.615410544676706, 5744823.071425637230277 ], [ 542740.009243938256986, 5744821.475561096332967 ], [ 542745.221191217075102, 5744819.356957068666816 ], [ 542750.201057722442783, 5744816.736017599701881 ], [ 542754.900884018163197, 5744813.637984634377062 ], [ 542759.275407789507881, 5744810.092694896273315 ], [ 542763.28249975934159, 5744806.134292487986386 ], [ 542766.883569424971938, 5744801.800900048576295 ], [ 542770.043936706962995, 5744797.134251553565264 ], [ 542772.733165928861126, 5744792.179290358908474 ], [ 542774.925358915468678, 5744786.983736333437264 ], [ 542776.599404384149238, 5744781.597626257687807 ], [ 542777.739181229262613, 5744776.07283192127943 ], [ 542778.333713744883426, 5744770.462560526095331 ], [ 542778.377277288353071, 5744764.820842283777893 ], [ 542777.869453373597935, 5744759.202010028995574 ], [ 542776.815133659751154, 5744753.660176006145775 ], [ 542775.224472802365199, 5744748.248710717074573 ], [ 542773.112790620536543, 5744743.01972895488143 ], [ 542770.500424525467679, 5744738.023587944917381 ], [ 542767.412533630267717, 5744733.308402381837368 ], [ 542763.878856430063024, 5744728.919581117108464 ], [ 542759.933424390503205, 5744724.899389867670834 ], [ 542755.614234194741584, 5744721.286544214002788 ], [ 542750.962881815969013, 5744718.115836803801358 ], [ 542746.024161932058632, 5744715.417802296578884 ], [ 542742.487061249674298, 5744713.915555587038398 ], [ 542743.056611606269144, 5744713.097661606036127 ], [ 542744.424926919746213, 5744710.652846349403262 ], [ 542745.303542423760518, 5744710.381467867642641 ], [ 542745.565709038637578, 5744710.271244320087135 ], [ 542745.836539442185313, 5744710.184635212644935 ], [ 542745.912960907793604, 5744710.151607937179506 ], [ 542790.220242092618719, 5744716.850656039081514 ], [ 542814.381357876001857, 5744734.996962289325893 ] ] ] } },
{ "type": "Feature", "properties": { "iso_cat_merged": 15, "color": "#e74c3c" }, "geometry": { "type": "MultiPolygon", "coordinates": [ [ [ [ 540937.569775874959305, 5743227.222558718174696 ], [ 540935.71364778955467, 5743226.482264745049179 ], [ 540933.87925400887616, 5743225.689313045702875 ], [ 540933.102562721585855, 5743225.440864641219378 ], [ 540932.345013669575565, 5743225.13872507493943 ], [ 540930.425499786972068, 5743224.584523790515959 ], [ 540928.52247107680887, 5743223.975781025364995 ], [ 540927.725247416179627, 5743223.804907226935029 ], [ 540926.941828404320404, 5743223.5787184080109 ], [ 540924.977414414519444, 5743223.215946874581277 ], [ 540923.024077636422589, 5743222.797275349497795 ], [ 540922.21399916743394, 5743222.705621701665223 ], [ 540921.412254814291373, 5743222.557561872527003 ], [ 540919.421858728863299, 5743222.38971362542361 ], [ 540917.437025260413066, 5743222.165145247243345 ], [ 540916.621893344796263, 5743222.153594382107258 ], [ 540915.809544730582274, 5743222.085089389234781 ], [ 540913.8123347570654, 5743222.113780827261508 ], [ 540911.815119289793074, 5743222.08547823689878 ], [ 540911.002783944481052, 5743222.154141386039555 ], [ 540910.187654274981469, 5743222.165850949473679 ], [ 540908.202864294755273, 5743222.390805759467185 ], [ 540906.212500698282383, 5743222.55904152430594 ], [ 540905.410784989828244, 5743222.707257447764277 ], [ 540904.600724272197112, 5743222.799068809486926 ], [ 540902.647468516253866, 5743223.218120628036559 ], [ 540900.683124726521783, 5743223.581274616532028 ], [ 540899.899749482283369, 5743223.807615954428911 ], [ 540899.102558884536847, 5743223.978644965216517 ], [ 540897.199647954897955, 5743224.587758226320148 ], [ 540895.280241303145885, 5743225.142333222553134 ], [ 540894.522750702453777, 5743225.444620272144675 ], [ 540893.746107488521375, 5743225.693219892680645 ], [ 540891.911867130664177, 5743226.486528712324798 ], [ 540890.055882255895995, 5743227.227184060029685 ], [ 540889.331571254646406, 5743227.602505719289184 ], [ 540888.582954779732972, 5743227.926281896419823 ], [ 540886.835049432585947, 5743228.896146561950445 ], [ 540885.45063797745388, 5743229.613516715355217 ], [ 540884.340339494985528, 5743229.338727803900838 ], [ 540878.775802880176343, 5743228.53103287704289 ], [ 540873.15915236226283, 5743228.274432287551463 ], [ 540867.544478306197561, 5743228.571397146210074 ], [ 540861.985852044308558, 5743229.419067631475627 ], [ 540856.53680517943576, 5743230.80928052123636 ], [ 540851.24981408577878, 5743232.728647815063596 ], [ 540846.175794567563571, 5743235.158685628324747 ], [ 540841.363611543667503, 5743238.075992187485099 ], [ 540836.859608476981521, 5743241.452473171055317 ], [ 540832.707161080441438, 5743245.255612226203084 ], [ 540828.946259596501477, 5743249.448784103617072 ], [ 540825.613123673247173, 5743253.991607308387756 ], [ 540822.739853544975631, 5743258.840332979336381 ], [ 540820.354120877338573, 5743263.948266160674393 ], [ 540818.478902254253626, 5743269.266215473413467 ], [ 540817.132257876102813, 5743274.742966827005148 ], [ 540816.327157597406767, 5743280.325776596553624 ], [ 540816.071355985128321, 5743285.960879573598504 ], [ 540816.367317598080263, 5743291.594006731174886 ], [ 540817.212193212588318, 5743297.170907861553133 ], [ 540818.597847221069969, 5743302.637874050997198 ], [ 540820.510935944272205, 5743307.942254918627441 ], [ 540822.933036101865582, 5743313.032965706661344 ], [ 540823.412636613706127, 5743313.829282357357442 ], [ 540823.012264789664187, 5743315.226343347691 ], [ 540821.995739339268766, 5743320.774350863881409 ], [ 540821.526130304555409, 5743326.395610366016626 ], [ 540821.607961316825822, 5743332.035986235365272 ], [ 540822.240445352159441, 5743337.64115853048861 ], [ 540823.417492271284573, 5743343.157146142795682 ], [ 540825.12776743050199, 5743348.530826667323709 ], [ 540827.354800804518163, 5743353.710448015481234 ], [ 540830.077145567396656, 5743358.646126830019057 ], [ 540833.268584611010738, 5743363.290328931063414 ], [ 540836.898383007734083, 5743367.598327134735882 ], [ 540840.931583989993669, 5743371.528632018715143 ], [ 540845.329345597419888, 5743375.043391547165811 ], [ 540850.049314745352603, 5743378.108755636960268 ], [ 540852.755217683152296, 5743379.509409477002919 ], [ 540851.116027165786363, 5743381.872397953644395 ], [ 540848.3719979460584, 5743386.795995571650565 ], [ 540846.122198766213842, 5743391.965730926021934 ], [ 540844.388297138619237, 5743397.331817416474223 ], [ 540843.186992337694392, 5743402.842577311210334 ], [ 540842.529854543274269, 5743408.44493942707777 ], [ 540841.327489861403592, 5743426.143007623963058 ], [ 540841.283596766064875, 5743428.464398100972176 ], [ 540841.199516233056784, 5743430.784673908725381 ], [ 540841.230294403037988, 5743431.283419192768633 ], [ 540841.220847711898386, 5743431.783029622398317 ], [ 540841.40395843051374, 5743434.097559817135334 ], [ 540841.546966360299848, 5743436.414932693354785 ], [ 540849.183790604118258, 5743505.205470511689782 ], [ 540836.78078470507171, 5743504.229027163237333 ], [ 540835.171924908878282, 5743504.181845497339964 ], [ 540833.566457961453125, 5743504.066939376294613 ], [ 540832.363460048567504, 5743504.099483318626881 ], [ 540831.160538691096008, 5743504.064205685630441 ], [ 540829.554816448595375, 5743504.175463137216866 ], [ 540827.945854260004126, 5743504.218988602980971 ], [ 540826.751828418229707, 5743504.369676158763468 ], [ 540825.55125285347458, 5743504.452861187048256 ], [ 540823.964131838991307, 5743504.721486321650445 ], [ 540822.367169301724061, 5743504.923024219460785 ], [ 540821.193614441435784, 5743505.190404235385358 ], [ 540820.006946636480279, 5743505.391250848770142 ], [ 540818.453711407259107, 5743505.814656742848456 ], [ 540816.884127851575613, 5743506.172266242094338 ], [ 540815.742345740436576, 5743506.553763789124787 ], [ 540814.581013744347729, 5743506.870337806642056 ], [ 540813.076622536522336, 5743507.444446975365281 ], [ 540811.549533644807525, 5743507.954684243537486 ], [ 540810.450520070968196, 5743508.446625425480306 ], [ 540809.325707967975177, 5743508.875878184102476 ], [ 540807.884648673702031, 5743509.595161829143763 ], [ 540806.414760896237567, 5743510.25311319436878 ], [ 540805.369099814328365, 5743510.850760504603386 ], [ 540804.291639986564405, 5743511.388558224774897 ], [ 540802.927790576242842, 5743512.246089504100382 ], [ 540801.529259570525028, 5743513.045418751426041 ], [ 540800.547021151403897, 5743513.743016706779599 ], [ 540799.52728999115061, 5743514.384180290624499 ], [ 540798.253784956526943, 5743515.371700968593359 ], [ 540796.940079178195447, 5743516.304710392840207 ], [ 540796.030722824041732, 5743517.095540958456695 ], [ 540795.078540816786699, 5743517.833895855583251 ], [ 540793.90764461166691, 5743518.941895854659379 ], [ 540792.691415684879757, 5743519.999600355513394 ], [ 540791.86369895702228, 5743520.87604761775583 ], [ 540790.988236084464006, 5743521.704483290202916 ], [ 540789.931225060950965, 5743522.922292268835008 ], [ 540788.824185892939568, 5743524.094505868852139 ], [ 540788.086080154404044, 5743525.048129393719137 ], [ 540787.295767603092827, 5743525.958667772822082 ], [ 540786.362821383285336, 5743527.274557860568166 ], [ 540785.375633396091871, 5743528.549991806969047 ], [ 540784.734247058164328, 5743529.571607897989452 ], [ 540784.036696007591672, 5743530.555480226874352 ], [ 540783.236799466772936, 5743531.956778969615698 ], [ 540782.378969901008531, 5743533.323150428012013 ], [ 540781.840479949722067, 5743534.402920580469072 ], [ 540781.242408284684643, 5743535.450651831924915 ], [ 540780.583265007822774, 5743536.923864216543734 ], [ 540779.863055370864458, 5743538.368014559149742 ], [ 540779.432647890760563, 5743539.495540170930326 ], [ 540778.939815486315638, 5743540.597040320746601 ], [ 540778.427773569943383, 5743542.127978748641908 ], [ 540777.852120069786906, 5743543.636000239290297 ], [ 540777.533940284512937, 5743544.80042277649045 ], [ 540777.15109354024753, 5743545.945083939470351 ], [ 540776.791084463824518, 5743547.519004830159247 ], [ 540776.365531188552268, 5743549.076374594122171 ], [ 540776.16264353133738, 5743550.266480159014463 ], [ 540775.893469657865353, 5743551.44327874481678 ], [ 540775.688960773637518, 5743553.045024512335658 ], [ 540775.417606297298335, 5743554.636744376271963 ], [ 540775.331964897341095, 5743555.841071686707437 ], [ 540775.179056392633356, 5743557.038674575276673 ], [ 540775.132017521304078, 5743558.652819625101984 ], [ 540775.017475425731391, 5743560.26356054469943 ], [ 540774.405038054217584, 5743588.016033161431551 ], [ 540774.426782416296192, 5743588.82530115917325 ], [ 540774.392036494449712, 5743589.634112341329455 ], [ 540774.502503931638785, 5743591.64345633238554 ], [ 540774.556555809569545, 5743593.655124184675515 ], [ 540774.657258422696032, 5743594.458357534371316 ], [ 540774.701698109973222, 5743595.266691446304321 ], [ 540775.00794033287093, 5743597.255497934296727 ], [ 540775.258265695883892, 5743599.252164914272726 ], [ 540775.43695688713342, 5743600.041628007777035 ], [ 540775.560154354549013, 5743600.841699929907918 ], [ 540776.059222445357591, 5743602.790815516375005 ], [ 540776.503410884761252, 5743604.753252527676523 ], [ 540776.75836989947129, 5743605.521342347376049 ], [ 540776.959138830308802, 5743606.305447092279792 ], [ 540777.646226825425401, 5743608.196100562810898 ], [ 540778.280000898172148, 5743610.105408089235425 ], [ 540778.608772467472591, 5743610.844727424904704 ], [ 540778.885179475764744, 5743611.605313559062779 ], [ 540779.753670636215247, 5743613.419296644628048 ], [ 540780.570927046588622, 5743615.257086781784892 ], [ 540780.92160978843458, 5743615.874686181545258 ], [ 540785.558877531904727, 5743683.105931553058326 ], [ 540785.724816154921427, 5743684.508106029592454 ], [ 540785.822021069820039, 5743685.916757703758776 ], [ 540787.941494379425421, 5743703.821545919403434 ], [ 540787.736180871608667, 5743714.884998516179621 ], [ 540787.797273128526285, 5743716.895890626125038 ], [ 540787.801883985404857, 5743718.907711766660213 ], [ 540787.88288316631224, 5743719.713800959289074 ], [ 540787.907485421048477, 5743720.523600085638463 ], [ 540788.164741422049701, 5743722.518802739679813 ], [ 540788.36587876745034, 5743724.520484238862991 ], [ 540788.525240393355489, 5743725.314727039076388 ], [ 540788.628839080920443, 5743726.118207914754748 ], [ 540789.079781675245613, 5743728.078506123274565 ], [ 540789.475508813979104, 5743730.050770618952811 ], [ 540789.711698288563639, 5743730.825517989695072 ], [ 540789.893295840593055, 5743731.614942595362663 ], [ 540790.533582547097467, 5743733.521457466296852 ], [ 540791.120088753174059, 5743735.445310811512172 ], [ 540791.430831570294686, 5743736.193101421929896 ], [ 540791.68867923761718, 5743736.960867109708488 ], [ 540792.51214405556675, 5743738.795237654820085 ], [ 540793.125939991092309, 5743740.27231318037957 ], [ 540798.64915780199226, 5743844.246571493335068 ], [ 540798.702578374999575, 5743844.768483009189367 ], [ 540798.714289789786562, 5743845.293007656931877 ], [ 540803.391675406252034, 5743910.827597608789802 ], [ 540805.308360542403534, 5743939.39456077106297 ], [ 540651.813389459857717, 5743921.604090932756662 ], [ 540651.302747311652638, 5743921.570262121036649 ], [ 540650.796457228600048, 5743921.495434314012527 ], [ 540623.055818386492319, 5743918.782338434830308 ], [ 540617.439408238045871, 5743918.511150292120874 ], [ 540611.823548242566176, 5743918.79357392527163 ], [ 540606.262321152957156, 5743919.626889540813863 ], [ 540600.809283618000336, 5743921.00307215936482 ], [ 540595.516950441058725, 5743922.908868894912302 ], [ 540590.436288870172575, 5743925.325926550664008 ], [ 540585.616227786289528, 5743928.230968356132507 ], [ 540581.103186517721042, 5743931.596018102951348 ], [ 540576.940627814619802, 5743935.388669527135789 ], [ 540573.168639291776344, 5743939.572398379445076 ], [ 540569.823547365958802, 5743944.106914109550416 ], [ 540566.937567408778705, 5743948.94854785874486 ], [ 540564.538493484142236, 5743954.050672975368798 ], [ 540562.649430655874312, 5743959.36415402777493 ], [ 540561.288572447374463, 5743964.83781994599849 ], [ 540560.469025598489679, 5743970.418956832028925 ], [ 540560.198683802853338, 5743976.053815594874322 ], [ 540560.480151648749597, 5743981.688129561953247 ], [ 540561.310719496221282, 5743987.267637104727328 ], [ 540562.682389531284571, 5743992.73860420845449 ], [ 540564.58195275045, 5743998.048341969959438 ], [ 540566.991116134799086, 5744003.1457140436396 ], [ 540569.886678791721351, 5744007.981629128567874 ], [ 540570.622247690451331, 5744008.974621419794858 ], [ 540570.725510377436876, 5744011.675072531215847 ], [ 540571.490778672858141, 5744017.26399115473032 ], [ 540572.798382958979346, 5744022.75074552372098 ], [ 540574.635731232003309, 5744028.082494711503386 ], [ 540576.274984512012452, 5744031.658653843216598 ], [ 540576.218146388768218, 5744032.107232674956322 ], [ 540576.071010901476257, 5744034.011693896725774 ], [ 540575.86375865759328, 5744035.910517080686986 ], [ 540575.857203403953463, 5744036.514071435667574 ], [ 540575.804277347051539, 5744037.11532146204263 ], [ 540575.554035761393607, 5744043.549642500467598 ], [ 540569.070537351653911, 5744091.852756286039948 ], [ 540569.070085187559016, 5744091.858094765804708 ], [ 540569.069114625570364, 5744091.863363259471953 ], [ 540562.41189503739588, 5744141.530353832058609 ], [ 540562.294096665922552, 5744142.924205128103495 ], [ 540562.107675592298619, 5744144.31049823295325 ], [ 540562.056702774134465, 5744145.733171841129661 ], [ 540561.936820978648029, 5744147.151674600318074 ], [ 540561.955764619400725, 5744148.550399128347635 ], [ 540561.905677561182529, 5744149.948350110091269 ], [ 540561.993940907414071, 5744151.369186645373702 ], [ 540562.013219591928646, 5744152.792648832313716 ], [ 540562.168723068898544, 5744154.182776110246778 ], [ 540562.255452653393149, 5744155.578921944834292 ], [ 540562.482102404348552, 5744156.984237955883145 ], [ 540562.640356170828454, 5744158.398950831033289 ], [ 540562.930922157713212, 5744159.767093125730753 ], [ 540563.153633389621973, 5744161.147988123819232 ], [ 540563.516487040207721, 5744162.524249576963484 ], [ 540563.81219207518734, 5744163.916588610969484 ], [ 540564.235022504813969, 5744165.249569865874946 ], [ 540564.591570798656903, 5744166.60191516391933 ], [ 540565.08713410643395, 5744167.935867783613503 ], [ 540565.517442847369239, 5744169.292423875071108 ], [ 540566.068465849733911, 5744170.577406601049006 ], [ 540566.555417673895136, 5744171.888178240507841 ], [ 540567.178918302059174, 5744173.166975173167884 ], [ 540567.73968685080763, 5744174.474683779291809 ], [ 540568.413595960126258, 5744175.699292715638876 ], [ 540569.026261893450283, 5744176.955867065116763 ], [ 540569.771695359726436, 5744178.167192588560283 ], [ 540570.457523385761306, 5744179.413459565490484 ], [ 540571.247828636318445, 5744180.565900838002563 ], [ 540571.98030852410011, 5744181.756176189519465 ], [ 540572.840496022603475, 5744182.888364340178668 ], [ 540573.644778762827627, 5744184.061187228187919 ], [ 540574.543869191897102, 5744185.130361970514059 ], [ 540575.389108954113908, 5744186.242875073105097 ], [ 540576.355766488588415, 5744187.285022004507482 ], [ 540577.270758346887305, 5744188.373105625621974 ], [ 540578.269975268864073, 5744189.348716831766069 ], [ 540579.219834851683117, 5744190.37275333236903 ], [ 540580.283653011429124, 5744191.314822340384126 ], [ 540581.300542149809189, 5744192.307687586173415 ], [ 540582.390262567438185, 5744193.180339328013361 ], [ 540583.435594307491556, 5744194.106036931276321 ], [ 540584.586327915312722, 5744194.938955108635128 ], [ 540585.695321122300811, 5744195.827039878815413 ], [ 540586.865050380118191, 5744196.588327787816525 ], [ 540587.995787122868933, 5744197.406771262176335 ], [ 540589.222353919991292, 5744198.122516899369657 ], [ 540590.412770906696096, 5744198.897268193773925 ], [ 540591.651243775617331, 5744199.539860409684479 ], [ 540592.8564958156785, 5744200.243167449720204 ], [ 540594.147083154763095, 5744200.834847282618284 ], [ 540595.407459452748299, 5744201.488803590647876 ], [ 540596.702748620300554, 5744202.006511374376714 ], [ 540597.970908582443371, 5744202.587908528745174 ], [ 540599.313087259302847, 5744203.049824164249003 ], [ 540600.631284570321441, 5744203.57668730430305 ], [ 540601.970915495301597, 5744203.964524656534195 ], [ 540603.289770142757334, 5744204.418412568047643 ], [ 540604.670614023809321, 5744204.746115320362151 ], [ 540606.033937202184461, 5744205.140811149030924 ], [ 540607.40500831278041, 5744205.395042845979333 ], [ 540608.761856119381264, 5744205.717050162144005 ], [ 540610.168066682759672, 5744205.907383949495852 ], [ 540611.563385957735591, 5744206.166111192665994 ], [ 540612.952692838734947, 5744206.284288736991584 ], [ 540614.334466390660964, 5744206.471314251422882 ], [ 540624.041588578373194, 5744207.301239939406514 ], [ 540625.404916538042016, 5744207.350397542119026 ], [ 540626.764025099109858, 5744207.468630307354033 ], [ 540628.212958337506279, 5744207.451646621339023 ], [ 540629.661055596312508, 5744207.503860061056912 ], [ 540631.022621264797635, 5744207.418712441809475 ], [ 540632.386736304382794, 5744207.402722294442356 ], [ 540633.827033169800416, 5744207.243333527818322 ], [ 540635.27325841516722, 5744207.152890895493329 ], [ 540636.619948903098702, 5744206.934258095920086 ], [ 540637.975933004985563, 5744206.784199047833681 ], [ 540639.393722376320511, 5744206.483940252102911 ], [ 540640.824147407780401, 5744206.25171260535717 ], [ 540642.142993130255491, 5744205.901700246147811 ], [ 540643.477787152165547, 5744205.619017514400184 ], [ 540644.859414672362618, 5744205.180780451744795 ], [ 540646.260263478383422, 5744204.809004357084632 ], [ 540647.538562998524867, 5744204.330983371473849 ], [ 540648.839311918709427, 5744203.918399455957115 ], [ 540650.171471537556499, 5744203.346404738724232 ], [ 540651.52925294067245, 5744202.838660748675466 ], [ 540652.754695328068919, 5744202.237234894186258 ], [ 540654.008872027276084, 5744201.698723359033465 ], [ 540655.278734141611494, 5744200.998479790985584 ], [ 540656.580371748656034, 5744200.359657948836684 ], [ 540657.741155157098547, 5744199.640619488433003 ], [ 540658.936681060120463, 5744198.981366683728993 ], [ 540660.132016031770036, 5744198.159618223085999 ], [ 540661.364974220166914, 5744197.395870946347713 ], [ 540662.449919552425854, 5744196.566144836135209 ], [ 540663.575280957506038, 5744195.792499946430326 ], [ 540664.684576962259598, 5744194.85716072563082 ], [ 540665.83698154555168, 5744193.975843572989106 ], [ 540666.835640106699429, 5744193.043420768342912 ], [ 540667.87999908591155, 5744192.162834665738046 ], [ 540668.892572931363247, 5744191.122912781313062 ], [ 540669.9533255698625, 5744190.132513576187193 ], [ 540670.856079701567069, 5744189.106374079361558 ], [ 540671.809378475300036, 5744188.127327534370124 ], [ 540672.715478528989479, 5744186.992838269099593 ], [ 540673.67436357436236, 5744185.902895372360945 ], [ 540674.472519285161979, 5744184.79292172100395 ], [ 540675.325577078503557, 5744183.72484374884516 ], [ 540676.116477137897164, 5744182.506713134236634 ], [ 540676.964260060107335, 5744181.327723557129502 ], [ 540677.650130746304058, 5744180.144605644978583 ], [ 540678.394732210785151, 5744178.997782668098807 ], [ 540679.062815589481033, 5744177.707742201164365 ], [ 540679.791331857559271, 5744176.451060521416366 ], [ 540680.358312325319275, 5744175.206192658282816 ], [ 540680.987286656745709, 5744173.991669433191419 ], [ 540681.526119485846721, 5744172.642143153585494 ], [ 540682.12835324194748, 5744171.319872122257948 ], [ 540682.570983322220854, 5744170.025243256241083 ], [ 540683.078273305669427, 5744168.754716513678432 ], [ 540683.482666524709202, 5744167.358701283112168 ], [ 540683.952818109071814, 5744165.983575301244855 ], [ 540684.266835227259435, 5744164.651653587818146 ], [ 540684.647555575938895, 5744163.337359359487891 ], [ 540684.913614878081717, 5744161.908299728296697 ], [ 540685.247156697907485, 5744160.493562164716423 ], [ 540685.429536923649721, 5744159.137174850329757 ], [ 540685.680021311622113, 5744157.791770647279918 ], [ 540685.883219475275837, 5744156.297268921509385 ], [ 540718.950665701646358, 5744187.103857577778399 ], [ 540729.587988913641311, 5744210.034447438083589 ], [ 540727.813756888615899, 5744227.917325431481004 ], [ 540722.254565178183839, 5744239.176535881124437 ], [ 540721.184921029838733, 5744241.639942460693419 ], [ 540720.103847659658641, 5744244.098322525620461 ], [ 540720.062149275792763, 5744244.225701830349863 ], [ 540720.008777376962826, 5744244.348618049174547 ], [ 540719.184949760092422, 5744246.905351136811078 ], [ 540718.349256918067113, 5744249.458205951377749 ], [ 540718.320203831768595, 5744249.589072527363896 ], [ 540718.279097409220412, 5744249.716645449399948 ], [ 540717.709020634531043, 5744252.342082574032247 ], [ 540717.126756910816766, 5744254.964827072806656 ], [ 540717.110628943308257, 5744255.09792060777545 ], [ 540717.082183893071488, 5744255.228921653702855 ], [ 540716.771348543465137, 5744257.897778705693781 ], [ 540716.448121935594827, 5744260.565154565498233 ], [ 540716.445074432296678, 5744260.699193304404616 ], [ 540716.42956471897196, 5744260.832360869273543 ], [ 540716.38096479291562, 5744263.518935453146696 ], [ 540716.319888642174192, 5744266.205254467204213 ], [ 540716.329950976883993, 5744266.338947540149093 ], [ 540716.327525992295705, 5744266.472999157384038 ], [ 540716.541630038293079, 5744269.151418088935316 ], [ 540716.743293040199205, 5744271.830809576436877 ], [ 540716.766368332202546, 5744271.962869451381266 ], [ 540716.777051455457695, 5744272.096514127217233 ], [ 540717.251798034179956, 5744274.740982717834413 ], [ 540717.714258556487039, 5744277.387642568908632 ], [ 540717.750124601996504, 5744277.516797425225377 ], [ 540717.773812973406166, 5744277.648748084902763 ], [ 540718.504630494047888, 5744280.233798496425152 ], [ 540719.223435253719799, 5744282.822237745858729 ], [ 540719.271746664773673, 5744282.947243740782142 ], [ 540719.308212175616063, 5744283.076229613274336 ], [ 540720.288062899839133, 5744285.576966135762632 ], [ 540721.256289837765507, 5744288.082256433553994 ], [ 540721.316581369028427, 5744288.201909678988159 ], [ 540721.365472856909037, 5744288.32668854855001 ], [ 540722.584920662338845, 5744290.719027384184301 ], [ 540723.793245586683042, 5744293.117041076533496 ], [ 540728.8693801589543, 5744302.070724349468946 ], [ 540731.886011230293661, 5744306.831789415329695 ], [ 540735.353260791278444, 5744311.273278689011931 ], [ 540739.237737586372532, 5744315.352417171932757 ], [ 540743.502032028045505, 5744319.029919480904937 ], [ 540748.105076471692882, 5744322.27036820910871 ], [ 540753.002540724584833, 5744325.042555080726743 ], [ 540758.147258983226493, 5744327.319781512022018 ], [ 540763.489684087689966, 5744329.080115793272853 ], [ 540768.978364714886993, 5744330.306604313664138 ], [ 540774.560440914938226, 5744330.98743487522006 ], [ 540780.182153218891472, 5744331.116050453856587 ], [ 540785.789360411115922, 5744330.691212359815836 ], [ 540791.328060978325084, 5744329.7170121781528 ], [ 540796.744913215050474, 5744328.202832342125475 ], [ 540801.987748970510438, 5744326.163255786523223 ], [ 540807.006076091900468, 5744323.617925450205803 ], [ 540811.75156472006347, 5744320.591355110518634 ], [ 540816.178512758458965, 5744317.112693245522678 ], [ 540817.990538362646475, 5744315.375774775631726 ], [ 540823.481353412149474, 5744314.849952228367329 ], [ 540828.999747548019513, 5744313.765998292714357 ], [ 540833.093284770962782, 5744312.533656992949545 ], [ 540859.00509687315207, 5744645.406536094844341 ], [ 540859.014936635736376, 5744645.483832442201674 ], [ 540859.017387624247931, 5744645.561717841774225 ], [ 540867.258942578802817, 5744747.863875036127865 ], [ 540866.9612387890229, 5744747.19871833641082 ], [ 540866.212074113660492, 5744745.886677133850753 ], [ 540865.52327427000273, 5744744.541751875542104 ], [ 540864.8152707060799, 5744743.440400366671383 ], [ 540864.165955971460789, 5744742.303229610435665 ], [ 540863.292217305977829, 5744741.071178347803652 ], [ 540862.475340120028704, 5744739.800465200096369 ], [ 540861.663147994317114, 5744738.77404123544693 ], [ 540860.905862667015754, 5744737.706199178472161 ], [ 540859.91596469678916, 5744736.566002915613353 ], [ 540858.978877247776836, 5744735.381739275529981 ], [ 540858.070318478974514, 5744734.440127654001117 ], [ 540857.212355702300556, 5744733.451897951774299 ], [ 540856.115831734379753, 5744732.414537123404443 ], [ 540855.067558741080575, 5744731.328127823770046 ], [ 540854.071383273112588, 5744730.480396539904177 ], [ 540853.121005712891929, 5744729.581296135671437 ], [ 540851.928415850386955, 5744728.656760801561177 ], [ 540850.779052769532427, 5744727.678668287582695 ], [ 540849.704854282666929, 5744726.932981207035482 ], [ 540848.671214573900215, 5744726.131668688729405 ], [ 540847.394044069573283, 5744725.328862366266549 ], [ 540846.15465981781017, 5744724.468505909666419 ], [ 540845.012783346348442, 5744723.832044172100723 ], [ 540843.905835940269753, 5744723.136236385442317 ], [ 540842.556384520372376, 5744722.46289027761668 ], [ 540841.238914946559817, 5744721.728555327281356 ], [ 540840.040357267484069, 5744721.207448196597397 ], [ 540838.870762553648092, 5744720.623845935799181 ], [ 540837.462026013876311, 5744720.086444496177137 ], [ 540836.079158908454701, 5744719.485202861018479 ], [ 540784.026437659165822, 5744699.837446434423327 ], [ 540778.672383116325364, 5744698.112268043681979 ], [ 540773.175566946039908, 5744696.92190320789814 ], [ 540767.588925532880239, 5744696.277815355919302 ], [ 540761.966260260203853, 5744696.186207171529531 ], [ 540756.361719414591789, 5744696.64796085562557 ], [ 540750.829276747768745, 5744697.658629637211561 ], [ 540745.422211720142514, 5744699.208480595611036 ], [ 540740.192596428329125, 5744701.28258837852627 ], [ 540735.190794157097116, 5744703.860978916287422 ], [ 540730.464974382310174, 5744706.918821752071381 ], [ 540726.060648897313513, 5744710.426669145934284 ], [ 540722.020233524381183, 5744714.35073964484036 ], [ 540718.382639638613909, 5744718.653243352659047 ], [ 540715.182899429230019, 5744723.292745848186314 ], [ 540712.45182851550635, 5744728.224567175842822 ], [ 540710.215729160234332, 5744733.401212090626359 ], [ 540708.496136943460442, 5744738.772827448323369 ], [ 540707.309613335877657, 5744744.287682265974581 ], [ 540706.667586168739945, 5744749.892665909603238 ], [ 540706.576239541638643, 5744755.533799569122493 ], [ 540707.03645422658883, 5744761.156756070442498 ], [ 540708.043799144914374, 5744766.707383101806045 ], [ 540709.58857400144916, 5744772.132224717177451 ], [ 540711.655902664759196, 5744777.379036172293127 ], [ 540714.225876399199478, 5744782.397287076339126 ], [ 540717.273745567188598, 5744787.138648077845573 ], [ 540720.770157957100309, 5744791.557456316426396 ], [ 540724.681441445602104, 5744795.611155229620636 ], [ 540728.969928269041702, 5744799.260704418644309 ], [ 540733.594317782786675, 5744802.470955698750913 ], [ 540738.510074216290377, 5744805.210991601459682 ], [ 540743.669855590676889, 5744807.454423192888498 ], [ 540765.231485048192553, 5744815.593205042183399 ], [ 540781.529672614182346, 5744900.451857062056661 ], [ 540757.991756938979961, 5744890.789345135912299 ], [ 540758.18003093788866, 5744889.517419970594347 ], [ 540758.456910156295635, 5744883.88229944370687 ], [ 540758.181922669056803, 5744878.247089261189103 ], [ 540757.357717805076391, 5744872.666059479117393 ], [ 540755.992234117235057, 5744867.19295815564692 ], [ 540754.09862289018929, 5744861.880493755452335 ], [ 540751.695121450000443, 5744856.779827539809048 ], [ 540748.804877499584109, 5744851.940080906264484 ], [ 540745.455726164625958, 5744847.407862322404981 ], [ 540741.67992191016674, 5744843.226818526163697 ], [ 540737.513827899005264, 5744839.437214207835495 ], [ 540732.997565791010857, 5744836.075544274412096 ], [ 540728.174629353103228, 5744833.174182436428964 ], [ 540723.091465602978133, 5744830.761069468222558 ], [ 540717.797027517575771, 5744828.859444146975875 ], [ 540712.342302614822984, 5744827.487619494087994 ], [ 540706.779821948031895, 5744826.658806438557804 ], [ 540701.163154237437993, 5744826.380986593663692 ], [ 540695.54639001423493, 5744826.656835411675274 ], [ 540653.634871019166894, 5744830.790738758631051 ], [ 540650.983918409910984, 5744831.184769079089165 ], [ 540648.331183847854845, 5744831.566539765335619 ], [ 540648.202830261085182, 5744831.598141510039568 ], [ 540648.072095206705853, 5744831.617573544383049 ], [ 540645.472402340150438, 5744832.270395578816533 ], [ 540642.869738615932874, 5744832.911192201077938 ], [ 540642.745090445503592, 5744832.955263794399798 ], [ 540642.616883311187848, 5744832.987458473071456 ], [ 540640.093486243975349, 5744833.892785430885851 ], [ 540637.565957950078882, 5744834.786436994560063 ], [ 540637.446215589065105, 5744834.842554019764066 ], [ 540637.321771075599827, 5744834.887201297096908 ], [ 540634.898971393937245, 5744836.036314585246146 ], [ 540632.470919336075895, 5744837.174215171486139 ], [ 540632.357235941803083, 5744837.241837215609848 ], [ 540632.237752509769052, 5744837.298507127910852 ], [ 540629.938882712856866, 5744838.680340527556837 ], [ 540627.633690104703419, 5744840.051531933248043 ], [ 540627.527160511235707, 5744840.130007775500417 ], [ 540627.413788822595961, 5744840.198154584504664 ], [ 540625.260987839195877, 5744841.799400830641389 ], [ 540623.10085491114296, 5744843.390678070485592 ], [ 540623.002505054231733, 5744843.479251968674362 ], [ 540622.89633692370262, 5744843.558219404891133 ], [ 540620.910337245324627, 5744845.363458123058081 ], [ 540618.916067120851949, 5744847.159496788866818 ], [ 540618.826844153925776, 5744847.257315749302506 ], [ 540618.728902038186789, 5744847.346343344077468 ], [ 540616.928829913842492, 5744849.338189567439258 ], [ 540615.119628414395265, 5744851.321693354286253 ], [ 540615.040391604299657, 5744851.427815350703895 ], [ 540614.951618738239631, 5744851.526045741513371 ], [ 540613.354809949640185, 5744853.685317330062389 ], [ 540611.748100665048696, 5744855.837184580974281 ], [ 540611.679613106651232, 5744855.950587638653815 ], [ 540611.600864429841749, 5744856.057074826210737 ], [ 540610.222697222256102, 5744858.362977327778935 ], [ 540608.83395382470917, 5744860.662484839558601 ], [ 540608.776875106617808, 5744860.782076833769679 ], [ 540608.708909014472738, 5744860.895795322954655 ], [ 540607.562656094902195, 5744863.326122123748064 ], [ 540606.405253208358772, 5744865.751124783419073 ], [ 540602.197326829889789, 5744875.806652839295566 ], [ 540601.355230135726742, 5744878.132656690664589 ], [ 540600.485232534119859, 5744880.448302234522998 ], [ 540600.395544964354485, 5744880.783457605168223 ], [ 540600.277458093944006, 5744881.109631991945207 ], [ 540599.666658757603727, 5744883.507247304543853 ], [ 540599.027080930885859, 5744885.897297956049442 ], [ 540596.53345438814722, 5744897.453215035609901 ], [ 540596.464672201545909, 5744897.869909891858697 ], [ 540596.361491978634149, 5744898.279398117214441 ], [ 540596.333862131694332, 5744898.463514174334705 ], [ 540596.289542871993035, 5744898.644318074919283 ], [ 540595.975165876443498, 5744900.835426673293114 ], [ 540595.614669900969602, 5744903.019375047646463 ], [ 540595.586928642587736, 5744903.440827602520585 ], [ 540595.524250897928141, 5744903.858490870334208 ], [ 540595.514741635299288, 5744904.04443755093962 ], [ 540595.488299726159312, 5744904.228729230351746 ], [ 540595.389500756748021, 5744906.440203789621592 ], [ 540595.244105376536027, 5744908.649087856523693 ], [ 540595.25767228694167, 5744909.071239301003516 ], [ 540595.236100718379021, 5744909.493055305443704 ], [ 540595.22593413409777, 5744914.182509467937052 ], [ 540571.712171247927472, 5744913.080926647409797 ], [ 540566.088642866816372, 5744913.094604324549437 ], [ 540560.493529033614323, 5744913.661221696063876 ], [ 540554.980712719960138, 5744914.775322133675218 ], [ 540549.603284388082102, 5744916.426176654174924 ], [ 540544.413030738709494, 5744918.597887217067182 ], [ 540539.459936009719968, 5744921.269539807923138 ], [ 540534.791700629284605, 5744924.415405833162367 ], [ 540530.453281857073307, 5744928.005189857445657 ], [ 540526.486460837069899, 5744932.004321338608861 ], [ 540522.929440229083411, 5744936.374287503771484 ], [ 540519.816476296866313, 5744941.073004223406315 ], [ 540517.177548992796801, 5744946.055221264250576 ], [ 540515.038073219940998, 5744951.272958022542298 ], [ 540513.418654048466124, 5744956.675965582020581 ], [ 540512.334888249868527, 5744962.212210610508919 ], [ 540511.797214057762176, 5744967.828376442193985 ], [ 540511.81081060343422, 5744973.470376527868211 ], [ 540512.375547999283299, 5744979.083875315263867 ], [ 540513.485988549073227, 5744984.614811536855996 ], [ 540515.13143907522317, 5744990.009918842464685 ], [ 540517.296053863945417, 5744995.217238809913397 ], [ 540519.958987233112566, 5745000.18662135116756 ], [ 540523.094594260677695, 5745004.87020771484822 ], [ 540526.672677735798061, 5745009.222891433164477 ], [ 540530.658778959186748, 5745013.2027527410537 ], [ 540535.01450959185604, 5745016.771462346427143 ], [ 540539.697921356069855, 5745019.894650592468679 ], [ 540544.66391002794262, 5745022.542238497175276 ], [ 540549.864649832132272, 5745024.688727466389537 ], [ 540555.250054051866755, 5745026.313444893807173 ], [ 540560.768257420626469, 5745027.400743285194039 ], [ 540566.366115647484548, 5745027.940150955691934 ], [ 540574.698685991228558, 5745028.330531074665487 ], [ 540569.755190466414206, 5745055.93774348217994 ], [ 540569.623535487917252, 5745056.958632184192538 ], [ 540569.428702122415416, 5745057.96930103842169 ], [ 540569.360803659306839, 5745058.700661375187337 ], [ 540569.240179094020277, 5745059.425149243324995 ], [ 540565.19374341762159, 5745094.136573909781873 ], [ 540564.776624561287463, 5745094.116903983056545 ], [ 540559.160335409804247, 5745094.405689299106598 ], [ 540553.59930276311934, 5745095.245377687737346 ], [ 540548.147081397473812, 5745096.627882806584239 ], [ 540542.856178257381544, 5745098.539890877902508 ], [ 540537.777546819881536, 5745100.962988886982203 ], [ 540532.960096416529268, 5745103.87384189479053 ], [ 540528.450221235165372, 5745107.244417729787529 ], [ 540524.291353536886163, 5745111.042256910353899 ], [ 540520.523545392672531, 5745115.23078522644937 ], [ 540517.183082962059416, 5745119.769665900617838 ], [ 540514.302137034828775, 5745124.615188043564558 ], [ 540511.90845319617074, 5745129.72068755608052 ], [ 540510.025084602413699, 5745135.036996501497924 ], [ 540508.670169940683991, 5745140.51291658077389 ], [ 540508.136249460163526, 5745144.177445837296546 ], [ 540506.97379441477824, 5745144.41078978125006 ], [ 540501.594088410725817, 5745146.054661847651005 ], [ 540496.400885926443152, 5745148.21964746620506 ], [ 540491.444199597113766, 5745150.884897385723889 ], [ 540486.77176443755161, 5745154.02474467176944 ], [ 540482.428578151506372, 5745157.608951853588223 ], [ 540478.456467793206684, 5745161.603002092801034 ], [ 540474.893686959752813, 5745165.968431554734707 ], [ 540471.774547385633923, 5745170.663199801929295 ], [ 540469.129088496090844, 5745175.642094625160098 ], [ 540466.982788094086573, 5745180.857167416252196 ], [ 540465.35631697322242, 5745186.258194923400879 ], [ 540464.265339817735367, 5745191.793162880465388 ], [ 540463.720364309265278, 5745197.408766918815672 ], [ 540463.72663989441935, 5745203.050925908610225 ], [ 540464.284107190789655, 5745208.665302773937583 ], [ 540465.387398517108522, 5745214.197827783413231 ], [ 540467.025889548240229, 5745219.595219297334552 ], [ 540469.183801595936529, 5745224.805496891029179 ], [ 540471.840353530831635, 5745229.778481993824244 ], [ 540474.969961889786646, 5745234.466281171888113 ], [ 540478.542487235274166, 5745238.823747376911342 ], [ 540482.523524398333393, 5745242.808914788067341 ], [ 540486.874733812408522, 5745246.383403014391661 ], [ 540491.554210744448937, 5745249.512786742299795 ], [ 540496.516888867714442, 5745252.166927331127226 ], [ 540501.714974290924147, 5745254.320263070054352 ], [ 540507.098405862809159, 5745255.952055422589183 ], [ 540512.615337315830402, 5745257.046588746830821 ], [ 540518.212636609328911, 5745257.593321693129838 ], [ 540523.836397656588815, 5745257.586988716386259 ], [ 540529.432459509698674, 5745257.027650806121528 ], [ 540559.247465507476591, 5745252.556114691309631 ], [ 540559.770572428591549, 5745253.456995261833072 ], [ 540563.064103785902262, 5745258.0303765675053 ], [ 540566.788584585068747, 5745262.257855677045882 ], [ 540570.908146169735119, 5745266.098718607798219 ], [ 540575.38311483245343, 5745269.515974699519575 ], [ 540580.170393897802569, 5745272.476712890900671 ], [ 540585.22387877793517, 5745274.952418713830411 ], [ 540590.494901002035476, 5745276.919248937629163 ], [ 540595.932696946780197, 5745278.358261217363179 ], [ 540601.484896746696904, 5745279.255596563220024 ], [ 540607.098028681590222, 5745279.602612810209394 ], [ 540612.718034175573848, 5745279.395967875607312 ], [ 540618.290788452373818, 5745278.6376519408077 ], [ 540623.762621824629605, 5745277.334968279115856 ], [ 540629.0808366042329, 5745275.500462925061584 ], [ 540634.194214643444866, 5745273.151803812943399 ], [ 540639.05351062794216, 5745270.311610615812242 ], [ 540643.61192636040505, 5745267.007236863486469 ], [ 540647.82556147442665, 5745263.270506478846073 ], [ 540651.653836230980232, 5745259.137407267466187 ], [ 540655.059882328845561, 5745254.647744289599359 ], [ 540658.010897962725721, 5745249.844756467267871 ], [ 540660.102538680541329, 5745245.547105763107538 ], [ 540661.691875644261017, 5745246.271570913493633 ], [ 540667.015312788309529, 5745248.09070791862905 ], [ 540672.490841916180216, 5745249.377583649940789 ], [ 540678.065729744383134, 5745250.119804324582219 ], [ 540683.686286036972888, 5745250.310221674852073 ], [ 540689.298380712745711, 5745249.947001808322966 ], [ 540694.847965185996145, 5745249.033642868511379 ], [ 540700.281592925079167, 5745247.578941332176328 ], [ 540705.54693421011325, 5745245.596907302737236 ], [ 540710.593280132161453, 5745243.106629538349807 ], [ 540715.372030977508985, 5745240.132091614417732 ], [ 540719.837164294556715, 5745236.701940901577473 ], [ 540722.488698491011746, 5745234.21548487059772 ], [ 540723.685094945016317, 5745234.040131464600563 ], [ 540718.433240878279321, 5745243.073173593729734 ], [ 540715.841443497338332, 5745248.080448144115508 ], [ 540713.7513188989833, 5745253.318487063981593 ], [ 540712.182996889459901, 5745258.736845902167261 ], [ 540711.151582157472149, 5745264.283343469724059 ], [ 540710.667008774122223, 5745269.904564337804914 ], [ 540710.733944485313259, 5745275.546373259276152 ], [ 540711.35174571746029, 5745281.154436506330967 ], [ 540712.514463736326434, 5745286.674745131283998 ], [ 540714.21090189635288, 5745292.054135120473802 ], [ 540716.424723433097824, 5745297.240799399092793 ], [ 540719.134608763037249, 5745302.184786794707179 ], [ 540722.314460773603059, 5745306.838483112864196 ], [ 540725.933656132197939, 5745311.157069726847112 ], [ 540729.957340190303512, 5745315.098955253139138 ], [ 540734.346762645291165, 5745318.626176124438643 ], [ 540739.05965072941035, 5745321.704762247391045 ], [ 540744.050616327207536, 5745324.305064182728529 ], [ 540749.271593105280772, 5745326.402038748376071 ], [ 540754.672299439669587, 5745327.97549020126462 ], [ 540760.200722685782239, 5745329.010264774784446 ], [ 540760.885468928492628, 5745329.069676546379924 ], [ 540762.150065584806725, 5745330.683042025193572 ], [ 540766.042997807497159, 5745334.754959472455084 ], [ 540770.315001786802895, 5745338.424444293603301 ], [ 540774.924935626564547, 5745341.656156300567091 ], [ 540779.828402781044133, 5745344.418971348553896 ], [ 540784.978179632220417, 5745346.686281123198569 ], [ 540790.324670299887657, 5745348.436249410733581 ], [ 540795.816384304431267, 5745349.652022438123822 ], [ 540801.40043248119764, 5745350.321891205385327 ], [ 540803.17953323200345, 5745350.359075002372265 ], [ 540802.685285838437267, 5745362.976941202767193 ], [ 540802.161563287605532, 5745370.827175844460726 ], [ 540793.624082543188706, 5745470.676492802798748 ], [ 540793.418925800477155, 5745476.315073492005467 ], [ 540793.765629126457497, 5745481.946681237779558 ], [ 540794.660854624933563, 5745487.517080443911254 ], [ 540796.095981786493212, 5745492.972624798305333 ], [ 540798.057190469233319, 5745498.260773897171021 ], [ 540800.525593959609978, 5745503.330599288456142 ], [ 540803.477420830982737, 5745508.13327495008707 ], [ 540806.884243850479834, 5745512.622547548264265 ], [ 540810.71325373055879, 5745516.755181916058064 ], [ 540814.927575090085156, 5745520.491377476602793 ], [ 540819.48662158055231, 5745523.795151573605835 ], [ 540824.346486760885455, 5745526.634686053730547 ], [ 540829.460366951767355, 5745528.982633734121919 ], [ 540834.779012002516538, 5745530.816381796263158 ], [ 540840.25119962147437, 5745532.118269596248865 ], [ 540845.824228708515875, 5745532.875758767127991 ], [ 540851.444426930276677, 5745533.081553994677961 ], [ 540857.057667653425597, 5745532.733673281036317 ], [ 540862.609891254687682, 5745531.835467038676143 ], [ 540868.047625784762204, 5745530.395585816353559 ], [ 540873.31850197003223, 5745528.427896974608302 ], [ 540878.371757593122311, 5745525.951351124793291 ], [ 540883.158726391964592, 5745522.989799588918686 ], [ 540887.633306766510941, 5745519.571764669381082 ], [ 540891.75240578118246, 5745515.730164926499128 ], [ 540895.476354184094816, 5745511.501998121850193 ], [ 540898.769288445706479, 5745506.927984855137765 ], [ 540901.599496140959673, 5745502.052176376804709 ], [ 540903.939721342525445, 5745496.921530305407941 ], [ 540905.767427092418075, 5745491.585458366200328 ], [ 540907.065012416685931, 5745486.095350499264896 ], [ 540907.819981801905669, 5745480.504079915583134 ], [ 540914.56154938985128, 5745401.646764709614217 ], [ 540916.223949918407016, 5745423.346756808459759 ], [ 540916.929547038977034, 5745428.944477931596339 ], [ 540918.178627955145203, 5745434.445860481821001 ], [ 540919.959164286032319, 5745439.797922695055604 ], [ 540922.254009336233139, 5745444.949120642617345 ], [ 540922.563366289134137, 5745445.493090596981347 ], [ 540926.73094697133638, 5745496.753989446908236 ], [ 540926.982141225831583, 5745498.674551269970834 ], [ 540927.174284851178527, 5745500.601961614564061 ], [ 540927.347802658099681, 5745501.470296722836792 ], [ 540927.462649452849291, 5745502.348383135162294 ], [ 540927.900267553166486, 5745504.234996030107141 ], [ 540928.279788450920023, 5745506.134231404401362 ], [ 540928.5373046528548, 5745506.981322267092764 ], [ 540928.73738500662148, 5745507.84388711117208 ], [ 540929.357212781556882, 5745509.678381811827421 ], [ 540929.920456287218258, 5745511.531151398085058 ], [ 540930.259491003700532, 5745512.348839979618788 ], [ 540930.542878178646788, 5745513.18757619895041 ], [ 540931.338946638512425, 5745514.952285304665565 ], [ 540932.080488706938922, 5745516.740745709277689 ], [ 540932.497776972828433, 5745517.521157119423151 ], [ 540932.861741919652559, 5745518.327987118624151 ], [ 540933.826384739833884, 5745520.005915251560509 ], [ 540934.739084160537459, 5745521.712842356413603 ], [ 540935.230607353616506, 5745522.448460655286908 ], [ 540935.671645000693388, 5745523.215614103712142 ], [ 540936.769319426734, 5745524.753812739625573 ], [ 540940.120859977789223, 5745564.951966864056885 ], [ 540940.864091182360426, 5745570.544874353334308 ], [ 540942.150154789560474, 5745576.037765575572848 ], [ 540943.966666248161346, 5745581.377740505151451 ], [ 540946.296132394345477, 5745586.513371624983847 ], [ 540949.116119888843969, 5745591.395199202001095 ], [ 540951.923835469176993, 5745595.312589758075774 ], [ 540954.132734954589978, 5745628.180436361581087 ], [ 540954.78595533024054, 5745633.784683767706156 ], [ 540955.983549328171648, 5745639.297711863182485 ], [ 540957.713984422618523, 5745644.66642673779279 ], [ 540959.960596432443708, 5745649.839124111458659 ], [ 540962.701749974163249, 5745654.765987316146493 ], [ 540965.911046794382855, 5745659.399567054584622 ], [ 540969.5575799777871, 5745663.695238444954157 ], [ 540973.606231584679335, 5745667.61163077596575 ], [ 540978.018010848085396, 5745671.111025998368859 ], [ 540982.750429678941146, 5745674.159721995703876 ], [ 540987.757911858032458, 5745676.728357194922864 ], [ 540992.992231976706535, 5745678.79219338670373 ], [ 540998.40297989861574, 5745680.331353979185224 ], [ 541003.938046265742742, 5745681.331015459261835 ], [ 541009.544124374398962, 5745681.781550173647702 ], [ 541015.167223587050103, 5745681.678619063459337 ], [ 541020.753189329756424, 5745681.023213441483676 ], [ 541026.248224672977813, 5745679.821645473130047 ], [ 541031.599408463342115, 5745678.085487351752818 ], [ 541036.755205020774156, 5745675.831459844484925 ], [ 541041.6659604877932, 5745673.081271239556372 ], [ 541046.284381050965749, 5745669.861408258788288 ], [ 541050.565988428308628, 5745666.202880931086838 ], [ 541054.46954823192209, 5745662.140923913568258 ], [ 541055.929853388341144, 5745660.287756179459393 ], [ 541060.135950111784041, 5745660.918282965198159 ], [ 541065.752902491483837, 5745661.201107890345156 ], [ 541071.370438666781411, 5745660.930205193348229 ], [ 541076.93445764365606, 5745660.108183913864195 ], [ 541082.391373867751099, 5745658.742960872128606 ], [ 541087.688633321668021, 5745656.847684409469366 ], [ 541092.775219684233889, 5745654.440607736818492 ], [ 541097.602145677781664, 5745651.544913136400282 ], [ 541102.122924866620451, 5745648.188488655723631 ], [ 541106.294019367895089, 5745644.403659510426223 ], [ 541110.075259155710228, 5745640.226876721717417 ], [ 541113.430228924960829, 5745635.698366039432585 ], [ 541116.326618787017651, 5745630.861740510910749 ], [ 541118.736535419360735, 5745625.763580406084657 ], [ 541120.636770674609579, 5745620.452984621748328 ], [ 541122.009025062667206, 5745614.981097764335573 ], [ 541122.840083952411078, 5745609.400617591105402 ], [ 541123.121944801299833, 5745603.765287491492927 ], [ 541122.851894184364937, 5745598.129378877580166 ], [ 541122.03253388707526, 5745592.547168527729809 ], [ 541120.671755806310102, 5745587.072415875270963 ], [ 541118.782665910199285, 5745581.757845287211239 ], [ 541116.383457983960398, 5745576.654638315550983 ], [ 541080.715261700213887, 5745509.535339132882655 ], [ 541080.795364230754785, 5745508.245058906264603 ], [ 541080.967956950305961, 5745506.521293989382684 ], [ 541080.970068564405665, 5745505.430945556610823 ], [ 541081.037628198741004, 5745504.342704027891159 ], [ 541080.975529040792026, 5745502.611385141499341 ], [ 541080.978884146548808, 5745500.878949231468141 ], [ 541080.874461988219991, 5745499.793644161894917 ], [ 541080.835378509480506, 5745498.703999797813594 ], [ 541079.937181211193092, 5745488.135063168592751 ], [ 541082.77713916474022, 5745488.81817270629108 ], [ 541088.348254437558353, 5745489.589499594643712 ], [ 541093.967899978160858, 5745489.80925409309566 ], [ 541099.581954476307146, 5745489.475319764576852 ], [ 541105.136350471293554, 5745488.590912703424692 ], [ 541110.577595090027899, 5745487.16455055680126 ], [ 541115.853285252931528, 5745485.209970493800938 ], [ 541120.912612377898768, 5745482.745996870100498 ], [ 541125.706851726747118, 5745479.796359926462173 ], [ 541130.189831675495952, 5745476.389467222616076 ], [ 541134.318378390860744, 5745472.558130011893809 ], [ 541138.052731629228219, 5745468.339247215539217 ], [ 541141.356927652028389, 5745463.773450031876564 ], [ 541144.199145571677946, 5745458.904710583388805 ], [ 541146.552013792213984, 5745453.779918412677944 ], [ 541148.392873591510579, 5745448.448428872972727 ], [ 541149.703997312230058, 5745442.961587772704661 ], [ 541150.472759056370705, 5745437.37223687581718 ], [ 541150.492847653571516, 5745436.855060737580061 ], [ 541161.7195511222817, 5745440.455934754572809 ], [ 541163.618773639318533, 5745440.963512967340648 ], [ 541165.502205151831731, 5745441.527215213514864 ], [ 541250.831262102001347, 5745462.551537985913455 ], [ 541250.631756390910596, 5745462.858358392491937 ], [ 541248.035440737032332, 5745467.863434005528688 ], [ 541245.940604867646471, 5745473.099728854373097 ], [ 541244.367423959542066, 5745478.516815275885165 ], [ 541243.331049494212493, 5745484.0625243447721 ], [ 541242.841463307500817, 5745489.683448223397136 ], [ 541242.903381420532241, 5745495.325454532168806 ], [ 541243.516208582557738, 5745500.934207639656961 ], [ 541244.674043962615542, 5745506.455691959708929 ], [ 541246.365737938205712, 5745511.836732154712081 ], [ 541248.574999435571954, 5745517.025505257770419 ], [ 541251.280552787706256, 5745521.972039792686701 ], [ 541254.456342603429221, 5745526.628697030246258 ], [ 541258.071784672909416, 5745530.950629838742316 ], [ 541262.092060495517217, 5745534.896214602515101 ], [ 541264.693173208972439, 5745536.990224557928741 ], [ 541262.787791865994222, 5745543.008358956314623 ], [ 541262.556263578590006, 5745543.886930475011468 ], [ 541262.266987384995446, 5745544.748101320117712 ], [ 541229.081971062463708, 5745662.311779910698533 ], [ 541227.816876926110126, 5745667.80963041447103 ], [ 541227.09499656688422, 5745673.405418018810451 ], [ 541226.923283106763847, 5745679.045252501964569 ], [ 541227.303391293273307, 5745684.674819238483906 ], [ 541228.231661521364003, 5745690.239902278408408 ], [ 541229.699155038921162, 5745695.686906487680972 ], [ 541231.691739992238581, 5745700.963373708538711 ], [ 541234.190227488987148, 5745706.018487975932658 ], [ 541237.17055636679288, 5745710.803564936853945 ], [ 541240.604024891857989, 5745715.272520737722516 ], [ 541244.457567153964192, 5745719.382315871305764 ], [ 541248.694071499048732, 5745723.093369708396494 ], [ 541253.272737931925803, 5745726.36994172912091 ], [ 541258.149471048498526, 5745729.180475758388638 ], [ 541263.277304711518809, 5745731.49790390022099 ], [ 541264.123481047688983, 5745731.784009480848908 ], [ 541264.089281615102664, 5745731.796208713203669 ], [ 541262.112313459510915, 5745732.729442656040192 ], [ 541257.067000883747824, 5745732.710541698150337 ], [ 541251.467994880629703, 5745733.242628751322627 ], [ 541245.947931707720272, 5745734.322747551836073 ], [ 541240.559971613343805, 5745735.940496356226504 ], [ 541235.356002717511728, 5745738.080295946449041 ], [ 541230.38614133419469, 5745740.72153961379081 ], [ 541225.698249352397397, 5745743.838791616261005 ], [ 541221.337473324034363, 5745747.40203208476305 ], [ 541217.345809692516923, 5745751.376946099102497 ], [ 541213.761700352770276, 5745755.725254113785923 ], [ 541210.619662435143255, 5745760.405080586671829 ], [ 541207.949955878546461, 5745765.37135720718652 ], [ 541205.778291995869949, 5745770.576256898231804 ], [ 541204.125585837755352, 5745775.969654377549887 ], [ 541203.007754740770906, 5745781.499608878977597 ], [ 541202.435565000399947, 5745787.112864322029054 ], [ 541202.414528149878606, 5745792.755362204276025 ], [ 541202.944847840000875, 5745798.372762195765972 ], [ 541204.021417838521302, 5745803.910965465940535 ], [ 541205.63387116487138, 5745809.316635687835515 ], [ 541207.76667989382986, 5745814.537712728604674 ], [ 541210.399304662831128, 5745819.523914023302495 ], [ 541213.506392448209226, 5745824.227218851447105 ], [ 541217.05802070745267, 5745828.602330844849348 ], [ 541221.019985532271676, 5745832.607114248909056 ], [ 541225.354131043539383, 5745836.202999760396779 ], [ 541228.522354923305102, 5745838.344105653464794 ], [ 541224.806808007997461, 5745868.120819816365838 ], [ 541224.670000861398876, 5745869.936424678191543 ], [ 541224.4702405014541, 5745871.7461471054703 ], [ 541224.458136074477807, 5745872.748139156959951 ], [ 541224.382844494655728, 5745873.747353710234165 ], [ 541224.424075107323006, 5745875.567670491524041 ], [ 541224.402080944273621, 5745877.388323877938092 ], [ 541224.487926412955858, 5745878.386682024225593 ], [ 541224.510617610183544, 5745879.388489779084921 ], [ 541224.729489249759354, 5745881.195987828075886 ], [ 541224.885473439819179, 5745883.010038285516202 ], [ 541225.068442250951193, 5745883.995147771202028 ], [ 541225.188897883752361, 5745884.989900749176741 ], [ 541225.583303029299714, 5745886.767172798514366 ], [ 541225.915763692930341, 5745888.557149958796799 ], [ 541226.194093935075216, 5745889.519523584283888 ], [ 541226.411154129076749, 5745890.497641718946397 ], [ 541226.977294755866751, 5745892.227571535855532 ], [ 541227.483030429342762, 5745893.976236807182431 ], [ 541227.854041791404597, 5745894.906606286764145 ], [ 541228.165616305661388, 5745895.858669686131179 ], [ 541228.898040452506393, 5745897.524596905335784 ], [ 541229.572180904564448, 5745899.21510948985815 ], [ 541230.032300485530868, 5745900.104514741338789 ], [ 541230.435388833051547, 5745901.021354389376938 ], [ 541231.327043089317158, 5745902.607234978117049 ], [ 541232.163096221163869, 5745904.223314080387354 ], [ 541232.707892934791744, 5745905.063189496286213 ], [ 541233.19861327263061, 5745905.935975580476224 ], [ 541234.240910710184835, 5745907.426536358892918 ], [ 541235.230825055507012, 5745908.95261796284467 ], [ 541235.855052286293358, 5745909.734874903224409 ], [ 541236.428678807453252, 5745910.555201864801347 ], [ 541237.611581662320532, 5745911.93608760740608 ], [ 541238.745823928620666, 5745913.357474392279983 ], [ 541239.443470082478598, 5745914.074579123407602 ], [ 541240.094478499959223, 5745914.834546578116715 ], [ 541241.406594826723449, 5745916.092458254657686 ], [ 541242.674241711152717, 5745917.395461164414883 ], [ 541243.438588081975468, 5745918.040507384575903 ], [ 541244.160708853625692, 5745918.732796248048544 ], [ 541245.589402264100499, 5745919.855619153939188 ], [ 541246.978245617938228, 5745921.027689200825989 ], [ 541247.801931104855612, 5745921.594464578665793 ], [ 541248.5882097997237, 5745922.212407543323934 ], [ 541250.119721104158089, 5745923.189327928237617 ], [ 541251.616385557455942, 5745924.21917712688446 ], [ 541252.491477577015758, 5745924.70222313888371 ], [ 541253.334341830806807, 5745925.23986888024956 ], [ 541254.953921592212282, 5745926.061478156596422 ], [ 541256.54399332718458, 5745926.939188184216619 ], [ 541257.462064165039919, 5745927.333852658979595 ], [ 541258.353396653896198, 5745927.786023202352226 ], [ 541260.04544726817403, 5745928.44440855178982 ], [ 541261.713612805586308, 5745929.161526282317936 ], [ 541262.665820793015882, 5745929.464008243754506 ], [ 541263.597037401632406, 5745929.8263487983495 ], [ 541265.345263270079158, 5745930.315169378183782 ], [ 541267.075457003782503, 5745930.864788333885372 ], [ 541268.052631714148447, 5745931.07217460218817 ], [ 541269.014764168648981, 5745931.341195503249764 ], [ 541270.522304618963972, 5745931.606469233520329 ], [ 541270.466492304345593, 5745931.999142437241971 ], [ 541270.09741910151206, 5745934.324953553266823 ], [ 541270.069634961662814, 5745934.79127202462405 ], [ 541270.003901761723682, 5745935.253744451329112 ], [ 541269.901890988345258, 5745937.606622749939561 ], [ 541269.761819403618574, 5745939.95752998162061 ], [ 541269.779726936481893, 5745940.424335546791553 ], [ 541269.759492375305854, 5745940.891045433469117 ], [ 541269.88784187939018, 5745943.242627051658928 ], [ 541269.978121315711178, 5745945.595989930443466 ], [ 541270.041548149078153, 5745946.058786992914975 ], [ 541270.067007184261456, 5745946.525239673443139 ], [ 541270.424481328576803, 5745948.852877552621067 ], [ 541270.744242783985101, 5745951.186031865887344 ], [ 541270.852578168502077, 5745951.640363419428468 ], [ 541270.923485701554455, 5745952.102066682651639 ], [ 541271.506642237538472, 5745954.383344280533493 ], [ 541272.052806655294262, 5745956.673820341005921 ], [ 541272.205007340642624, 5745957.11531088501215 ], [ 541272.320680576143786, 5745957.567818253301084 ], [ 541273.123903782572597, 5745959.780765428207815 ], [ 541273.891211684909649, 5745962.006504477933049 ], [ 541274.085811967030168, 5745962.430902167223394 ], [ 541274.245136982528493, 5745962.86985569819808 ], [ 541275.26069172041025, 5745964.993160268291831 ], [ 541276.241753857000731, 5745967.132726961746812 ], [ 541276.476879689842463, 5745967.53594455588609 ], [ 541276.678322161315009, 5745967.957116820849478 ], [ 541277.896428372594528, 5745969.970329880714417 ], [ 541279.081796851474792, 5745972.003118664957583 ], [ 541279.355183886829764, 5745972.381272874772549 ], [ 541279.596803869004361, 5745972.780607698485255 ], [ 541281.005730734788813, 5745974.664340510964394 ], [ 541282.383990018628538, 5745976.570774137973785 ], [ 541299.2377230420243, 5745997.6263188412413 ], [ 541302.97028176265303, 5746001.847250889986753 ], [ 541307.097242967691272, 5746005.6808041036129 ], [ 541311.578861684189178, 5746009.09005821403116 ], [ 541316.371977188624442, 5746012.042179229669273 ], [ 541321.430428681662306, 5746014.50873566698283 ], [ 541326.7054998583626, 5746016.465972410514951 ], [ 541332.146388098597527, 5746017.895039515569806 ], [ 541337.70069375471212, 5746018.78217376768589 ], [ 541343.314924824633636, 5746019.118831251747906 ], [ 541348.935012146714143, 5746018.901769646443427 ], [ 541354.506830156082287, 5746018.133079454302788 ], [ 541359.976718183490448, 5746016.820163862779737 ], [ 541365.29199727694504, 5746014.975667450577021 ], [ 541370.401477563660592, 5746012.617354375310242 ], [ 541375.255951269180514, 5746009.767937280237675 ], [ 541379.80866664077621, 5746006.454858534969389 ], [ 541384.015778213506564, 5746002.710025893524289 ], [ 541387.836769077228382, 5745998.569505196996033 ], [ 541391.234841082128696, 5745994.073172966949642 ], [ 541394.177269222564064, 5745989.264332364313304 ], [ 541396.635716783464886, 5745984.189296089112759 ], [ 541398.586508223554119, 5745978.896940339356661 ], [ 541400.010857155430131, 5745973.438234092667699 ], [ 541400.290054738987237, 5745971.678630267269909 ], [ 541402.371228011907078, 5745970.140238026157022 ], [ 541406.550372324883938, 5745966.364050740376115 ], [ 541406.557763739489019, 5745966.355920444242656 ], [ 541442.033558926777914, 5745992.716718286275864 ], [ 541447.767270760727115, 5746000.822640874423087 ], [ 541448.361875438014977, 5746001.581417667679489 ], [ 541448.906402983702719, 5746002.377132039517164 ], [ 541450.0989908229094, 5746003.798155158758163 ], [ 541451.243387039517984, 5746005.258521672338247 ], [ 541451.909259315929376, 5746005.955172361806035 ], [ 541452.528904288774356, 5746006.693507305346429 ], [ 541453.854580304934643, 5746007.990410724654794 ], [ 541455.136140467831865, 5746009.331207158975303 ], [ 541455.866867644595914, 5746009.959022436290979 ], [ 541456.555662548285909, 5746010.632867206819355 ], [ 541458.001659753615968, 5746011.793160677887499 ], [ 541459.408041746355593, 5746013.001474093645811 ], [ 541460.196586503996514, 5746013.554407580755651 ], [ 541460.947897851699963, 5746014.157272494398057 ], [ 541462.500290438416414, 5746015.169781420379877 ], [ 541464.017949968227185, 5746016.233974754810333 ], [ 541464.856718138442375, 5746016.706701232120395 ], [ 541465.663310340605676, 5746017.23278019670397 ], [ 541467.307147780666128, 5746018.087753236293793 ], [ 541468.921468834741972, 5746018.99757740739733 ], [ 541469.802382523310371, 5746019.385544095188379 ], [ 541470.656487587024458, 5746019.829770526848733 ], [ 541472.375938654178753, 5746020.518973538652062 ], [ 541474.071374230203219, 5746021.265666144900024 ], [ 541474.985949649824761, 5746021.565136577934027 ], [ 541475.879341956111602, 5746021.923232185654342 ], [ 541477.657847131602466, 5746022.440027511678636 ], [ 541479.418069036211818, 5746023.016397256404161 ], [ 541480.357498186058365, 5746023.224487258121371 ], [ 541481.281573741463944, 5746023.493003263138235 ], [ 541483.102004755521193, 5746023.832413689233363 ], [ 541484.910060807247646, 5746024.232909621670842 ], [ 541485.865296311560087, 5746024.347615090198815 ], [ 541486.811155605711974, 5746024.523965450003743 ], [ 541488.655980414245278, 5746024.682722137309611 ], [ 541490.494457703782246, 5746024.903487117029727 ], [ 541491.456299938377924, 5746024.923703322187066 ], [ 541492.414833668619394, 5746025.006189627572894 ], [ 541494.266285243676975, 5746024.982763591222465 ], [ 541496.117477905936539, 5746025.021671464666724 ], [ 541497.076663637300953, 5746024.947203701362014 ], [ 541498.038640407728963, 5746024.935031542554498 ], [ 541799.136472680373117, 5746006.267917557619512 ], [ 541830.910902469069697, 5746010.510269181802869 ], [ 541833.321279638446867, 5746010.711964108981192 ], [ 541835.728666231036186, 5746010.946875280700624 ], [ 541836.122858410701156, 5746010.946393063291907 ], [ 541836.515686970669776, 5746010.979263881221414 ], [ 541838.934162554331124, 5746010.942953453399241 ], [ 541841.35290706937667, 5746010.939993418753147 ], [ 541841.745153978466988, 5746010.900749050080776 ], [ 541842.139302323223092, 5746010.894831206649542 ], [ 541844.5425845826976, 5746010.620865123346448 ], [ 541846.949392777169123, 5746010.38006238732487 ], [ 541847.335916788550094, 5746010.30243382230401 ], [ 541847.727588982554153, 5746010.257784320041537 ], [ 541850.092532588751055, 5746009.748801121488214 ], [ 541852.464225104195066, 5746009.272474847733974 ], [ 541852.841303698951378, 5746009.157209717668593 ], [ 541853.22672766528558, 5746009.074258576147258 ], [ 541855.530556555255316, 5746008.335160198621452 ], [ 541857.844292226829566, 5746007.627897872589529 ], [ 541858.208293866016902, 5746007.476106283254921 ], [ 541858.583757697604597, 5746007.355652396567166 ], [ 541860.804284349316731, 5746006.393557019531727 ], [ 541863.037780281854793, 5746005.462170228362083 ], [ 541863.385199379408732, 5746005.275314068421721 ], [ 541863.747087093070149, 5746005.118517518974841 ], [ 541865.862926276167855, 5746003.942690975964069 ], [ 541867.994672396220267, 5746002.796149803325534 ], [ 541868.322163078119047, 5746002.576028652489185 ], [ 541868.666989443474449, 5746002.38439953699708 ], [ 541870.657764226081781, 5746001.006166051141918 ], [ 541872.667230405495502, 5745999.65551270917058 ], [ 541872.971638721995987, 5745999.404246528632939 ], [ 541873.296082840533927, 5745999.179630399681628 ], [ 541875.142620788654312, 5745997.612263538874686 ], [ 541877.01045462070033, 5745996.070505975745618 ], [ 541877.288848937605508, 5745995.790514664724469 ], [ 541877.589786210097373, 5745995.535074768587947 ], [ 541879.274304055608809, 5745993.793669591657817 ], [ 541880.982517214491963, 5745992.075656206347048 ], [ 541881.232216444914229, 5745991.769636304117739 ], [ 541881.506748666288331, 5745991.485832748003304 ], [ 541883.01302357763052, 5745989.587160405702889 ], [ 541884.545165056013502, 5745987.709437052719295 ], [ 541884.763764465111308, 5745987.38033577427268 ], [ 541885.009247751557268, 5745987.070901813916862 ], [ 541886.322773603489622, 5745985.033247952349484 ], [ 541887.664088106714189, 5745983.013898616656661 ], [ 541887.849482484394684, 5745982.664885465987027 ], [ 541888.063552721403539, 5745982.33280117996037 ], [ 541889.171679699793458, 5745980.175789965316653 ], [ 541890.309249839163385, 5745978.034262482076883 ], [ 541890.459653780912049, 5745977.668698696419597 ], [ 541890.640249381889589, 5745977.317162314429879 ], [ 541891.532305870205164, 5745975.061567322351038 ], [ 541892.455176487797871, 5745972.818486134521663 ], [ 541892.569141567917541, 5745972.43989235907793 ], [ 541892.692163657164201, 5745972.128826684318483 ], [ 541898.162763818399981, 5745970.95988801214844 ], [ 541903.522285462240689, 5745969.249199442565441 ], [ 541908.688868010067381, 5745967.01969900354743 ], [ 541913.612753721885383, 5745964.292858768254519 ], [ 541918.246522324625403, 5745961.094940593466163 ], [ 541922.545547716319561, 5745957.456743163056672 ], [ 541926.468427754589356, 5745953.413305344060063 ], [ 541926.548225731123239, 5745953.313022525049746 ], [ 541929.901447351789102, 5745953.840636771172285 ], [ 541930.261913542752154, 5745953.87928999774158 ], [ 541930.617770512006246, 5745953.948697810992599 ], [ 541933.045000151731074, 5745954.177881279960275 ], [ 541935.469036445836537, 5745954.438877346925437 ], [ 541935.481455549248494, 5745954.438986176624894 ], [ 541935.493804793804884, 5745954.440310394391418 ], [ 541935.856311572832055, 5745954.44332960434258 ], [ 541936.217235965887085, 5745954.477408569306135 ], [ 541938.655168481520377, 5745954.466797056607902 ], [ 541941.093030938063748, 5745954.488158981315792 ], [ 541941.105400869739242, 5745954.487046004272997 ], [ 541941.117820023559034, 5745954.487149431370199 ], [ 541941.478876175591722, 5745954.454505543224514 ], [ 541941.841392034548335, 5745954.452927453443408 ], [ 541944.266548377345316, 5745954.202623135410249 ], [ 541946.694758559693582, 5745953.984145200811327 ], [ 541946.706960195559077, 5745953.981821135617793 ], [ 541946.719329645391554, 5745953.980702779255807 ], [ 541947.075457937433384, 5745953.912710173986852 ], [ 541947.436073965625837, 5745953.875490233302116 ], [ 541949.825097974389791, 5745953.387903776019812 ], [ 541952.220270573277958, 5745952.931690125726163 ], [ 541952.232186392182484, 5745952.928177353926003 ], [ 541952.244387021753937, 5745952.925847984850407 ], [ 541952.592157691717148, 5745952.823161491192877 ], [ 541952.947400881559588, 5745952.750658166594803 ], [ 541955.277284612762742, 5745952.030485447496176 ], [ 541957.469891357817687, 5745951.384106460958719 ], [ 541975.755305005819537, 5745955.931938625872135 ], [ 541978.413367251399904, 5745958.037050017155707 ], [ 541983.148216077010147, 5745961.082285420037806 ], [ 541988.157778519904241, 5745963.647237820550799 ], [ 541993.393809136468917, 5745965.707204474136233 ], [ 541998.805881316191517, 5745967.242346060462296 ], [ 542004.341872946824878, 5745968.237877773120999 ], [ 542009.948468413087539, 5745968.684211730957031 ], [ 542015.571672094403766, 5745968.577049326151609 ], [ 542019.018835808266886, 5745968.169963988475502 ], [ 542023.845962755265646, 5745970.474631893448532 ], [ 542029.136888931738213, 5745972.388223809190094 ], [ 542034.589291802723892, 5745973.772297048009932 ], [ 542040.150660819839686, 5745974.613521721214056 ], [ 542045.767435951973312, 5745974.903796067461371 ], [ 542051.38552353461273, 5745974.64032447617501 ], [ 542056.95081726310309, 5745973.825644416734576 ], [ 542058.888615580275655, 5745973.343567620962858 ], [ 542070.005619069561362, 5745975.42185060121119 ], [ 542072.05673859117087, 5745977.633687315508723 ], [ 542076.272896971553564, 5745981.368240421637893 ], [ 542080.833611297537573, 5745984.670199457556009 ], [ 542085.694959064363502, 5745987.50776375643909 ], [ 542090.810122314374894, 5745989.853605104610324 ], [ 542096.129838539171033, 5745991.685130972415209 ], [ 542112.527293648570776, 5745996.442197649739683 ], [ 542113.004610643023625, 5745996.555535647086799 ], [ 542113.471211499301717, 5745996.707282430492342 ], [ 542115.74018236855045, 5745997.205091342329979 ], [ 542118.000335608841851, 5745997.741759242489934 ], [ 542118.486427080468275, 5745997.807612613774836 ], [ 542118.965606454876252, 5745997.912743634544313 ], [ 542121.272286457824521, 5745998.185027116909623 ], [ 542123.573987700743601, 5745998.49684957973659 ], [ 542124.06417223974131, 5745998.514584087766707 ], [ 542124.551315283053555, 5745998.572086845524609 ], [ 542126.873489425634034, 5745998.61622254922986 ], [ 542129.194571590633132, 5745998.700196444056928 ], [ 542129.68412835127674, 5745998.669641288928688 ], [ 542130.174543528584763, 5745998.678961983881891 ], [ 542132.48984759429004, 5745998.494524826295674 ], [ 542134.807956931414083, 5745998.349841424264014 ], [ 542135.292171119828708, 5745998.27129087317735 ], [ 542135.781135375611484, 5745998.232339736074209 ], [ 542138.067271280451678, 5745997.821106008253992 ], [ 542140.360082706669345, 5745997.449158754199743 ], [ 542140.834290996426716, 5745997.323369317688048 ], [ 542141.317095237900503, 5745997.236521493643522 ], [ 542143.552045793505386, 5745996.602451743558049 ], [ 542145.79747790901456, 5745996.006822833791375 ], [ 542146.257113334955648, 5745995.835005974397063 ], [ 542146.729107806808315, 5745995.701097892597318 ], [ 542148.891348853125237, 5745994.850298775359988 ], [ 542151.067776533775032, 5745994.036724670790136 ], [ 542151.508412478258833, 5745993.820535137318075 ], [ 542151.965051544015296, 5745993.640856455080211 ], [ 542154.033759165205993, 5745992.58152193389833 ], [ 542154.206335787544958, 5745992.496850471012294 ], [ 542159.48214680608362, 5745992.928405466489494 ], [ 542165.105584389646538, 5745992.833479158580303 ], [ 542170.6926689267857, 5745992.186006645672023 ], [ 542176.189592712325975, 5745990.992223687469959 ], [ 542181.543416405213065, 5745989.263627500273287 ], [ 542186.702578899334185, 5745987.016866022720933 ], [ 542191.617393919499591, 5745984.2735775699839 ], [ 542196.240528554306366, 5745981.060182403773069 ], [ 542200.527459119213745, 5745977.407628263346851 ], [ 542204.436899958527647, 5745973.351092286407948 ], [ 542207.931201055180281, 5745968.929642182774842 ], [ 542210.976710620103404, 5745964.185859959572554 ], [ 542213.544099167687818, 5745959.165431796573102 ], [ 542215.608641957864165, 5745953.916708016768098 ], [ 542217.150457085226662, 5745948.490237420424819 ], [ 542218.154696923564188, 5745942.938280442729592 ], [ 542218.611691082129255, 5745937.314305832609534 ], [ 542218.580871069803834, 5745935.477239518426359 ], [ 542221.736400652211159, 5745937.002845517359674 ], [ 542227.017918677651323, 5745938.94235907215625 ], [ 542232.463491190574132, 5745940.35315431188792 ], [ 542238.020673427497968, 5745941.221644001081586 ], [ 542243.635945681133308, 5745941.539463785476983 ], [ 542249.255228761932813, 5745941.303552772849798 ], [ 542254.824404850834981, 5745940.516183 ], [ 542260.28983872407116, 5745939.184937553480268 ], [ 542265.598894328461029, 5745937.32263755146414 ], [ 542270.700441731140018, 5745934.947218608111143 ], [ 542275.545349560794421, 5745932.081558116711676 ], [ 542279.944588639540598, 5745928.857589999213815 ], [ 542283.863321255543269, 5745929.087288954295218 ], [ 542289.48305619682651, 5745928.862673011608422 ], [ 542295.053785478579812, 5745928.086499474942684 ], [ 542300.521858917782083, 5745926.766243609599769 ], [ 542305.834615038475022, 5745924.914620677009225 ], [ 542310.940888267941773, 5745922.549463478848338 ], [ 542315.791501718806103, 5745919.693550569005311 ], [ 542320.339740817784332, 5745916.374386874958873 ], [ 542324.541803211439401, 5745912.623938756063581 ], [ 542324.97648589045275, 5745912.151637798175216 ], [ 542325.396885107387789, 5745912.244961582124233 ], [ 542327.634377807728015, 5745912.783872823230922 ], [ 542328.141583705204539, 5745912.854252547957003 ], [ 542328.64152602199465, 5745912.965233794413507 ], [ 542330.926159877795726, 5745913.240638910792768 ], [ 542333.205528788967058, 5745913.55692229885608 ], [ 542333.71716827864293, 5745913.577084993943572 ], [ 542334.225545856985264, 5745913.638367993757129 ], [ 542336.526084980345331, 5745913.687778283841908 ], [ 542338.825378183159046, 5745913.778387749567628 ], [ 542355.011337659554556, 5745913.618756036274135 ], [ 542356.103819843730889, 5745913.554103177972138 ], [ 542357.198200302547775, 5745913.555288987234235 ], [ 542358.127370582194999, 5745913.464490114711225 ], [ 542359.060475325561129, 5745913.435006756335497 ], [ 542359.840499463956803, 5745913.332966241985559 ], [ 542360.625761482166126, 5745913.286494182422757 ], [ 542361.706666503218003, 5745913.114719023928046 ], [ 542362.795892961788923, 5745913.008278822526336 ], [ 542363.711718081380241, 5745912.826543488539755 ], [ 542364.637449090369046, 5745912.705441509373486 ], [ 542365.40374798711855, 5745912.527185550890863 ], [ 542366.180688409949653, 5745912.4037153897807 ], [ 542367.239606380462646, 5745912.126472277566791 ], [ 542368.313188776606694, 5745911.913431190885603 ], [ 542369.206848687143065, 5745911.642509670928121 ], [ 542370.116290486534126, 5745911.430955393239856 ], [ 542370.861484102206305, 5745911.178200771100819 ], [ 542371.622620457201265, 5745910.978921634145081 ], [ 542372.649353242130019, 5745910.59888066444546 ], [ 542373.696952196769416, 5745910.281290477141738 ], [ 542374.559840295580216, 5745909.923791984096169 ], [ 542375.444234329042956, 5745909.623822879977524 ], [ 542376.161145945894532, 5745909.299003822728992 ], [ 542376.899147923337296, 5745909.02583497017622 ], [ 542377.883807356236503, 5745908.546656272374094 ], [ 542378.895333759137429, 5745908.12757567409426 ], [ 542379.719139837310649, 5745907.686943233013153 ], [ 542380.569968768046238, 5745907.301448276266456 ], [ 542381.251694022212178, 5745906.907693086192012 ], [ 542381.959454162046313, 5745906.563265376724303 ], [ 542382.892557306564413, 5745905.98956385627389 ], [ 542383.858269460615702, 5745905.473028976470232 ], [ 542384.635059721884318, 5745904.953506259247661 ], [ 542385.444129481096752, 5745904.486198114231229 ], [ 542386.084102898952551, 5745904.027298997156322 ], [ 542386.754805005155504, 5745903.61492957174778 ], [ 542387.627365473890677, 5745902.952230465598404 ], [ 542388.433237860910594, 5745902.413256917148829 ], [ 542391.407414584187791, 5745902.250013335607946 ], [ 542396.966037123696879, 5745901.391015211120248 ], [ 542402.413970313733444, 5745899.98952417075634 ], [ 542407.698746654670686, 5745898.059037848375738 ], [ 542412.769470054307021, 5745895.618148559704423 ], [ 542417.577306013554335, 5745892.690364227630198 ], [ 542422.075951957493089, 5745889.303881954401731 ], [ 542426.222083171480335, 5745885.491316419094801 ], [ 542429.975770053686574, 5745881.289385767653584 ], [ 542433.300862662727013, 5745876.738557942211628 ], [ 542436.165338856284507, 5745871.882660901173949 ], [ 542438.541612670291215, 5745866.768460515886545 ], [ 542440.406799967284314, 5745861.445210136473179 ], [ 542441.742938796523958, 5745855.964176242239773 ], [ 542442.493557462817989, 5745850.684832029044628 ], [ 542449.265689797583036, 5745841.90549795422703 ], [ 542449.846395763452165, 5745841.201725581660867 ], [ 542455.197050307295285, 5745840.446558144874871 ], [ 542460.662739002960734, 5745839.11663771700114 ], [ 542465.972177663701586, 5745837.255631247535348 ], [ 542471.074232667218894, 5745834.881461904384196 ], [ 542475.919767753686756, 5745832.016995039768517 ], [ 542480.462117260089144, 5745828.689817956648767 ], [ 542484.657535556703806, 5745824.931974195875227 ], [ 542488.465618352172896, 5745820.779654890298843 ], [ 542491.849691815674305, 5745816.27285020519048 ], [ 542494.777165760518983, 5745811.454964140430093 ], [ 542497.219847495667636, 5745806.372396508231759 ], [ 542499.154213317204267, 5745801.074096045456827 ], [ 542500.561635030433536, 5745795.611088961362839 ], [ 542501.428559317137115, 5745790.035987506620586 ], [ 542501.746638227370568, 5745784.402483282610774 ], [ 542501.512809535488486, 5745778.764830130152404 ], [ 542500.729326190194115, 5745773.177321647293866 ], [ 542499.403734578751028, 5745767.69376829918474 ], [ 542497.548801810014993, 5745762.366979220882058 ], [ 542495.182392726419494, 5745757.248253650031984 ], [ 542492.327297821757384, 5745752.386886903084815 ], [ 542489.011013731942512, 5745747.829695675522089 ], [ 542485.265478407032788, 5745743.620567205362022 ], [ 542485.238972319755703, 5745743.596098917536438 ], [ 542541.461499465280212, 5745761.560933193191886 ], [ 542542.628160850494169, 5745761.87135421205312 ], [ 542543.775650943513028, 5745762.246877714060247 ], [ 542545.344635639921762, 5745762.59414329752326 ], [ 542546.897658930392936, 5745763.007365310564637 ], [ 542548.089030015747994, 5745763.201563245616853 ], [ 542549.267682451405562, 5745763.462435460649431 ], [ 542550.863039155956358, 5745763.653736442327499 ], [ 542552.448955085477792, 5745763.912245886400342 ], [ 542553.65356210374739, 5745763.988350423052907 ], [ 542554.852025605970994, 5745764.132058925926685 ], [ 542556.45838988176547, 5745764.16555289644748 ], [ 542558.061924913432449, 5745764.266860091127455 ], [ 542559.268166609690525, 5745764.224138264544308 ], [ 542560.474899105378427, 5745764.249299013987184 ], [ 542562.07680047606118, 5745764.124663385562599 ], [ 542563.682511400082149, 5745764.067792665213346 ], [ 542564.878770788316615, 5745763.906655914150178 ], [ 542566.082150549744256, 5745763.8130266033113 ], [ 542567.66416154243052, 5745763.531461717560887 ], [ 542568.12289387290366, 5745763.46967004891485 ], [ 542572.587923585204408, 5745766.121736750937998 ], [ 542577.685017561307177, 5745768.506503969430923 ], [ 542582.990554462419823, 5745770.378545123152435 ], [ 542588.453438245574944, 5745771.719830774702132 ], [ 542594.021057417383417, 5745772.517443123273551 ], [ 542599.639791749534197, 5745772.763700427487493 ], [ 542605.255528708104976, 5745772.456231007352471 ], [ 542610.814184627844952, 5745771.597996070049703 ], [ 542616.262225607642904, 5745770.197261210530996 ], [ 542621.547183110029437, 5745768.267516777850688 ], [ 542626.618159297038801, 5745765.827347940765321 ], [ 542631.426317235687748, 5745762.900255678221583 ], [ 542635.925351249985397, 5745759.514430436305702 ], [ 542640.071932886959985, 5745755.702480566687882 ], [ 542643.826128207612783, 5745751.501118280924857 ], [ 542647.151782372849993, 5745746.95080604404211 ], [ 542650.016867832746357, 5745742.095366859808564 ], [ 542650.598622316261753, 5745740.843758965842426 ], [ 542651.649042428587563, 5745739.792639157734811 ], [ 542652.453093315591104, 5745738.812296875752509 ], [ 542653.30873622209765, 5745737.876945897936821 ], [ 542654.238794484292157, 5745736.635072879493237 ], [ 542655.222576420288533, 5745735.435592044144869 ], [ 542655.926978373201564, 5745734.380901547148824 ], [ 542656.68711943179369, 5745733.365912190638483 ], [ 542657.491371115553193, 5745732.038559062406421 ], [ 542658.353229355067015, 5745730.748110878281295 ], [ 542658.951198689290322, 5745729.629229621961713 ], [ 542659.608517391257919, 5745728.544377029873431 ], [ 542660.279217231785879, 5745727.144327201880515 ], [ 542660.343063656822778, 5745727.024861875921488 ], [ 542708.495539697585627, 5745699.741107326932251 ], [ 542709.283268903149292, 5745699.242097296752036 ], [ 542710.10194352758117, 5745698.796032619662583 ], [ 542711.659715262008831, 5745697.736667458899319 ], [ 542713.250970631488599, 5745696.728639437817037 ], [ 542713.986154397483915, 5745696.154568043537438 ], [ 542714.75730717915576, 5745695.630143905058503 ], [ 542716.204079927294515, 5745694.422690777108073 ], [ 542717.689190573059022, 5745693.263034855946898 ], [ 542718.364748634863645, 5745692.619430878199637 ], [ 542719.080952885909937, 5745692.021697947755456 ], [ 542720.402793366345577, 5745690.677785630337894 ], [ 542721.767456778907217, 5745689.377670267596841 ], [ 542722.376883110962808, 5745688.670732160098851 ], [ 542723.031241384334862, 5745688.005447087809443 ], [ 542724.215419548680075, 5745686.538018537685275 ], [ 542725.446493261726573, 5745685.109964919276536 ], [ 542725.983918786165304, 5745684.34650103840977 ], [ 542726.570129250409082, 5745683.62007107026875 ], [ 542727.605240873410366, 5745682.043258781544864 ], [ 542728.69086904078722, 5745680.50102018751204 ], [ 542729.151118098059669, 5745679.688383288681507 ], [ 542729.663535279338248, 5745678.907804499380291 ], [ 542730.539611801272258, 5745677.236794355325401 ], [ 542731.469339356874116, 5745675.595223717391491 ], [ 542731.847979588317685, 5745674.741240077652037 ], [ 542732.281668696203269, 5745673.914030040614307 ], [ 542732.99027320696041, 5745672.16491508949548 ], [ 542733.755146561656147, 5745670.439821924082935 ], [ 542734.048531562671997, 5745669.552716019563377 ], [ 542734.399316042894498, 5745668.686841348186135 ], [ 542734.933624539989978, 5745666.87646677903831 ], [ 542735.526277788565494, 5745665.084464925341308 ], [ 542735.731582238804549, 5745664.17278017103672 ], [ 542735.996083973324858, 5745663.276579833589494 ], [ 542736.350951065891422, 5745661.422380741685629 ], [ 542736.765676921000704, 5745659.580728369764984 ], [ 542736.880923778633587, 5745658.653244877234101 ], [ 542736.953459290554747, 5745658.274242865853012 ], [ 542738.478980955900624, 5745657.404016001150012 ], [ 542743.071969857090153, 5745654.147759847342968 ], [ 542747.324712523724884, 5745650.455515544861555 ], [ 542751.196252567577176, 5745646.362842472270131 ], [ 542754.649304996826686, 5745641.909156360663474 ], [ 542757.65061528829392, 5745637.137349665164948 ], [ 542760.171279637143016, 5745632.093378441408277 ], [ 542762.187023298814893, 5745626.825819738209248 ], [ 542780.508872780948877, 5745570.885711455717683 ], [ 542791.174431024934165, 5745574.26856043189764 ], [ 542818.510147606721148, 5745583.301382092759013 ], [ 542845.903689360828139, 5745593.746818142011762 ], [ 542846.902374768164009, 5745597.948684556409717 ], [ 542848.736802632221952, 5745603.282505730167031 ], [ 542851.083497733692639, 5745608.410250839777291 ], [ 542853.919860803172924, 5745613.282536094076931 ], [ 542857.218576631974429, 5745617.852437808178365 ], [ 542860.947877112426795, 5745622.075944327749312 ], [ 542861.369102797238156, 5745622.467801173217595 ], [ 542862.204223996144719, 5745627.871037225238979 ], [ 542863.606605489039794, 5745633.33523868676275 ], [ 542865.53607197641395, 5745638.635223412886262 ], [ 542867.974042447865941, 5745643.719948969781399 ], [ 542870.897038573166355, 5745648.540445840917528 ], [ 542874.11576553073246, 5745652.835269244387746 ], [ 542875.208807620336302, 5745655.580238280817866 ], [ 542877.797145375050604, 5745660.589609553106129 ], [ 542880.862422951147892, 5745665.320327931083739 ], [ 542884.375120477518067, 5745669.726833045482635 ], [ 542888.301408988889307, 5745673.766686814837158 ], [ 542892.603476207354106, 5745677.400982187129557 ], [ 542897.239890693919733, 5745680.594717866741121 ], [ 542902.166000863770023, 5745683.317135458812118 ], [ 542907.334365019225515, 5745685.542015691287816 ], [ 542912.695208261837251, 5745687.247930992394686 ], [ 542918.196901878458448, 5745688.41845185495913 ], [ 542923.786460588336922, 5745689.04230509698391 ], [ 542929.410052856197581, 5745689.113482438027859 ], [ 542935.013519360451028, 5745688.631298376247287 ], [ 542940.542894615908153, 5745687.600396784953773 ], [ 542945.944926731754094, 5745686.030706193298101 ], [ 542951.167590294382535, 5745683.937344135716558 ], [ 542956.160587434540503, 5745681.340471565723419 ], [ 542960.875832252204418, 5745678.265098649077117 ], [ 542965.267913933843374, 5745674.740843866020441 ], [ 542969.294534100568853, 5745670.80164875369519 ], [ 542972.916914172237739, 5745666.485450960695744 ], [ 542976.100168828153983, 5745661.83381887152791 ], [ 542978.813641964807175, 5745656.891551235690713 ], [ 542981.031201916048303, 5745651.706245684996247 ], [ 542982.731493094237521, 5745646.327840302139521 ], [ 542983.898141627665609, 5745640.808132682926953 ], [ 542984.51991301740054, 5745635.200281058438122 ], [ 542985.310560140758753, 5745622.359312488697469 ], [ 542989.856197707122192, 5745625.020499487407506 ], [ 542994.968122073216364, 5745627.372881066054106 ], [ 543000.285253916634247, 5745629.211234050802886 ], [ 543005.756385519518517, 5745630.517853442579508 ], [ 543011.32882595283445, 5745631.280155313201249 ], [ 543016.948908552411012, 5745631.490797990933061 ], [ 543022.562507799011655, 5745631.147752796299756 ], [ 543028.115560616017319, 5745630.254323568195105 ], [ 543033.554587067686953, 5745628.819114849902689 ], [ 543038.82720543758478, 5745626.855949006043375 ], [ 543043.882636729278602, 5745624.383733082562685 ], [ 543048.672193726059049, 5745621.426276702433825 ], [ 543053.14974990056362, 5745618.012062724679708 ], [ 543057.272183656925336, 5745614.173972916789353 ], [ 543060.999793625785969, 5745609.94897123426199 ], [ 543064.026402704534121, 5745605.75249611120671 ], [ 543065.136515641817823, 5745604.68099541310221 ], [ 543066.972817573230714, 5745602.943941581994295 ], [ 543067.16251030494459, 5745602.725468724034727 ], [ 543067.370628299191594, 5745602.524589420296252 ], [ 543069.009137146291323, 5745600.598671704530716 ], [ 543069.982265026774257, 5745599.477900519967079 ], [ 543074.030102686141618, 5745598.509697447530925 ], [ 543079.346577240386978, 5745596.669492186047137 ], [ 543084.457666522939689, 5745594.315331873483956 ], [ 543089.314147262601182, 5745591.469889159314334 ], [ 543093.869248376809992, 5745588.160568137653172 ], [ 543098.079101422685198, 5745584.419240371324122 ], [ 543101.903163086622953, 5745580.281937949359417 ], [ 543105.304605643963441, 5745575.788506397977471 ], [ 543108.250671626534313, 5745570.982220940291882 ], [ 543110.712989284191281, 5745565.909369674511254 ], [ 543112.667845802265219, 5745560.618807760067284 ], [ 543114.096415643696673, 5745555.161486888304353 ], [ 543114.984941818518564, 5745549.589964559301734 ], [ 543115.324868335970677, 5745543.957897913642228 ], [ 543115.11292256473098, 5745538.319526951760054 ], [ 543114.351146710338071, 5745532.729152190499008 ], [ 543113.046878106426448, 5745527.240611715242267 ], [ 543111.212678513955325, 5745521.906762692146003 ], [ 543108.866213108296506, 5745516.77897235378623 ], [ 543106.030080321012065, 5745511.906623324379325 ], [ 543104.980635405285284, 5745510.452639197930694 ], [ 543148.347388677997515, 5745293.386486696079373 ], [ 543150.152117345598526, 5745291.600737284868956 ], [ 543153.749813748407178, 5745287.264122922904789 ], [ 543156.90650908916723, 5745282.594599870964885 ], [ 543159.591803056537174, 5745277.637139169499278 ], [ 543161.779835374793038, 5745272.439484761096537 ], [ 543163.449534832732752, 5745267.051693650893867 ], [ 543164.584822179866023, 5745261.525653813965619 ], [ 543165.174764947383665, 5745255.914584452286363 ], [ 543165.213682695408352, 5745250.272523449733853 ], [ 543164.701201678835787, 5745244.653806954622269 ], [ 543164.473228108603507, 5745243.460862311534584 ], [ 543165.814067767933011, 5745241.267078059725463 ], [ 543168.26980309409555, 5745236.19124938454479 ], [ 543170.217818219796754, 5745230.898371639661491 ], [ 543171.639353495324031, 5745225.439418819732964 ], [ 543172.520719679188915, 5745219.866964138112962 ], [ 543172.853429736103863, 5745214.234673708677292 ], [ 543172.634280533296987, 5745208.596789689734578 ], [ 543171.865383648895659, 5745203.007607907056808 ], [ 543170.554144995170645, 5745197.520954946987331 ], [ 543168.919664989574812, 5745192.787599142640829 ], [ 543179.735058639547788, 5745140.154071591794491 ], [ 543179.750542665715329, 5745140.054141504690051 ], [ 543179.775371841271408, 5745139.95612714253366 ], [ 543179.837934812763706, 5745139.542797313071787 ], [ 543179.934698540368117, 5745139.136156617663801 ], [ 543180.246318099438213, 5745136.854528448544443 ], [ 543180.256452937610447, 5745136.789120676927269 ], [ 543236.490534648997709, 5745166.281053460203111 ], [ 543238.693779637455009, 5745167.301730258390307 ], [ 543240.883137534954585, 5745168.352055622264743 ], [ 543240.899887817329727, 5745168.358149267733097 ], [ 543240.915966890985146, 5745168.365850752219558 ], [ 543241.262065028189681, 5745168.49151507858187 ], [ 543241.596227337606251, 5745168.646319164894521 ], [ 543243.888581094681285, 5745169.445416301488876 ], [ 543246.170011180918664, 5745170.275384846143425 ], [ 543257.947679727105424, 5745173.914683484472334 ], [ 543258.580722185084596, 5745174.076641228981316 ], [ 543259.199807983357459, 5745174.285975007340312 ], [ 543261.304214003263041, 5745174.773419502191246 ], [ 543263.397004897706211, 5745175.30883861053735 ], [ 543264.042822013841942, 5745175.40776368137449 ], [ 543264.679378187167458, 5745175.555209158919752 ], [ 543266.821273166220635, 5745175.833361157216132 ], [ 543268.956295936717652, 5745176.160398970358074 ], [ 543269.608668031985871, 5745176.195338636636734 ], [ 543270.256564075825736, 5745176.27947576995939 ], [ 543392.783080397406593, 5745186.08870417997241 ], [ 543443.954686293262057, 5745211.283929837867618 ], [ 543444.869757547043264, 5745211.679830824024975 ], [ 543445.757983967312612, 5745212.133113020099699 ], [ 543447.450355263659731, 5745212.796312862075865 ], [ 543449.118729108129628, 5745213.518125556409359 ], [ 543450.068072742200457, 5745213.82213300652802 ], [ 543450.996306819375604, 5745214.185885262675583 ], [ 543452.745322149479762, 5745214.679465529508889 ], [ 543454.476181847625412, 5745215.233736278489232 ], [ 543455.450655027292669, 5745215.442922318354249 ], [ 543456.409957205527462, 5745215.713641376234591 ], [ 543458.198772278032266, 5745216.0328484242782 ], [ 543459.975448453333229, 5745216.41423911601305 ], [ 543460.965666313306428, 5745216.526589090004563 ], [ 543461.946797813405283, 5745216.701667685061693 ], [ 543463.758185058948584, 5745216.843427250161767 ], [ 543465.563567019533366, 5745217.048264748416841 ], [ 543466.55999302433338, 5745217.062696614302695 ], [ 543467.553504851413891, 5745217.140448591671884 ], [ 543469.370019309106283, 5745217.103395386599004 ], [ 543471.186719881487079, 5745217.129706932231784 ], [ 543472.179757704609074, 5745217.046081693843007 ], [ 543473.176081623649225, 5745217.025758227333426 ], [ 543474.980228926870041, 5745216.81024910043925 ], [ 543476.790751949301921, 5745216.657781300134957 ], [ 543477.770837923395447, 5745216.476904334500432 ], [ 543478.760378588689491, 5745216.35870117507875 ], [ 543480.534783438313752, 5745215.96681166253984 ], [ 543482.321692290832289, 5745215.637032932601869 ], [ 543483.279387494549155, 5745215.360646240413189 ], [ 543484.252614888828248, 5745215.145701797679067 ], [ 543485.980188483954407, 5745214.581206151284277 ], [ 543487.726273941458203, 5745214.077292568050325 ], [ 543488.65235506859608, 5745213.708057997748256 ], [ 543489.599896329338662, 5745213.398442392237484 ], [ 543491.26400093070697, 5745212.666777196340263 ], [ 543492.952446931740269, 5745211.993581919930875 ], [ 543493.837995159905404, 5745211.535055533982813 ], [ 543494.750724814133719, 5745211.133750641718507 ], [ 543496.335333970491774, 5745210.241962461732328 ], [ 543497.94987959228456, 5745209.40596898086369 ], [ 543498.786366497399285, 5745208.862566786818206 ], [ 543499.655494334409013, 5745208.373437534086406 ], [ 543501.145347166457213, 5745207.330115085467696 ], [ 543502.670443303650245, 5745206.339374747127295 ], [ 543503.449812997481786, 5745205.716330155730247 ], [ 543504.266968728741631, 5745205.144087300635874 ], [ 543505.647717005922459, 5745203.959278671070933 ], [ 543507.068676025373861, 5745202.823333149775863 ], [ 543507.783422689535655, 5745202.126646614633501 ], [ 543508.540736614493653, 5745201.47680134139955 ], [ 543509.799082936253399, 5745200.161917197518051 ], [ 543511.102220136206597, 5745198.891706622205675 ], [ 543511.745460351579823, 5745198.128087806515396 ], [ 543512.435639106901363, 5745197.406898658722639 ], [ 543513.559464910533279, 5745195.974602400325239 ], [ 543514.732230371213518, 5745194.582359935157001 ], [ 543515.297769408556633, 5745193.759163085371256 ], [ 543515.91416620858945, 5745192.973575701005757 ], [ 543516.892648503184319, 5745191.437661455012858 ], [ 543517.923747923108749, 5745189.936795492656529 ], [ 543518.406139393802732, 5745189.061948618851602 ], [ 543518.942818049574271, 5745188.219528813846409 ], [ 543519.766533648711629, 5745186.594788590446115 ], [ 543520.646037108614109, 5745184.999753597192466 ], [ 543521.040635411627591, 5745184.081682123243809 ], [ 543521.492427500081249, 5745183.190543023869395 ], [ 543527.720146070816554, 5745169.253608012571931 ], [ 543534.749349426361732, 5745153.544937911443412 ], [ 543536.798077081795782, 5745148.290530586615205 ], [ 543538.323598285438493, 5745142.859958940185606 ], [ 543539.311222333810292, 5745137.305522894486785 ], [ 543539.751438856474124, 5745131.680715074762702 ], [ 543539.640009369584732, 5745126.039705612696707 ], [ 543538.978008053847589, 5745120.436820476315916 ], [ 543537.771811369224451, 5745114.926018265075982 ], [ 543536.033036606502719, 5745109.560370571911335 ], [ 543533.77842996979598, 5745104.391550901345909 ], [ 543531.029705269727856, 5745099.469337033107877 ], [ 543527.813334777951241, 5745094.841131681576371 ], [ 543524.160294265602715, 5745090.551506007090211 ], [ 543520.105764673906378, 5745086.641770399175584 ], [ 543518.420727029792033, 5745085.309528134763241 ], [ 543518.021019353996962, 5745084.328774913214147 ], [ 543517.209225165192038, 5745082.788199588656425 ], [ 543516.455658922088332, 5745081.218130299821496 ], [ 543515.895796085824259, 5745080.295650294050574 ], [ 543515.392664458719082, 5745079.340836123563349 ], [ 543514.434270851546898, 5745077.887510175816715 ], [ 543513.530943343648687, 5745076.39910626783967 ], [ 543512.883653621422127, 5745075.536124544218183 ], [ 543512.289662973373197, 5745074.635385520756245 ], [ 543511.193899949430488, 5745073.283304995857179 ], [ 543510.149510844261386, 5745071.890900291502476 ], [ 543509.421028049546294, 5745071.095727642066777 ], [ 543508.741898910375312, 5745070.257738187909126 ], [ 543507.519319338724017, 5745069.019924033433199 ], [ 543506.343926759203896, 5745067.736927852965891 ], [ 543505.541266607469879, 5745067.017222022637725 ], [ 543504.783539392752573, 5745066.250052238814533 ], [ 543503.44591739855241, 5745065.138424955308437 ], [ 543502.150841032387689, 5745063.977192921563983 ], [ 543501.281733565963805, 5745063.339884876273572 ], [ 543500.452705595758744, 5745062.650922815315425 ], [ 543495.349422828527167, 5745058.817376895807683 ], [ 543473.108020050916821, 5745040.992019113153219 ], [ 543472.356858580256812, 5745040.448358289897442 ], [ 543471.642991275875829, 5745039.85627484600991 ], [ 543471.238129114732146, 5745039.582757564261556 ], [ 543470.856699538766406, 5745039.27721294388175 ], [ 543436.37356829456985, 5745014.33240010868758 ], [ 543468.567133834585547, 5744839.407692446373403 ], [ 543472.024554936448112, 5744830.067394411191344 ], [ 543472.269849518081173, 5744829.289768020622432 ], [ 543472.568616457050666, 5744828.531203990802169 ], [ 543473.11780298082158, 5744826.601607813499868 ], [ 543473.721301870769821, 5744824.688410635106266 ], [ 543473.889443379361182, 5744823.89040728379041 ], [ 543474.112662068451755, 5744823.10611610673368 ], [ 543474.470688065048307, 5744821.131806457415223 ], [ 543474.884367041173391, 5744819.168475845828652 ], [ 543474.973736318293959, 5744818.357780812308192 ], [ 543475.119257172453217, 5744817.555315716192126 ], [ 543475.282675005728379, 5744815.555306409485638 ], [ 543475.502550458186306, 5744813.56075045466423 ], [ 543475.512286975630559, 5744812.745171222835779 ], [ 543475.5787086954806, 5744811.932260422036052 ], [ 543475.545944928773679, 5744809.925812720321119 ], [ 543475.569899706752039, 5744807.919240161776543 ], [ 543475.49990984913893, 5744807.106631204485893 ], [ 543475.48659290780779, 5744806.291103502735496 ], [ 543475.257963450043462, 5744804.297540596686304 ], [ 543475.085767230833881, 5744802.298275810666382 ], [ 543474.936725190258585, 5744801.496462984010577 ], [ 543474.843797989538871, 5744800.686172342859209 ], [ 543474.473571505630389, 5744798.966533199883997 ], [ 543526.838610322214663, 5744505.059552752412856 ], [ 543527.045400909497403, 5744504.720791729167104 ], [ 543528.388733152765781, 5744502.567727406509221 ], [ 543528.513521432527341, 5744502.31573972851038 ], [ 543528.659995364374481, 5744502.075788381509483 ], [ 543529.764284041244537, 5744499.790047184564173 ], [ 543530.890798879787326, 5744497.515250128693879 ], [ 543530.990367735619657, 5744497.252204475924373 ], [ 543531.112693728646263, 5744496.999004642479122 ], [ 543531.988354127621278, 5744494.615676946938038 ], [ 543532.887202892219648, 5744492.241055103950202 ], [ 543532.960593462805264, 5744491.969484782777727 ], [ 543533.057593481731601, 5744491.70547495316714 ], [ 543537.755192053155042, 5744476.686612461693585 ], [ 543538.438334290403873, 5744474.057200615294278 ], [ 543539.130927197868004, 5744471.430279282853007 ], [ 543539.147456648061052, 5744471.327790493145585 ], [ 543539.173558225855231, 5744471.227325570769608 ], [ 543539.596525065600872, 5744468.543397470377386 ], [ 543540.029140451806597, 5744465.86101857572794 ], [ 543540.035577462753281, 5744465.757397882640362 ], [ 543540.051738228765316, 5744465.654849999584258 ], [ 543540.210456747910939, 5744462.942253495566547 ], [ 543540.378928776597604, 5744460.230249972082675 ], [ 543540.375211375998333, 5744460.126495303586125 ], [ 543540.38127571134828, 5744460.022852055728436 ], [ 543540.274217862053774, 5744457.307711027562618 ], [ 543540.176924565457739, 5744454.592200985178351 ], [ 543540.163088573375717, 5744454.489311548881233 ], [ 543540.158998094731942, 5744454.385571079328656 ], [ 543539.787195408600383, 5744451.69403378572315 ], [ 543539.42507428128738, 5744449.001169026829302 ], [ 543539.401252964977175, 5744448.900135707110167 ], [ 543539.387047085096128, 5744448.797297092154622 ], [ 543538.754080728627741, 5744446.155284437350929 ], [ 543538.130619670148008, 5744443.510998516343534 ], [ 543538.097042458481155, 5744443.412794304080307 ], [ 543538.072858007159084, 5744443.311847931705415 ], [ 543537.184824243886396, 5744440.74480367731303 ], [ 543536.306027979822829, 5744438.174562324769795 ], [ 543536.263018258032389, 5744438.080132976174355 ], [ 543536.22908815939445, 5744437.982050998136401 ], [ 543535.094539635349065, 5744435.514696856029332 ], [ 543533.96887185855303, 5744433.043252599425614 ], [ 543533.916843844461255, 5744432.953507502563298 ], [ 543533.873494881088845, 5744432.859234495088458 ], [ 543532.50335827935487, 5744430.515332102775574 ], [ 543531.141660087392665, 5744428.166485864669085 ], [ 543531.081114851520397, 5744428.082289299927652 ], [ 543531.02876450761687, 5744427.992733146063983 ], [ 543529.436235219938681, 5744425.794855069369078 ], [ 543527.851620782166719, 5744423.591227131895721 ], [ 543527.783141415333375, 5744423.513389933854342 ], [ 543527.722293862141669, 5744423.429413092322648 ], [ 543525.922708937083371, 5744421.398725584149361 ], [ 543524.130439152941108, 5744419.361537640914321 ], [ 543524.054685156326741, 5744419.290809418074787 ], [ 543523.985926389577799, 5744419.213220606558025 ], [ 543521.996616849675775, 5744417.369279783219099 ], [ 543520.013952343608253, 5744415.518150570802391 ], [ 543519.931653266889043, 5744415.455212447792292 ], [ 543519.855645475094207, 5744415.384758870117366 ], [ 543517.695769588579424, 5744413.745322540402412 ], [ 543515.541804296895862, 5744412.098078781738877 ], [ 543515.453752711531706, 5744412.043536863289773 ], [ 543515.371227897936478, 5744411.980897020548582 ], [ 543513.061586289783008, 5744410.561753313057125 ], [ 543510.757063963683322, 5744409.134258431382477 ], [ 543510.664107859367505, 5744409.088637970387936 ], [ 543510.575860764482059, 5744409.03441508859396 ], [ 543508.138696249574423, 5744407.849230629391968 ], [ 543505.705810536630452, 5744406.655231771990657 ], [ 543505.608845113194548, 5744406.618972104974091 ], [ 543505.515725602163002, 5744406.573688369244337 ], [ 543502.974509241990745, 5744405.633876789361238 ], [ 543500.436689700465649, 5744404.684872364625335 ], [ 543458.73664135648869, 5744391.389985078014433 ], [ 543458.019145255093463, 5744391.199566356837749 ], [ 543457.317230672575533, 5744390.957654947414994 ], [ 543440.795311001944356, 5744386.158755881711841 ], [ 543442.435430988087319, 5744386.424385748803616 ], [ 543455.136285387212411, 5744388.610803319141269 ], [ 543460.718489044695161, 5744389.290890623815358 ], [ 543466.34025558072608, 5744389.418754012323916 ], [ 543471.947443256503902, 5744388.993162042461336 ], [ 543477.486050747451372, 5744388.018213556148112 ], [ 543482.9027372446144, 5744386.503298201598227 ], [ 543488.145336192683317, 5744384.463005982339382 ], [ 543493.163357720361091, 5744381.916986746713519 ], [ 543497.908474911702797, 5744378.889760890975595 ], [ 543502.334989247145131, 5744375.410483217798173 ], [ 543506.40027072140947, 5744371.512662095017731 ], [ 543510.065168403903954, 5744367.233836721628904 ], [ 543513.294387485249899, 5744362.615215570665896 ], [ 543516.056829179171473, 5744357.701279478147626 ], [ 543518.325890207663178, 5744352.539353238418698 ], [ 543520.079718983732164, 5744347.179149800911546 ], [ 543521.301426026388071, 5744341.672291480004787 ], [ 543521.979246584232897, 5744336.071812775917351 ], [ 543522.106653898372315, 5744330.431649616919458 ], [ 543521.682422019774094, 5744324.806119903922081 ], [ 543520.710637576179579, 5744319.249400401487947 ], [ 543519.2006603742484, 5744313.815005003474653 ], [ 543517.167033221921884, 5744308.555269355885684 ], [ 543514.629341839114204, 5744303.520846882835031 ], [ 543511.612026206101291, 5744298.760220973752439 ], [ 543508.144145168829709, 5744294.319238101132214 ], [ 543504.259096569963731, 5744290.240666339173913 ], [ 543499.994295598822646, 5744286.563783505000174 ], [ 543495.390814461861737, 5744283.323998949490488 ], [ 543490.492986839730293, 5744280.552512575872242 ], [ 543485.347980944439769, 5744278.276014415547252 ], [ 543480.005345284473151, 5744276.516427609138191 ], [ 543474.516531512257643, 5744275.290697315707803 ], [ 543461.536759824026376, 5744273.056294046342373 ], [ 543461.255400107591413, 5744273.022015728056431 ], [ 543460.978149003349245, 5744272.962980135343969 ], [ 543451.40149759943597, 5744271.411985055543482 ], [ 543451.068473148625344, 5744271.073819817043841 ], [ 543449.653489718795754, 5744269.560319267213345 ], [ 543449.199592760996893, 5744269.161544647999108 ], [ 543448.777672470081598, 5744268.728865990415215 ], [ 543448.669379376689903, 5744268.63769128639251 ], [ 543448.570018319762312, 5744268.536796365864575 ], [ 543446.979123722529039, 5744267.210734116844833 ], [ 543445.423090948490426, 5744265.843668691813946 ], [ 543444.932420991361141, 5744265.49144974257797 ], [ 543444.470261409762315, 5744265.102345493622124 ], [ 543444.353582381503657, 5744265.022259174846113 ], [ 543444.244842754444107, 5744264.931621090508997 ], [ 543442.532057944335975, 5744263.768390002660453 ], [ 543440.849961198866367, 5744262.560924902558327 ], [ 543440.327243629377335, 5744262.258653568103909 ], [ 543439.829295583069324, 5744261.916870906017721 ], [ 543439.705354300909676, 5744261.848644226789474 ], [ 543439.588283313205466, 5744261.769135851413012 ], [ 543437.770103206392378, 5744260.779938099905849 ], [ 543435.978141868719831, 5744259.743701507337391 ], [ 543435.42841068492271, 5744259.494288729503751 ], [ 543434.899469645926729, 5744259.203119106590748 ], [ 543434.769459721748717, 5744259.147409105673432 ], [ 543434.645184817025438, 5744259.079796117730439 ], [ 543432.739119291421957, 5744258.274157894775271 ], [ 543430.854550713323988, 5744257.419129006564617 ], [ 543430.283100065542385, 5744257.22497667837888 ], [ 543429.72825995052699, 5744256.987224123440683 ], [ 543429.593433412723243, 5744256.944567285478115 ], [ 543429.463151431642473, 5744256.889500823803246 ], [ 543427.487556699779816, 5744256.275180583819747 ], [ 543425.528530019684695, 5744255.609593506902456 ], [ 543424.940863203140907, 5744255.472571349702775 ], [ 543424.365467344061472, 5744255.290525467135012 ], [ 543424.227122637210414, 5744255.26133259665221 ], [ 543424.092088234843686, 5744255.219342957250774 ], [ 543422.065990014234558, 5744254.802256700582802 ], [ 543420.051371441222727, 5744254.332521182484925 ], [ 543419.453147896681912, 5744254.253948738798499 ], [ 543418.862737587303855, 5744254.129362674430013 ], [ 543418.722207029350102, 5744254.113914898596704 ], [ 543418.583720631897449, 5744254.085406451486051 ], [ 543383.885653550736606, 5744248.706892441958189 ], [ 543382.771491394145414, 5744248.589986991137266 ], [ 543381.666154883452691, 5744248.407274088822305 ], [ 543380.816946874605492, 5744248.351714814081788 ], [ 543379.973519407911226, 5744248.237980756908655 ], [ 543379.131255768239498, 5744248.208027784712613 ], [ 543378.293034882866777, 5744248.120075516402721 ], [ 543377.172816497040913, 5744248.113297331146896 ], [ 543376.054952118895017, 5744248.040160668082535 ], [ 543375.204405334661715, 5744248.068378229625523 ], [ 543374.353927781106904, 5744248.038132688961923 ], [ 543373.512793528381735, 5744248.091150355525315 ], [ 543372.670016273041256, 5744248.086050453595817 ], [ 543371.554529777495191, 5744248.189464792609215 ], [ 543370.434902953333221, 5744248.226608703844249 ], [ 543369.591208450729027, 5744248.338331353850663 ], [ 543368.741871228325181, 5744248.391865599900484 ], [ 543367.909966802457348, 5744248.527343337424099 ], [ 543367.070749409729615, 5744248.605144917964935 ], [ 543365.970737343654037, 5744248.817755876109004 ], [ 543364.860130480490625, 5744248.964822663925588 ], [ 543364.031413341988809, 5744249.158974488265812 ], [ 543363.191395875881426, 5744249.295772990211844 ], [ 543362.376732823671773, 5744249.512406108900905 ], [ 543361.784180985647254, 5744249.62693455349654 ], [ 543368.539833017392084, 5744216.21734696533531 ], [ 543371.609380329609849, 5744203.384906305000186 ], [ 543372.060773567296565, 5744200.984120166860521 ], [ 543372.543602815712802, 5744198.589499182067811 ], [ 543372.581793148070574, 5744198.213017582893372 ], [ 543372.651711335754953, 5744197.841149585321546 ], [ 543372.866381430649199, 5744195.407536052167416 ], [ 543373.112938523525372, 5744192.976966626010835 ], [ 543373.11416387942154, 5744192.598542545922101 ], [ 543373.147415028419346, 5744192.221589783206582 ], [ 543373.123295037425123, 5744189.778585981577635 ], [ 543373.131205945508555, 5744187.33547589648515 ], [ 543373.095454594935291, 5744186.958753773011267 ], [ 543373.091718548559584, 5744186.58034651260823 ], [ 543372.82904121815227, 5744184.151479909196496 ], [ 543372.598230210365728, 5744181.71935764234513 ], [ 543372.52584652765654, 5744181.347965499386191 ], [ 543372.485159337287769, 5744180.971748009324074 ], [ 543371.986454844474792, 5744178.580409835092723 ], [ 543371.519145201193169, 5744176.182697955518961 ], [ 543371.410826347651891, 5744175.820212479680777 ], [ 543371.33357992162928, 5744175.449807919561863 ], [ 543370.603651483776048, 5744173.119027879089117 ], [ 543369.904344073147513, 5744170.7788174925372 ], [ 543369.761133281048387, 5744170.428729590028524 ], [ 543369.648071606643498, 5744170.06770511996001 ], [ 543368.693949207547121, 5744167.819929635152221 ], [ 543367.769379124394618, 5744165.559757998213172 ], [ 543367.592655644170009, 5744165.225439155474305 ], [ 543367.444867623504251, 5744164.877271597273648 ], [ 543366.275740326847881, 5744162.734147698618472 ], [ 543365.606249475036748, 5744161.467629438266158 ], [ 543374.951373762800358, 5744115.729129651561379 ], [ 543375.808887065388262, 5744110.153643944300711 ], [ 543376.117563451174647, 5744104.520682672969997 ], [ 543375.874431246542372, 5744098.884494449943304 ], [ 543375.081832997035235, 5744093.299358757212758 ], [ 543373.747402869979851, 5744087.819063213653862 ], [ 543371.88399309234228, 5744082.496385573409498 ], [ 543369.509550141869113, 5744077.382585468702018 ], [ 543366.646941880346276, 5744072.526910787448287 ], [ 543363.323737297789194, 5744067.976123406551778 ], [ 543359.571940989233553, 5744063.774048884399235 ], [ 543355.427684919442981, 5744059.961154458113015 ], [ 543350.930880448897369, 5744056.574159328825772 ], [ 543346.12483396823518, 5744053.645681103691459 ], [ 543341.055829846533015, 5744051.203921684995294 ], [ 543335.772684705094434, 5744049.272395733743906 ], [ 543330.326277312589809, 5744047.869704221375287 ], [ 543324.769058625446633, 5744047.009355325251818 ], [ 543319.154546692501754, 5744046.699634357355535 ], [ 543313.536811284604482, 5744046.943523987196386 ], [ 543307.969953214516863, 5744047.738675511442125 ], [ 543302.507583356346004, 5744049.0774314859882 ], [ 543297.202306382008828, 5744050.946899440139532 ], [ 543292.10521418612916, 5744053.329076036810875 ], [ 543287.265393874724396, 5744056.201020418666303 ], [ 543282.729455055436119, 5744059.535075117833912 ], [ 543278.541080980678089, 5744063.299132369458675 ], [ 543274.740607866900973, 5744067.456943290308118 ], [ 543271.364636438549496, 5744071.968466939404607 ], [ 543268.445679440279491, 5744076.790255893021822 ], [ 543266.011848509893753, 5744081.875874621793628 ], [ 543264.086583428899758, 5744087.176346659660339 ], [ 543262.688426359556615, 5744092.640626243315637 ], [ 543256.77840980887413, 5744121.564587946981192 ], [ 543249.977310094982386, 5744120.370837447233498 ], [ 543250.408459430444054, 5744119.606582372449338 ], [ 543250.546023310860619, 5744119.294907170347869 ], [ 543250.709859608206898, 5744118.996292199008167 ], [ 543251.684102078550495, 5744116.716388743370771 ], [ 543252.685198991559446, 5744114.448226149193943 ], [ 543252.791650644969195, 5744114.12452407926321 ], [ 543252.92552413593512, 5744113.811235750094056 ], [ 543253.672335050767288, 5744111.446506313979626 ], [ 543254.447018184699118, 5744109.090820391662419 ], [ 543254.521332472679205, 5744108.758208924904466 ], [ 543254.623953929170966, 5744108.4332644212991 ], [ 543255.13614146609325, 5744106.006482911296189 ], [ 543255.676950575551018, 5744103.585960481315851 ], [ 543255.71841186680831, 5744103.247642879374325 ], [ 543255.788793042185716, 5744102.91417162399739 ], [ 543256.061424973770045, 5744100.448709463700652 ], [ 543256.36315219628159, 5744097.986661673523486 ], [ 543256.371361257391982, 5744097.645896134898067 ], [ 543256.408824401325546, 5744097.307109668850899 ], [ 543257.110063264728524, 5744085.863929376006126 ], [ 543257.139825426507741, 5744083.439638633280993 ], [ 543257.202935185283422, 5744081.015991585329175 ], [ 543257.174441758892499, 5744080.619948325678706 ], [ 543257.179316119523719, 5744080.222904826514423 ], [ 543256.972089639399201, 5744077.807362477295101 ], [ 543256.798113108263351, 5744075.389181353151798 ], [ 543256.731064783525653, 5744074.997847399674356 ], [ 543256.697125831618905, 5744074.602236684411764 ], [ 543256.254906861693598, 5744072.218705648556352 ], [ 543255.845519976806827, 5744069.829278787598014 ], [ 543255.740562537452206, 5744069.446422874927521 ], [ 543255.668137195636518, 5744069.056054874323308 ], [ 543254.995184970553964, 5744066.727489698678255 ], [ 543254.354330777539872, 5744064.389828433282673 ], [ 543254.212475086678751, 5744064.01913763768971 ], [ 543254.102260918472894, 5744063.637771777808666 ], [ 543253.205056729144417, 5744061.386597602628171 ], [ 543252.338907383731566, 5744059.12321463227272 ], [ 543252.161519645364024, 5744058.768258860334754 ], [ 543252.014578135567717, 5744058.399567865766585 ], [ 543250.901762887602672, 5744056.247464426793158 ], [ 543249.818660207442008, 5744054.080157046206295 ], [ 543249.607448810944334, 5744053.744354660622776 ], [ 543249.425195136805996, 5744053.39188917260617 ], [ 543248.107486120425165, 5744051.359582034870982 ], [ 543246.817861237796023, 5744049.30922223534435 ], [ 543246.574860296561383, 5744048.995807131752372 ], [ 543246.359049703227356, 5744048.662961520254612 ], [ 543244.849137376062572, 5744046.770022511482239 ], [ 543243.365410262951627, 5744044.856355958618224 ], [ 543243.09296003356576, 5744044.568346422165632 ], [ 543242.845670918701217, 5744044.258326104842126 ], [ 543241.158096658415161, 5744042.522984804585576 ], [ 543239.494556532357819, 5744040.764440727420151 ], [ 543239.195280867512338, 5744040.504610378295183 ], [ 543238.918894772883505, 5744040.220400942489505 ], [ 543237.069910861784592, 5744038.659369180910289 ], [ 543235.242578538600355, 5744037.072882870212197 ], [ 543234.919359619729221, 5744036.843733942136168 ], [ 543234.616538292495534, 5744036.588072407990694 ], [ 543232.623951413203031, 5744035.216383345425129 ], [ 543230.650425002677366, 5744033.817233065143228 ], [ 543230.306375575484708, 5744033.620972308330238 ], [ 543229.98003534192685, 5744033.396320771425962 ], [ 543227.86303504917305, 5744032.227184095419943 ], [ 543225.762320521520451, 5744031.028844004496932 ], [ 543225.40075394383166, 5744030.867361462675035 ], [ 543225.054037600173615, 5744030.675883360207081 ], [ 543222.833011476323009, 5744029.72055808454752 ], [ 543220.625339673948474, 5744028.734568495303392 ], [ 543220.249737985897809, 5744028.609419270418584 ], [ 543219.885984554304741, 5744028.45295858476311 ], [ 543217.582322044647299, 5744027.720644700340927 ], [ 543215.288953688577749, 5744026.956500880420208 ], [ 543214.90293406532146, 5744026.86889017932117 ], [ 543214.525646653142758, 5744026.748953664675355 ], [ 543212.161532959667966, 5744026.24670348316431 ], [ 543209.804554034373723, 5744025.711764289066195 ], [ 543209.411833999445662, 5744025.662535816431046 ], [ 543209.024646019330248, 5744025.58027848508209 ], [ 543206.622848371975124, 5744025.31292874366045 ], [ 543204.22495752654504, 5744025.012345765717328 ], [ 543191.404656104627065, 5744024.043105733580887 ], [ 543194.86617420904804, 5743983.743765938095748 ], [ 543196.195238603744656, 5743970.45125847030431 ], [ 543196.293633436202072, 5743968.513185170479119 ], [ 543196.451189132058062, 5743966.579048480838537 ], [ 543196.4365786757553, 5743965.697606128640473 ], [ 543196.481277196318842, 5743964.81718336045742 ], [ 543196.389854681445286, 5743962.878767642192543 ], [ 543196.357692752615549, 5743960.938451788388193 ], [ 543196.257038627984002, 5743960.062691146507859 ], [ 543196.215507471817546, 5743959.182112827897072 ], [ 543195.935148421558551, 5743957.262022677809 ], [ 543195.713578966562636, 5743955.334213929250836 ], [ 543195.52785068936646, 5743954.472569023258984 ], [ 543195.400489988038316, 5743953.600315578281879 ], [ 543194.933894763118587, 5743951.717042413540184 ], [ 543194.525051967822947, 5743949.820306539535522 ], [ 543194.256038356106728, 5743948.981075413525105 ], [ 543194.044074818608351, 5743948.1255470700562 ], [ 543193.638747488614172, 5743946.982519284822047 ], [ 543193.248772611026652, 5743944.938825403340161 ], [ 543191.655275280587375, 5743939.528736419044435 ], [ 543189.540905061527155, 5743934.30140336137265 ], [ 543186.926025251159444, 5743929.30716757196933 ], [ 543183.835819169646129, 5743924.594125402159989 ], [ 543180.300047607976012, 5743920.207665055058897 ], [ 543176.352762200171128, 5743916.190029514022171 ], [ 543172.031977477367036, 5743912.579909746535122 ], [ 543167.379304767819121, 5743909.41207214910537 ], [ 543162.439551463816315, 5743906.717023743316531 ], [ 543157.260289516532794, 5743904.520718436688185 ], [ 543151.891397315543145, 5743902.844307092018425 ], [ 543150.65409452363383, 5743902.588081945665181 ], [ 543151.460730365361087, 5743901.432451135478914 ], [ 543154.219176138867624, 5743896.516592971049249 ], [ 543156.484072874649428, 5743891.353146780282259 ], [ 543158.233609091024846, 5743885.991840143688023 ], [ 543159.450936648063362, 5743880.484306005761027 ], [ 543160.124332971288823, 5743874.883585379458964 ], [ 543160.247313910163939, 5743869.243616507388651 ], [ 543159.818696144153364, 5743863.618715424090624 ], [ 543158.749975070939399, 5743855.112371573224664 ], [ 543158.316779652377591, 5743852.646723149344325 ], [ 543157.910746864159591, 5743850.176426802761853 ], [ 543157.82885424036067, 5743849.869563367217779 ], [ 543157.773889080388471, 5743849.556714195758104 ], [ 543157.101894387626089, 5743847.145539761520922 ], [ 543156.456477490835823, 5743844.72706863284111 ], [ 543156.344999746768735, 5743844.429736192338169 ], [ 543156.259735002298839, 5743844.123798842541873 ], [ 543155.355413123499602, 5743841.790319107472897 ], [ 543154.476828229497187, 5743839.446964137256145 ], [ 543154.33683900127653, 5743839.162026126869023 ], [ 543154.222095869714394, 5743838.865946912206709 ], [ 543153.094156273175031, 5743836.632634251378477 ], [ 543151.990864977822639, 5743834.386962914839387 ], [ 543151.823712479555979, 5743834.117163398303092 ], [ 543151.680596039048396, 5743833.833793677389622 ], [ 543150.339901664643548, 5743831.722155705094337 ], [ 543149.022529562469572, 5743829.595794702880085 ], [ 543148.829823594423942, 5743829.343731956556439 ], [ 543148.659712165710516, 5743829.07580067589879 ], [ 543147.119174855528399, 5743827.106173234060407 ], [ 543145.600409143487923, 5743825.119600133039057 ], [ 543145.384005581960082, 5743824.887701586820185 ], [ 543145.188537459238432, 5743824.637789033353329 ], [ 543143.462993569206446, 5743822.829140267334878 ], [ 543141.757460883818567, 5743821.00148637779057 ], [ 543141.519443824188784, 5743820.791985291987658 ], [ 543141.300501479883678, 5743820.56249819137156 ], [ 543139.406568963429891, 5743818.932245901785791 ], [ 543137.530694545712322, 5743817.281112081371248 ], [ 543137.27335621311795, 5743817.096025997772813 ], [ 543137.033048185519874, 5743816.88917438313365 ], [ 543134.988966602017172, 5743815.453018335625529 ], [ 543132.960816062171943, 5743813.994305429980159 ], [ 543132.686634751269594, 5743813.835416779853404 ], [ 543132.427275324356742, 5743813.653192681260407 ], [ 543130.252730105421506, 5743812.424963372759521 ], [ 543128.091835522907786, 5743811.172719174996018 ], [ 543127.803451732499525, 5743811.041558090597391 ], [ 543127.52753864612896, 5743810.885716371238232 ], [ 543125.243471619673073, 5743809.877241916023195 ], [ 543122.970643345266581, 5743808.843525816686451 ], [ 543122.670834318734705, 5743808.741355401463807 ], [ 543122.38102474657353, 5743808.613396853208542 ], [ 543120.009432498947717, 5743807.834389097057283 ], [ 543117.646558714681305, 5743807.029155966825783 ], [ 543117.338211726397276, 5743806.95696013700217 ], [ 543117.037296656169929, 5743806.858117036521435 ], [ 543114.601018541143276, 5743806.316077947616577 ], [ 543112.170854640309699, 5743805.747082365676761 ], [ 543111.856939195538871, 5743805.705556379631162 ], [ 543111.547816546983086, 5743805.636780597269535 ], [ 543109.070314767304808, 5743805.336930084973574 ], [ 543106.596264200517908, 5743805.009651607833803 ], [ 543106.279803427751176, 5743804.999195366166532 ], [ 543105.965450158226304, 5743804.961149228736758 ], [ 543103.47058394656051, 5743804.906374896876514 ], [ 543100.976472730282694, 5743804.823965281248093 ], [ 543100.660514258896001, 5743804.844679474830627 ], [ 543100.343957705772482, 5743804.837729379534721 ], [ 543097.855753541341983, 5743805.028558707796037 ], [ 543095.365600841701962, 5743805.191811581142247 ], [ 543070.148167705512606, 5743808.097252958454192 ], [ 543068.333607734763063, 5743807.088654364459217 ], [ 543063.171754758805037, 5743804.851636428385973 ], [ 543057.81621026690118, 5743803.132996597327292 ], [ 543052.318550221854821, 5743801.949285699985921 ], [ 543046.731719133676961, 5743801.311903083696961 ], [ 543044.05735481181182, 5743801.271510637365282 ], [ 543042.015982810524292, 5743800.071329725906253 ], [ 543036.909464388154447, 5743797.709947441704571 ], [ 543031.59683813562151, 5743795.862100699916482 ], [ 543026.129266719683073, 5743794.545584629289806 ], [ 543020.55940490285866, 5743793.773077518679202 ], [ 543014.940892484155484, 5743793.552018746733665 ], [ 543009.3278377589304, 5743793.884537148289382 ], [ 542994.811869121156633, 5743795.464494252577424 ], [ 542994.343314874917269, 5743795.53898362070322 ], [ 542993.870266903191805, 5743795.574894530698657 ], [ 542991.567481177509762, 5743795.98027693387121 ], [ 542989.258325379341841, 5743796.347378574311733 ], [ 542988.799304591491818, 5743796.467585921287537 ], [ 542988.332042761379853, 5743796.549842467531562 ], [ 542974.748904376523569, 5743799.637097207829356 ], [ 542974.214782831957564, 5743796.587058831937611 ], [ 542972.703655560850166, 5743791.153330245055258 ], [ 542970.668949228012934, 5743785.894371355883777 ], [ 542968.130259945755824, 5743780.860828096978366 ], [ 542965.11203730374109, 5743776.101175395771861 ], [ 542961.64334888313897, 5743771.661250349134207 ], [ 542957.757600301294588, 5743767.583810849115252 ], [ 542953.492213488323614, 5743763.908123799599707 ], [ 542948.888266291818582, 5743760.669587046839297 ], [ 542946.087677487172186, 5743759.085692267864943 ], [ 542948.083804087247699, 5743754.42300908640027 ], [ 542949.785750406095758, 5743749.046396681107581 ], [ 542950.95422200858593, 5743743.528310408815742 ], [ 542951.57796683779452, 5743737.92189288046211 ], [ 542951.650978918420151, 5743732.281137199141085 ], [ 542951.397546402877197, 5743729.303674910217524 ], [ 542951.625962879625149, 5743728.158560966141522 ], [ 542952.183615426300094, 5743722.545148332603276 ], [ 542952.184660905157216, 5743721.645376632921398 ], [ 542954.343004058697261, 5743718.854356452822685 ], [ 542957.337687945109792, 5743714.079807842150331 ], [ 542959.851490585599095, 5743709.033759131096303 ], [ 542961.860203319229186, 5743703.764807369560003 ], [ 542963.344481929321773, 5743698.323696144856513 ], [ 542964.290032909135334, 5743692.762826873920858 ], [ 542964.687751080142334, 5743687.1357541102916 ], [ 542964.533807242754847, 5743681.496669795364141 ], [ 542963.829685012809932, 5743675.899881334975362 ], [ 542962.582166493637487, 5743670.399288597516716 ], [ 542960.803266920964234, 5743665.047864841297269 ], [ 542958.510118912905455, 5743659.897146571427584 ], [ 542955.724807442398742, 5743654.996737240813673 ], [ 542952.474157118238509, 5743650.393829550594091 ], [ 542948.789473829092458, 5743646.132751031778753 ], [ 542944.706243238644674, 5743642.254537153989077 ], [ 542940.263789031421766, 5743638.79653618671 ], [ 542935.504894208395854, 5743635.792049543000758 ], [ 542930.475389071856625, 5743633.270011129789054 ], [ 542927.113347182748839, 5743631.979846836067736 ], [ 542927.394276483217254, 5743631.907741573639214 ], [ 542928.755781382089481, 5743631.485880413092673 ], [ 542930.136050644447096, 5743631.130660781636834 ], [ 542931.440339776105247, 5743630.654071549884975 ], [ 542932.766630321508273, 5743630.243120859377086 ], [ 542934.080364120425656, 5743629.689401969313622 ], [ 542935.419282629853114, 5743629.200158425606787 ], [ 542936.670729386620224, 5743628.597601575776935 ], [ 542937.950484287110157, 5743628.058203605934978 ], [ 542939.203794830944389, 5743627.377959773875773 ], [ 542940.488467858405784, 5743626.759404181502759 ], [ 542941.675019940361381, 5743626.036682869307697 ], [ 542942.895914294524118, 5743625.374032505787909 ], [ 542944.076731364708394, 5743624.573815073817968 ], [ 542945.294786645681597, 5743623.831904677674174 ], [ 542946.405016780481674, 5743622.995979331433773 ], [ 542947.555292572360486, 5743622.216458478942513 ], [ 542948.652244138764217, 5743621.303974227048457 ], [ 542949.791951027931646, 5743620.445854268036783 ], [ 542950.815167023451068, 5743619.504775540903211 ], [ 542951.88374636718072, 5743618.615891668014228 ], [ 542952.886268131434917, 5743617.599928576499224 ], [ 542953.936650559073314, 5743616.633863478899002 ], [ 542954.862998235155828, 5743615.596694750711322 ], [ 542955.839590107556432, 5743614.607008535414934 ], [ 542956.738027236773632, 5743613.497351145371795 ], [ 542957.688969425857067, 5743612.432644917629659 ], [ 542958.509527573245578, 5743611.309374942444265 ], [ 542959.384726866497658, 5743610.228417872451246 ], [ 542960.170426958124153, 5743609.035753057338297 ], [ 542961.012770861038007, 5743607.882659661583602 ], [ 542961.719637129455805, 5743606.684106395579875 ], [ 542962.485015254584141, 5743605.522288929671049 ], [ 542963.150411682203412, 5743604.258102956227958 ], [ 542963.876045157667249, 5743603.027727567590773 ], [ 542964.46241215558257, 5743601.765433956868947 ], [ 542965.110598213621415, 5743600.533945273607969 ], [ 542965.649282987345941, 5743599.210413176566362 ], [ 542966.251217926386744, 5743597.91460520029068 ], [ 542966.711438778205775, 5743596.600728032179177 ], [ 542967.236190538620576, 5743595.311428252607584 ], [ 542967.642976016271859, 5743593.941296552307904 ], [ 542968.115415633074008, 5743592.592535537667572 ], [ 542968.445058355457149, 5743591.239728341810405 ], [ 542968.479190070647746, 5743591.124766114167869 ], [ 542968.89000554732047, 5743590.847303714603186 ], [ 542973.224063576431945, 5743587.253560548648238 ], [ 542977.186151222209446, 5743583.250917071476579 ], [ 542980.738111421349458, 5743578.87792197894305 ], [ 542983.845737068797462, 5743574.176690638996661 ], [ 542986.479100440745242, 5743569.192499450407922 ], [ 542988.612841399968602, 5743563.973349771462381 ], [ 542990.226411605370231, 5743558.569505603052676 ], [ 542991.304272374138236, 5743553.033009506762028 ], [ 542991.836044294759631, 5743547.417181354016066 ], [ 542991.816607148270123, 5743541.776104841381311 ], [ 542991.246149179292843, 5743536.164106617681682 ], [ 542990.130165242007934, 5743530.635233071632683 ], [ 542988.479403843404725, 5743525.242729876190424 ], [ 542986.309763590106741, 5743520.03852918650955 ], [ 542983.642140044597909, 5743515.072749556042254 ], [ 542980.502224459080026, 5743510.393213271163404 ], [ 542976.920256333891302, 5743506.044985850341618 ], [ 542972.9307321786182, 5743502.069942060858011 ], [ 542968.5720732845366, 5743498.506362698972225 ], [ 542963.886255706776865, 5743495.388565948233008 ], [ 542958.918406019918621, 5743492.746576922945678 ], [ 542953.716366740642115, 5743490.60583854932338 ], [ 542948.330235600005835, 5743488.986966567113996 ], [ 542942.81188310473226, 5743487.9055510237813 ], [ 542937.214453029679134, 5743487.372006138786674 ], [ 542931.591850650729612, 5743487.391470045782626 ], [ 542925.998223648406565, 5743487.963755305856466 ], [ 542920.487440675962716, 5743489.083350705914199 ], [ 542908.165751680731773, 5743492.225234010256827 ], [ 542842.25636724405922, 5743484.602884644642472 ], [ 542841.080023064860143, 5743483.173466479405761 ], [ 542841.060978214372881, 5743483.152509999461472 ], [ 542841.044050138792954, 5743483.129798323847353 ], [ 542833.674685730715282, 5743474.192963670939207 ], [ 542832.762872351449914, 5743473.19160907715559 ], [ 542831.903119999682531, 5743472.144925720058382 ], [ 542830.867840053862892, 5743471.110481572337449 ], [ 542829.882339246221818, 5743470.028202649205923 ], [ 542828.877088252920657, 5743469.121336248703301 ], [ 542827.919219129020348, 5743468.164239771664143 ], [ 542826.787863422301598, 5743467.23658459354192 ], [ 542825.701373843476176, 5743466.256429777480662 ], [ 542824.612366332905367, 5743465.452784935943782 ], [ 542823.565605232492089, 5743464.594492455944419 ], [ 542822.349069297662936, 5743463.782559797167778 ], [ 542821.172054393566214, 5743462.913968243636191 ], [ 542820.009778034524061, 5743462.221284255385399 ], [ 542818.884205781505443, 5743461.470061346888542 ], [ 542804.913660053047352, 5743453.107769670896232 ], [ 542803.492475763196126, 5743452.349371201358736 ], [ 542802.104275235324167, 5743451.531789008527994 ], [ 542787.744121197843924, 5743443.999352476559579 ], [ 542786.189698697766289, 5743443.2791115520522 ], [ 542784.663989310269244, 5743442.499517047777772 ], [ 542784.385568163124844, 5743442.390244955196977 ], [ 542784.117763108573854, 5743442.256913526915014 ], [ 542777.594472493394278, 5743439.400335521437228 ], [ 542772.337186132674105, 5743437.400152181275189 ], [ 542766.909805562463589, 5743435.926591254770756 ], [ 542761.364598514628597, 5743434.993843401782215 ], [ 542755.754967367276549, 5743434.610891158692539 ], [ 542750.134934890898876, 5743434.781422412022948 ], [ 542744.55862401810009, 5743435.503794923424721 ], [ 542739.079736651154235, 5743436.771052115596831 ], [ 542733.751036523026414, 5743438.570990071631968 ], [ 542728.623841089196503, 5743440.886275043711066 ], [ 542723.7475273454329, 5743443.694610358215868 ], [ 542719.169056327198632, 5743446.968951122835279 ], [ 542714.932520869537257, 5743450.677764642983675 ], [ 542711.078720981953666, 5743454.785334059037268 ], [ 542707.644770927610807, 5743459.252102287486196 ], [ 542706.595196882844903, 5743460.936105311848223 ], [ 542679.674004692933522, 5743461.291169923730195 ], [ 542669.274685944081284, 5743460.620094366371632 ], [ 542669.091746953083202, 5743460.617314537987113 ], [ 542668.90983214485459, 5743460.597722140140831 ], [ 542666.411943427985534, 5743460.575756337493658 ], [ 542663.914444264490157, 5743460.526349066756666 ], [ 542633.31282891810406, 5743461.428325845859945 ], [ 542570.918323909281753, 5743461.514677979052067 ], [ 542569.842524488572963, 5743461.109212740324438 ], [ 542567.731667806394398, 5743460.267706133425236 ], [ 542567.211774408584461, 5743460.117691111750901 ], [ 542566.70536079024896, 5743459.926825270056725 ], [ 542564.510999354650266, 5743459.338383072055876 ], [ 542562.32809536869172, 5743458.708505952730775 ], [ 542561.796049571479671, 5743458.6103385547176 ], [ 542561.273427670123056, 5743458.470191473141313 ], [ 542559.032144376658835, 5743458.100371801294386 ], [ 542556.798215234419331, 5743457.688190001994371 ], [ 542556.259140828275122, 5743457.642815588973463 ], [ 542555.725343696423806, 5743457.554736915044487 ], [ 542553.458722906769253, 5743457.407101184129715 ], [ 542551.195282186730765, 5743457.216584106907248 ], [ 542535.577259246027097, 5743456.673993184231222 ], [ 542533.561403536936268, 5743456.70326523669064 ], [ 542531.545515514328144, 5743456.676325459033251 ], [ 542530.751765066408552, 5743456.744062962941825 ], [ 542529.955231755040586, 5743456.755628964863718 ], [ 542527.951942516723648, 5743456.982995145022869 ], [ 542525.943129446357489, 5743457.154423344880342 ], [ 542525.159818722982891, 5743457.299890460446477 ], [ 542524.368250785628334, 5743457.389730214141309 ], [ 542522.396820452064276, 5743457.813000931404531 ], [ 542520.414427896146663, 5743458.181146239861846 ], [ 542519.64910046197474, 5743458.40294208843261 ], [ 542518.870120990555733, 5743458.570190425030887 ], [ 542516.949535146239214, 5743459.18528949841857 ], [ 542515.012654298217967, 5743459.74660661816597 ], [ 542514.272680549765937, 5743460.042595258913934 ], [ 542513.513791403616779, 5743460.285641553811729 ], [ 542511.66254604421556, 5743461.086645446717739 ], [ 542509.789829792804085, 5743461.8357288017869 ], [ 542509.082335957675241, 5743462.203059803694487 ], [ 542508.350845547625795, 5743462.519563476555049 ], [ 542508.136775199789554, 5743462.638388604857028 ], [ 542473.021661607199349, 5743461.808089471422136 ], [ 542481.987398898112588, 5743350.500846252776682 ], [ 542481.989753647940233, 5743350.425991945900023 ], [ 542481.999217392643914, 5743350.351704683154821 ], [ 542482.078430383466184, 5743347.607078146189451 ], [ 542482.164763355744071, 5743344.862668548710644 ], [ 542482.159793745377101, 5743344.787943171337247 ], [ 542482.161954291979782, 5743344.713083018548787 ], [ 542481.972644843976013, 5743341.973884620703757 ], [ 542481.790442371042445, 5743339.234202013351023 ], [ 542481.778196274884976, 5743339.160325210541487 ], [ 542481.773032830096781, 5743339.085613111965358 ], [ 542481.3170246030204, 5743336.378222793340683 ], [ 542480.868041905108839, 5743333.669651716016233 ], [ 542480.84863727283664, 5743333.597334956750274 ], [ 542480.836199577199295, 5743333.52349042519927 ], [ 542480.117884668637998, 5743330.873981691896915 ], [ 542479.406446175766177, 5743328.222606973722577 ], [ 542479.380069897277281, 5743328.152546701021492 ], [ 542479.36047774553299, 5743328.080280900932848 ], [ 542478.386774390004575, 5743325.514169772155583 ], [ 542477.419732060516253, 5743322.94552527461201 ], [ 542477.38663816312328, 5743322.878396197222173 ], [ 542477.360080251935869, 5743322.808405078947544 ], [ 542476.140366155770607, 5743320.350404294207692 ], [ 542474.927033493411727, 5743317.889227108098567 ], [ 542474.887540700030513, 5743317.825675708241761 ], [ 542474.854272804805078, 5743317.758633312769234 ], [ 542473.400294748949818, 5743315.432414249517024 ], [ 542471.952357163885608, 5743313.102406552061439 ], [ 542471.90684581908863, 5743313.043044852092862 ], [ 542471.867188335163519, 5743312.979596819728613 ], [ 542470.192949151387438, 5743310.807561789639294 ], [ 542468.524351295200177, 5743308.631162354722619 ], [ 542468.473259702557698, 5743308.57656202558428 ], [ 542468.427594558568671, 5743308.51731938496232 ], [ 542466.549218195606954, 5743306.520385757088661 ], [ 542464.676029728259891, 5743304.518554023467004 ], [ 542464.619849930284545, 5743304.469240886159241 ], [ 542464.568616908276454, 5743304.414774158969522 ], [ 542462.504193269531243, 5743302.612173068337142 ], [ 542460.444453969830647, 5743300.804187174886465 ], [ 542460.383727002539672, 5743300.760636117309332 ], [ 542460.327419509761967, 5743300.71146984398365 ], [ 542458.096830105641857, 5743299.120560835115612 ], [ 542455.870376267936081, 5743297.52383214328438 ], [ 542455.805686965119094, 5743297.486462583765388 ], [ 542455.744847266934812, 5743297.443070240318775 ], [ 542453.36957358464133, 5743296.079174047335982 ], [ 542450.997847149847075, 5743294.709079548716545 ], [ 542450.929818501928821, 5743294.678251361474395 ], [ 542450.865032509085722, 5743294.641050823032856 ], [ 542448.367949418490753, 5743293.517302060499787 ], [ 542445.8737912052311, 5743292.387036081403494 ], [ 542445.803078356897458, 5743292.363046147860587 ], [ 542445.734969986137003, 5743292.332395672798157 ], [ 542443.140125833917409, 5743291.459616427309811 ], [ 542440.547555197263137, 5743290.580063500441611 ], [ 542440.474839118425734, 5743290.563142840750515 ], [ 542440.404064303380437, 5743290.539337603375316 ], [ 542437.736448384705, 5743289.925932829268277 ], [ 542435.070432852488011, 5743289.305563304573298 ], [ 542434.996413854067214, 5743289.295874872244895 ], [ 542434.923654155922122, 5743289.279144112020731 ], [ 542432.208956332411617, 5743288.931020928546786 ], [ 542429.495170906651765, 5743288.575809151865542 ], [ 542429.420561806298792, 5743288.573446249589324 ], [ 542429.346517940168269, 5743288.563951091840863 ], [ 542401.793895414914005, 5743286.402230016887188 ], [ 542413.677811499568634, 5743138.666295768693089 ], [ 542414.268055167165585, 5743136.976421060040593 ], [ 542415.598405838594772, 5743131.495753033086658 ], [ 542416.386905925464816, 5743125.910654501989484 ], [ 542416.625962753780186, 5743120.274913308210671 ], [ 542416.313275125343353, 5743114.642804812639952 ], [ 542415.451855441206135, 5743109.068569180555642 ], [ 542414.050000648014247, 5743103.605889026075602 ], [ 542412.121212296769954, 5743098.307372439652681 ], [ 542409.684066479676403, 5743093.224046354182065 ], [ 542406.762034901184961, 5743088.404865150339901 ], [ 542403.383258807705715, 5743083.896239248104393 ], [ 542400.233358701574616, 5743080.455061018466949 ], [ 542400.229664720594883, 5743080.44569871481508 ], [ 542399.06756840867456, 5743078.179158681072295 ], [ 542397.926897380850278, 5743075.901690343394876 ], [ 542397.781922632246278, 5743075.671648251824081 ], [ 542397.65783258958254, 5743075.429624246433377 ], [ 542396.279899926274084, 5743073.288277887739241 ], [ 542394.922221778775565, 5743071.133948914706707 ], [ 542394.755470926989801, 5743070.919271211139858 ], [ 542394.608333611162379, 5743070.690615527331829 ], [ 542393.027835054090247, 5743068.695084761828184 ], [ 542391.466225157142617, 5743066.684642068110406 ], [ 542391.279304115450941, 5743066.487396163865924 ], [ 542391.110536561231129, 5743066.274310836568475 ], [ 542389.342693325015716, 5743064.443813294172287 ], [ 542387.592190910479985, 5743062.596618042327464 ], [ 542387.386899832519703, 5743062.418703470379114 ], [ 542387.198127376032062, 5743062.223240576684475 ], [ 542385.259964748867787, 5743060.575404434464872 ], [ 542383.337428159196861, 5743058.909245684742928 ], [ 542383.115744118229486, 5743058.752375821582973 ], [ 542382.90878472768236, 5743058.576417719013989 ], [ 542380.818968192790635, 5743057.127112058922648 ], [ 542378.742912441608496, 5743055.65803537145257 ], [ 542378.506970347720198, 5743055.523720896802843 ], [ 542378.283817157847807, 5743055.368962119333446 ], [ 542376.062472693040036, 5743054.132144139148295 ], [ 542373.852891101385467, 5743052.874297033064067 ], [ 542373.604963187477551, 5743052.763831432908773 ], [ 542373.367765260278247, 5743052.631762336008251 ], [ 542371.03628534427844, 5743051.619342837482691 ], [ 542368.714457177207805, 5743050.584838700480759 ], [ 542368.456931092427112, 5743050.49928577337414 ], [ 542368.207972744130529, 5743050.391178218647838 ], [ 542365.788810530910268, 5743049.612907008267939 ], [ 542363.377095889649354, 5743048.811708312481642 ], [ 542363.11245170305483, 5743048.751891948282719 ], [ 542362.854130510473624, 5743048.668787034228444 ], [ 542360.370583483017981, 5743048.132159003987908 ], [ 542357.892208099598065, 5743047.571981464512646 ], [ 542296.911770717357285, 5743036.912161281332374 ], [ 542295.943644586019218, 5743036.791670670732856 ], [ 542294.98520604451187, 5743036.609175730496645 ], [ 542294.454080599360168, 5743036.561420339159667 ], [ 542293.928419483709149, 5743036.471458459272981 ], [ 542285.26808904693462, 5743035.424940960481763 ], [ 542284.121238700929098, 5743035.071391519159079 ], [ 542283.692787197767757, 5743034.98428245075047 ], [ 542283.272999887587503, 5743034.861866878345609 ], [ 542280.938487530569546, 5743034.42430146317929 ], [ 542278.610896669211797, 5743033.95107460860163 ], [ 542278.175998088554479, 5743033.90651804767549 ], [ 542277.746272668126039, 5743033.825972971506417 ], [ 542181.66556404507719, 5743020.672994851134717 ], [ 542182.063978590304032, 5742943.129171270877123 ], [ 542181.817056003492326, 5742937.493887720629573 ], [ 542181.020774481934495, 5742931.910025108605623 ], [ 542179.682803663657978, 5742926.431358781643212 ], [ 542177.816029873560183, 5742921.110650807619095 ], [ 542175.438431985559873, 5742915.999141853302717 ], [ 542172.572908243979327, 5742911.146057734265924 ], [ 542169.247055715415627, 5742906.598135380074382 ], [ 542165.49290449381806, 5742902.399172760546207 ], [ 542161.346609222353436, 5742898.589607137255371 ], [ 542156.848100898205303, 5742895.206125660799444 ], [ 542152.040702320169657, 5742892.281312092207372 ], [ 542146.970710877445526, 5742889.843333051539958 ], [ 542141.686952698975801, 5742887.915666785091162 ], [ 542136.240312456153333, 5742886.516877100802958 ], [ 542130.683243347913958, 5742885.660434600897133 ], [ 542125.069261982222088, 5742885.354586974717677 ], [ 542119.452433020342141, 5742885.602279591374099 ], [ 542113.886848545982502, 5742886.401127124205232 ], [ 542108.426107168314047, 5742887.743436535820365 ], [ 542103.122797877178527, 5742889.616281135007739 ], [ 542098.027993618394248, 5742892.001625067554414 ], [ 542093.190759465564042, 5742894.876496973447502 ], [ 542088.657680120668374, 5742898.213211190886796 ], [ 542084.472411299939267, 5742901.979634342715144 ], [ 542080.675259315758012, 5742906.139494764618576 ], [ 542077.302792909904383, 5742910.652731771580875 ], [ 542074.387491072993726, 5742915.475881442427635 ], [ 542071.957430242677219, 5742920.562495138496161 ], [ 542070.036013893433847, 5742925.863586813211441 ], [ 542068.641747122630477, 5742931.328104732558131 ], [ 542067.78805840597488, 5742936.903423110023141 ], [ 542067.483170238090679, 5742942.535848896019161 ], [ 542067.298853184329346, 5742978.319257011637092 ], [ 542053.062075791996904, 5742970.986793980002403 ], [ 542052.703821107745171, 5742970.551684289239347 ], [ 542051.42858824483119, 5742969.14914414845407 ], [ 542050.19890126993414, 5742967.706245659850538 ], [ 542049.535060937865637, 5742967.066584090702236 ], [ 542048.914755643461831, 5742966.38435289170593 ], [ 542047.508641002234071, 5742965.11397095490247 ], [ 542046.143910043872893, 5742963.79894607141614 ], [ 542045.420774024678394, 5742963.227645693346858 ], [ 542044.736804495216347, 5742962.609699516557157 ], [ 542043.213349689380266, 5742961.483709883876145 ], [ 542041.726717840414494, 5742960.309222682379186 ], [ 542040.951250299112871, 5742959.811785254627466 ], [ 542040.210203506518155, 5742959.264075090177357 ], [ 542038.584080145810731, 5742958.29332132358104 ], [ 542036.989864388015121, 5742957.270682401955128 ], [ 542036.169533430831507, 5742956.851898363791406 ], [ 542035.378546006977558, 5742956.379698800854385 ], [ 542033.665414398768917, 5742955.573529477231205 ], [ 542031.978967732400633, 5742954.712587088346481 ], [ 542031.121673490735702, 5742954.376489407382905 ], [ 542030.288362996652722, 5742953.984347837977111 ], [ 542028.504721324308775, 5742953.350526531226933 ], [ 542026.742284927284345, 5742952.65957173705101 ], [ 542025.856283499277197, 5742952.409397104755044 ], [ 542024.988675046828575, 5742952.101089934818447 ], [ 542023.151700481423177, 5742951.645720453001559 ], [ 542021.330247315810993, 5742951.131407300941646 ], [ 542020.424071225919761, 5742950.969564928673208 ], [ 542019.530520230182447, 5742950.748061225749552 ], [ 542017.657903521205299, 5742950.475528851151466 ], [ 542015.794974879245274, 5742950.142810280434787 ], [ 542000.110158376395702, 5742948.132146754302084 ], [ 541999.365557613316923, 5742948.073760752566159 ], [ 541998.627085640677251, 5742947.961697781458497 ], [ 541996.564275563578121, 5742947.854104664176702 ], [ 541994.504959884798154, 5742947.692627586424351 ], [ 541993.758240480558015, 5742947.707745247520506 ], [ 541993.012376319617033, 5742947.668841718696058 ], [ 541991.077439283952117, 5742947.758656829595566 ], [ 541939.230741192470305, 5742930.071186070330441 ], [ 541937.727820894680917, 5742929.211164890788496 ], [ 541937.163262297166511, 5742928.958107754588127 ], [ 541936.619662373093888, 5742928.662445731461048 ], [ 541934.597694943309762, 5742927.808120049536228 ], [ 541932.594564930652268, 5742926.910238145850599 ], [ 541932.008002242655493, 5742926.713917153887451 ], [ 541931.438134978874587, 5742926.473135409876704 ], [ 541929.342439954169095, 5742925.8217599010095 ], [ 541927.261236276710406, 5742925.125185436569154 ], [ 541926.658318334259093, 5742924.987491199746728 ], [ 541926.067671772791073, 5742924.803908509202302 ], [ 541923.918431452824734, 5742924.361756018362939 ], [ 541921.779196960385889, 5742923.873197168111801 ], [ 541921.165730099310167, 5742923.795455698855221 ], [ 541920.559992381837219, 5742923.670840003527701 ], [ 541918.377904807915911, 5742923.442168542183936 ], [ 541916.201241066446528, 5742923.166330207139254 ], [ 541915.58313316910062, 5742923.149290167726576 ], [ 541914.968137800809927, 5742923.084841546602547 ], [ 541912.774217285681516, 5742923.071853243745863 ], [ 541910.581086338846944, 5742923.011391814798117 ], [ 541909.96429002576042, 5742923.055217298679054 ], [ 541909.345959614263847, 5742923.051556405611336 ], [ 541907.16133431752678, 5742923.254376330412924 ], [ 541904.972856887266971, 5742923.409874072298408 ], [ 541893.300108539522626, 5742924.81947810575366 ], [ 541823.334035597392358, 5742924.216925011947751 ], [ 541813.121649553766474, 5742922.625672096386552 ], [ 541811.483098361990415, 5742922.452441076748073 ], [ 541809.852920373668894, 5742922.212527621537447 ], [ 541808.689074691734277, 5742922.157050404697657 ], [ 541807.530331937014125, 5742922.034545164555311 ], [ 541805.88274681835901, 5742922.02328008133918 ], [ 541804.236979935551062, 5742921.944830250926316 ], [ 541803.073318532551639, 5742922.004070383496583 ], [ 541801.908187100547366, 5742921.996103436686099 ], [ 541800.26743489340879, 5742922.146912766620517 ], [ 541798.621928440756164, 5742922.230682061985135 ], [ 541797.46965779887978, 5742922.404069039039314 ], [ 541796.3093583190348, 5742922.510717117227614 ], [ 541794.691240052110516, 5742922.822148530744016 ], [ 541793.061840855982155, 5742923.067330243065953 ], [ 541792.769479169510305, 5742923.141305256634951 ], [ 541725.89344316907227, 5742922.176645935513079 ], [ 541725.657579276361503, 5742920.316946623846889 ], [ 541725.351689263479784, 5742917.742318739183247 ], [ 541725.302800902281888, 5742917.519649972207844 ], [ 541725.274114319239743, 5742917.293466804549098 ], [ 541724.698179516359232, 5742914.765818198211491 ], [ 541724.14223039150238, 5742912.233670172281563 ], [ 541724.071823505801149, 5742912.016881355084479 ], [ 541724.021177763352171, 5742911.794608448632061 ], [ 541723.201074132113717, 5742909.335769154131413 ], [ 541722.400420427671634, 5742906.870486741885543 ], [ 541722.309173109591939, 5742906.661665646359324 ], [ 541722.237055992125534, 5742906.44544359203428 ], [ 541721.180681982892565, 5742904.079093321226537 ], [ 541720.143034806009382, 5742901.70441821590066 ], [ 541720.031825846293941, 5742901.505575869232416 ], [ 541719.938931914512068, 5742901.297486978583038 ], [ 541718.656461316975765, 5742899.046414621174335 ], [ 541717.391814097994938, 5742896.785215884447098 ], [ 541717.261714525404386, 5742896.598267214372754 ], [ 541717.148938424070366, 5742896.400315460748971 ], [ 541715.652722391765565, 5742894.286199664697051 ], [ 541714.173254612484016, 5742892.160253449343145 ], [ 541714.025517370784655, 5742891.986998836509883 ], [ 541713.893945217947476, 5742891.801090567372739 ], [ 541712.198393292957917, 5742889.844290957786143 ], [ 541710.518353199819103, 5742887.874070845544338 ], [ 541710.354401092976332, 5742887.716178783215582 ], [ 541710.205300007713959, 5742887.544104353524745 ], [ 541708.326741354423575, 5742885.763465494848788 ], [ 541706.46230872173328, 5742883.96794530749321 ], [ 541706.283720693085343, 5742883.826936338096857 ], [ 541706.118526609381661, 5742883.670352878980339 ], [ 541704.075052779400721, 5742882.083022834733129 ], [ 541702.044183060759678, 5742880.479493908584118 ], [ 541701.852679007104598, 5742880.356725986115634 ], [ 541701.672982825664803, 5742880.21714143641293 ], [ 541699.484273453359492, 5742878.838406571187079 ], [ 541697.306524934363551, 5742877.442311320453882 ], [ 541697.103949125856161, 5742877.338966726325452 ], [ 541696.911481408867985, 5742877.21772532351315 ], [ 541694.598614797345363, 5742876.060863183811307 ], [ 541692.294960137456656, 5742874.885646308772266 ], [ 541692.083263464737684, 5742874.802720272913575 ], [ 541691.87987776263617, 5742874.700989599339664 ], [ 541689.465127801056951, 5742873.777141004800797 ], [ 541687.057752157445066, 5742872.834120106883347 ], [ 541686.838973346049897, 5742872.772411220706999 ], [ 541686.626628346624784, 5742872.691170969977975 ], [ 541684.133249961887486, 5742872.009232723154128 ], [ 541681.645337395020761, 5742871.307489325292408 ], [ 541681.421583382529207, 5742871.267591857351363 ], [ 541681.202324037556536, 5742871.207624384202063 ], [ 541678.654329432873055, 5742870.774163688533008 ], [ 541676.109839463839307, 5742870.320455693639815 ], [ 541675.883265068056062, 5742870.302753861062229 ], [ 541675.65920294332318, 5742870.264636666513979 ], [ 541673.081130378181115, 5742870.083827831782401 ], [ 541670.504567244905047, 5742869.882524525746703 ], [ 541670.27735445369035, 5742869.887188798747957 ], [ 541670.050647355034016, 5742869.87128896266222 ], [ 541656.224856653134339, 5742869.584053895436227 ], [ 541653.701032049022615, 5742869.655939366668463 ], [ 541651.176616907818243, 5742869.702484974637628 ], [ 541650.891663350630552, 5742869.735957062803209 ], [ 541650.604878915124573, 5742869.744125336408615 ], [ 541648.100229954812676, 5742870.063852454535663 ], [ 541645.592517530778423, 5742870.358419828116894 ], [ 541645.312206154689193, 5742870.419752499088645 ], [ 541645.027600634028204, 5742870.456083241850138 ], [ 541642.566247924696654, 5742871.020572976209223 ], [ 541640.099388471688144, 5742871.560325380414724 ], [ 541639.826418784214184, 5742871.648927988484502 ], [ 541639.546733027556911, 5742871.713071336038411 ], [ 541637.152380357729271, 5742872.516887526027858 ], [ 541634.750130607513711, 5742873.296627070754766 ], [ 541634.487131396890618, 5742873.411646357737482 ], [ 541634.215058897738345, 5742873.502984593622386 ], [ 541631.910764780943282, 5742874.538386321626604 ], [ 541629.59625936136581, 5742875.55060397926718 ], [ 541629.345763434073888, 5742875.690932274796069 ], [ 541629.083924339385703, 5742875.808585803955793 ], [ 541626.891880006995052, 5742877.065601971931756 ], [ 541624.68740861362312, 5742878.300549845211208 ], [ 541624.451828345656395, 5742878.464835762046278 ], [ 541624.202744281385094, 5742878.607671557925642 ], [ 541622.144060141639784, 5742880.074196767993271 ], [ 541620.070852727512829, 5742881.519982087425888 ], [ 541619.852456856053323, 5742881.706643517129123 ], [ 541619.618526621139608, 5742881.873286030255258 ], [ 541617.713028781116009, 5742883.535197267308831 ], [ 541615.791051292209886, 5742885.177896801382303 ], [ 541615.59194308007136, 5742885.385136139579117 ], [ 541615.375419533113018, 5742885.573980568908155 ], [ 541613.641458855592646, 5742887.415273218415678 ], [ 541611.889220967888832, 5742889.23906730953604 ], [ 541611.711317942361347, 5742889.46488877851516 ], [ 541611.514286311459728, 5742889.674116507172585 ], [ 541609.968561780289747, 5742891.677058411762118 ], [ 541608.402938552084379, 5742893.664383369497955 ], [ 541608.24795402563177, 5742893.906612238846719 ], [ 541608.072311839554459, 5742894.134208340197802 ], [ 541606.729709750157781, 5742896.27951052505523 ], [ 541605.36577909369953, 5742898.41122779622674 ], [ 541605.235205668373965, 5742898.667531321756542 ], [ 541605.082644477137364, 5742898.911303973756731 ], [ 541603.956095029367134, 5742901.178306415677071 ], [ 541602.806992537574843, 5742903.433886845596135 ], [ 541602.702087737503462, 5742903.701796730048954 ], [ 541602.57407681318, 5742903.959398312494159 ], [ 541601.67442956159357, 5742906.326268933713436 ], [ 541600.75122201431077, 5742908.683990412391722 ], [ 541600.672996167792007, 5742908.960926574654877 ], [ 541600.570768359932117, 5742909.229876287281513 ], [ 541599.90668775246013, 5742911.67382113263011 ], [ 541599.218266490031965, 5742914.110977850854397 ], [ 541599.167472998262383, 5742914.394273281097412 ], [ 541599.092012859182432, 5742914.671981020830572 ], [ 541598.669894749065861, 5742917.16946382727474 ], [ 541598.222890061908402, 5742919.662584856152534 ], [ 541598.20001814479474, 5742919.949511282145977 ], [ 541598.152052443358116, 5742920.233302600681782 ], [ 541598.132355382665992, 5742920.515964196063578 ], [ 541568.538956247037277, 5742920.155013934709132 ], [ 541567.035288749495521, 5742919.742730259895325 ], [ 541566.556568718980998, 5742919.660977122373879 ], [ 541566.08603979088366, 5742919.540519481524825 ], [ 541563.786246010684408, 5742919.187876324169338 ], [ 541561.492735759238712, 5742918.796202306635678 ], [ 541561.008333961013705, 5742918.761919190175831 ], [ 541560.528302528196946, 5742918.688312442973256 ], [ 541558.205131081165746, 5742918.563524404540658 ], [ 541555.884399670758285, 5742918.399275530129671 ], [ 541542.470488398801535, 5742918.11203889735043 ], [ 541541.736000119592063, 5742918.132490449585021 ], [ 541541.001966060255654, 5742918.099480167031288 ], [ 541538.927252645604312, 5742918.210698400624096 ], [ 541536.850379456300288, 5742918.268527156673372 ], [ 541536.121425914228894, 5742918.361108316108584 ], [ 541535.387701385421678, 5742918.400440402328968 ], [ 541533.333843639702536, 5742918.715146210975945 ], [ 541531.272620541974902, 5742918.976932018995285 ], [ 541530.556221826118417, 5742919.140751202590764 ], [ 541529.829872856964357, 5742919.25204689335078 ], [ 541527.816650177002884, 5742919.767209596000612 ], [ 541525.790927502443083, 5742920.230431421659887 ], [ 541525.093982798978686, 5742920.463911018334329 ], [ 541524.382004395942204, 5742920.646098516881466 ], [ 541522.42880489025265, 5742921.356756983324885 ], [ 541520.45809108868707, 5742922.016953933052719 ], [ 541519.787312220898457, 5742922.317845491692424 ], [ 541519.096561028622091, 5742922.569170302711427 ], [ 541517.222194765810855, 5742923.468480742536485 ], [ 541515.325468587921932, 5742924.319295004010201 ], [ 541514.687315453309566, 5742924.684700863435864 ], [ 541514.024443654692732, 5742925.002742688171566 ], [ 541512.246961531694978, 5742926.082044557668269 ], [ 541510.442489257548004, 5742927.115282612852752 ], [ 541509.843107531429268, 5742927.541683834977448 ], [ 541509.214498875429854, 5742927.923379864543676 ], [ 541507.82300934009254, 5742928.864879848435521 ], [ 541506.356562903849408, 5742929.965850955806673 ], [ 541504.853415491175838, 5742931.015820103697479 ], [ 541504.107069338322617, 5742931.654713410884142 ], [ 541503.321558050694875, 5742932.244455058127642 ], [ 541501.969733069417998, 5742933.48433278594166 ], [ 541500.576401127735153, 5742934.677063251845539 ], [ 541499.896065998240374, 5742935.386274714954197 ], [ 541499.171952364849858, 5742936.05042261723429 ], [ 541497.947767611709423, 5742937.417266605421901 ], [ 541496.677669644821435, 5742938.741272078827024 ], [ 541496.069897536071949, 5742939.513971785083413 ], [ 541495.414155159029178, 5742940.246130019426346 ], [ 541494.329400238930248, 5742941.72677714843303 ], [ 541493.194767997832969, 5742943.169307085685432 ], [ 541492.665412116562948, 5742943.998053707182407 ], [ 541492.084356187377125, 5742944.791171360760927 ], [ 541491.14947797509376, 5742946.371362511999905 ], [ 541490.161238678963855, 5742947.918524898588657 ], [ 541489.715397086925805, 5742948.795337315648794 ], [ 541489.214623548206873, 5742949.641776412725449 ], [ 541488.438625576673076, 5742951.306293806992471 ], [ 541487.606296673999168, 5742952.943188914097846 ], [ 541487.248263172921725, 5742953.859623092226684 ], [ 541486.832594841020182, 5742954.751232123933733 ], [ 541486.222950610215776, 5742956.484045813791454 ], [ 541485.554548090090975, 5742958.194909723475575 ], [ 541485.287770865834318, 5742959.142140033654869 ], [ 541484.961210979963653, 5742960.070332449860871 ], [ 541484.523791958927177, 5742961.8547547115013 ], [ 541484.02575316070579, 5742963.623111100867391 ], [ 541483.852801576140337, 5742964.592015305534005 ], [ 541483.618495234753937, 5742965.547852210700512 ], [ 541483.357514306670055, 5742967.3666982492432 ], [ 541483.034635915188119, 5742969.175517048686743 ], [ 541482.957175759249367, 5742970.156764138489962 ], [ 541482.817379626096226, 5742971.131040384992957 ], [ 541482.735350504750386, 5742972.966793832369149 ], [ 541482.590742342639714, 5742974.798655233345926 ], [ 541482.167636343277991, 5742988.969187027774751 ], [ 541482.171858248882927, 5742989.190460942685604 ], [ 541482.156134249060415, 5742989.411212431266904 ], [ 541482.217634647618979, 5742991.710143188014627 ], [ 541478.442716478486545, 5742991.41611173376441 ], [ 541472.821600544848479, 5742991.532830188050866 ], [ 541467.23895415966399, 5742992.201755738817155 ], [ 541461.748540234286338, 5742993.416446508839726 ], [ 541456.40323350043036, 5742995.165204810909927 ], [ 541454.791316405171528, 5742995.874620031565428 ], [ 541405.924491169396788, 5742992.046145554631948 ], [ 541403.594984489260241, 5742991.978708722628653 ], [ 541401.266935795778409, 5742991.872018273919821 ], [ 541400.785954989842139, 5742991.897389373742044 ], [ 541400.30451024021022, 5742991.883451809175313 ], [ 541397.979632309870794, 5742992.045418634079397 ], [ 541395.652370385709219, 5742992.168177488259971 ], [ 541395.176184243056923, 5742992.240725091658533 ], [ 541394.695696086622775, 5742992.274198935367167 ], [ 541392.39783632545732, 5742992.664009639061987 ], [ 541390.093773533706553, 5742993.015035616233945 ], [ 541389.62696790182963, 5742993.134061074815691 ], [ 541389.152063610963523, 5742993.214623973704875 ], [ 541386.903351281769574, 5742993.828524592332542 ], [ 541384.644676559139043, 5742994.40443726349622 ], [ 541384.191746936761774, 5742994.568794347345829 ], [ 541383.727000029175542, 5742994.695670463144779 ], [ 541381.549091080785729, 5742995.527748998254538 ], [ 541379.357556318747811, 5742996.323002243414521 ], [ 541378.922864606138319, 5742996.531108145602047 ], [ 541378.472750760382041, 5742996.703075650148094 ], [ 541376.386619249125943, 5742997.745319032110274 ], [ 541374.283329860540107, 5742998.752254392951727 ], [ 541373.871062324615195, 5742999.002105012536049 ], [ 541373.439916310016997, 5742999.217507826164365 ], [ 541371.465652582817711, 5743000.459879010915756 ], [ 541369.470864095841534, 5743001.668799509294331 ], [ 541369.084991038544104, 5743001.957988727837801 ], [ 541368.676964990096167, 5743002.214752471074462 ], [ 541366.833582087187096, 5743003.645287134684622 ], [ 541364.966505210613832, 5743005.044550600461662 ], [ 541364.610742779332213, 5743005.370293450541794 ], [ 541364.229766166885383, 5743005.665945437736809 ], [ 541362.535016727284528, 5743007.270867184735835 ], [ 541360.813632343779318, 5743008.846998349763453 ], [ 541360.49140671279747, 5743009.206157837994397 ], [ 541360.141148530761711, 5743009.537850871682167 ], [ 541358.611353899119422, 5743011.301703847013414 ], [ 541357.052239835262299, 5743013.039524156600237 ], [ 541356.766654217382893, 5743013.428641471080482 ], [ 541356.450487644062378, 5743013.793181248009205 ], [ 541355.10038062336389, 5743015.698979028500617 ], [ 541353.718552062055096, 5743017.581752752885222 ], [ 541353.472356823273003, 5743017.997080571949482 ], [ 541353.193326734355651, 5743018.390956463292241 ], [ 541352.035909738624468, 5743020.420345570892096 ], [ 541350.844674572115764, 5743022.42994099855423 ], [ 541350.640240747015923, 5743022.867479573003948 ], [ 541350.401034388225526, 5743023.286898423917592 ], [ 541349.447454174864106, 5743025.420335125178099 ], [ 541348.458284880151041, 5743027.537399121560156 ], [ 541348.297581335296854, 5743027.99293477833271 ], [ 541348.100502441404387, 5743028.433857438154519 ], [ 541347.359942786744796, 5743030.650795919820666 ], [ 541346.58236589783337, 5743032.854940316639841 ], [ 541346.46694036340341, 5743033.324086061678827 ], [ 541346.313886975403875, 5743033.782266262918711 ], [ 541345.793480221531354, 5743036.061356453225017 ], [ 541345.234984569600783, 5743038.331354415975511 ], [ 541345.165948733338155, 5743038.809592166915536 ], [ 541345.058394914958626, 5743039.280617437325418 ], [ 541344.763153249165043, 5743041.59991065505892 ], [ 541344.429117847350426, 5743043.913901049643755 ], [ 541342.701225521741435, 5743062.157033389434218 ], [ 541339.327413127874024, 5743060.292333621531725 ], [ 541334.160668449127115, 5743058.067921554669738 ], [ 541328.801487467484549, 5743056.362308198586106 ], [ 541323.301481163944118, 5743055.191918942146003 ], [ 541317.7136166425189, 5743054.568024843931198 ], [ 541312.091707064886577, 5743054.496634111739695 ], [ 541306.489893439807929, 5743054.978434246964753 ], [ 541300.962123256060295, 5743056.008785439655185 ], [ 541295.561630978714675, 5743057.57776521705091 ], [ 541290.340425409493037, 5743059.670264011248946 ], [ 541285.348788848146796, 5743062.266130640171468 ], [ 541280.63479287608061, 5743065.340366350486875 ], [ 541278.486780523438938, 5743067.063782677985728 ], [ 541238.336462750565261, 5743065.406803806312382 ], [ 541237.052363660302944, 5743064.744506466202438 ], [ 541231.824166897102259, 5743062.66964403912425 ], [ 541226.418440085020848, 5743061.11890319082886 ], [ 541220.887242433615029, 5743060.107217851094902 ], [ 541215.283841413678601, 5743059.644330722279847 ], [ 541209.662199800368398, 5743059.734699497930706 ], [ 541204.076456021983176, 5743060.377453907392919 ], [ 541198.580402817693539, 5743061.566404111683369 ], [ 541193.226969224051572, 5743063.290100304409862 ], [ 541192.930630868300796, 5743063.418867741711438 ], [ 541191.222269500023685, 5743063.440484322607517 ], [ 541185.634371450520121, 5743064.064127410762012 ], [ 541180.134307258296758, 5743065.234270160086453 ], [ 541174.775044584297575, 5743066.939643879421055 ], [ 541169.608195196720771, 5743069.16382550355047 ], [ 541164.683517953380942, 5743071.885395701043308 ], [ 541160.048439624602906, 5743075.078145161271095 ], [ 541155.747598170069978, 5743078.711326942779124 ], [ 541151.82241286453791, 5743082.749952557496727 ], [ 541148.310685414588079, 5743087.155128888785839 ], [ 541145.246235907194205, 5743091.884432706981897 ], [ 541143.732571232598275, 5743094.813822764903307 ], [ 541143.130593470181338, 5743095.569639286026359 ], [ 541140.068224926479161, 5743100.300306100398302 ], [ 541137.482770221424289, 5743105.309344382025301 ], [ 541135.399129305151291, 5743110.54851521551609 ], [ 541133.837369543500245, 5743115.967363246716559 ], [ 541132.812532427837141, 5743121.513702570460737 ], [ 541132.334488684427924, 5743127.134119286201894 ], [ 541132.407843174412847, 5743132.774485882371664 ], [ 541133.031890507554635, 5743138.380482524633408 ], [ 541134.200621795142069, 5743143.898120166733861 ], [ 541135.902782478835434, 5743149.274260509759188 ], [ 541138.121980681899004, 5743154.457127773202956 ], [ 541139.783254554262385, 5743157.479806155897677 ], [ 541140.619679039693438, 5743160.053933154791594 ], [ 541142.711825363221578, 5743164.839912514202297 ], [ 541141.63149169634562, 5743190.194755833595991 ], [ 541082.155070001375861, 5743295.711983134970069 ], [ 541082.127952100243419, 5743295.766133304685354 ], [ 541082.095782084390521, 5743295.817424079403281 ], [ 541064.818700113450177, 5743326.619632398709655 ], [ 540963.32518437562976, 5743243.257053528912365 ], [ 540962.546975274104625, 5743242.679444526322186 ], [ 540961.807429557200521, 5743242.05278748460114 ], [ 540960.288199349539354, 5743241.002915969118476 ], [ 540958.80517376656644, 5743239.902171173132956 ], [ 540957.974282002542168, 5743239.403871250338852 ], [ 540957.177075621671975, 5743238.852957386523485 ], [ 540943.963497265707701, 5743230.650456049479544 ], [ 540943.25004048133269, 5743230.254760242067277 ], [ 540942.565798470634036, 5743229.810151605866849 ], [ 540940.790931436582468, 5743228.890894104726613 ], [ 540939.042838544584811, 5743227.921369776129723 ], [ 540938.294159453245811, 5743227.597739350050688 ], [ 540937.569775874959305, 5743227.222558718174696 ] ], [ [ 541927.0183482284192, 5745821.997817753814161 ], [ 541923.588671289151534, 5745817.525846546515822 ], [ 541919.738614869187586, 5745813.412678414955735 ], [ 541916.515614545205608, 5745810.584509149193764 ], [ 541919.326797886868007, 5745801.73396716080606 ], [ 541972.702050339546986, 5745812.085568527691066 ], [ 541977.245814340072684, 5745814.795637844130397 ], [ 541978.046567946206778, 5745815.817823136225343 ], [ 541981.938578176428564, 5745819.891056177206337 ], [ 541986.209793274640106, 5745823.561941063962877 ], [ 541990.81907894264441, 5745826.795124121941626 ], [ 541995.722044877591543, 5745829.559467045590281 ], [ 542000.871472288738005, 5745831.828346794471145 ], [ 542006.217768661677837, 5745833.579912042245269 ], [ 542010.820892322459258, 5745834.600321589037776 ], [ 542007.66971531836316, 5745845.392167161218822 ], [ 541980.27847445756197, 5745838.579681618139148 ], [ 541928.42350444837939, 5745824.258192081935704 ], [ 541927.0183482284192, 5745821.997817753814161 ] ], [ [ 542023.582219484611414, 5745380.847128094173968 ], [ 542019.894706746563315, 5745376.587053111754358 ], [ 542015.808757845894434, 5745372.710115718655288 ], [ 542011.363722646026872, 5745369.253651889041066 ], [ 542006.602409002487548, 5745366.250948234461248 ], [ 542001.570670511457138, 5745363.730921485461295 ], [ 541996.316964930854738, 5745361.71784003265202 ], [ 541990.89188753196504, 5745360.23109024669975 ], [ 541985.347683866857551, 5745359.284989808686078 ], [ 541979.737746652797796, 5745358.888649829663336 ], [ 541974.116101607563905, 5745359.045887134969234 ], [ 541968.536887192865834, 5745359.755187503062189 ], [ 541963.053833272308111, 5745361.009720243513584 ], [ 541957.719743702095002, 5745362.797403980977833 ], [ 541952.585987837868743, 5745365.1010229755193 ], [ 541947.702005851780996, 5745367.898392903618515 ], [ 541943.114832624210976, 5745371.16257447283715 ], [ 541940.639700496918522, 5745373.319072951562703 ], [ 541935.800168818444945, 5745373.872977692633867 ], [ 541930.301956142764539, 5745375.058894488960505 ], [ 541930.039129769429564, 5745375.143342894501984 ], [ 541930.030211104080081, 5745375.145310702733696 ], [ 541929.858142585027963, 5745375.201495648361742 ], [ 541924.946077321656048, 5745376.77978331875056 ], [ 541924.707164032850415, 5745376.883425261825323 ], [ 541924.682470237952657, 5745376.891488424502313 ], [ 541924.211112826364115, 5745377.098615067079663 ], [ 541919.784111537504941, 5745379.019071695394814 ], [ 541919.571246206294745, 5745379.137490919791162 ], [ 541919.531073844409548, 5745379.155143668875098 ], [ 541918.860209394828416, 5745379.532508173957467 ], [ 541916.593133857473731, 5745380.327060745097697 ], [ 541911.49126686877571, 5745382.700946371071041 ], [ 541906.645884986850433, 5745385.565108749084175 ], [ 541902.103651376790367, 5745388.891965354792774 ], [ 541897.908309910097159, 5745392.649477748200297 ], [ 541896.014820739277638, 5745394.713984130881727 ], [ 541895.843595799640752, 5745394.702669707126915 ], [ 541890.222696402226575, 5745394.885481791570783 ], [ 541884.646722590201534, 5745395.620160453952849 ], [ 541879.169373020413332, 5745396.899630606174469 ], [ 541875.034914338961244, 5745398.306207103654742 ], [ 541873.250234857783653, 5745398.710439522750676 ], [ 541867.912250011926517, 5745400.486457956023514 ], [ 541862.773477980750613, 5745402.778850849717855 ], [ 541857.883407241431996, 5745405.565541988238692 ], [ 541853.289131308090873, 5745408.819694915786386 ], [ 541849.034895216696896, 5745412.509971360675991 ], [ 541845.16166943393182, 5745416.600832983851433 ], [ 541841.706755295628682, 5745421.052883603610098 ], [ 541838.703425772022456, 5745425.823248562403023 ], [ 541838.367921090917662, 5745426.493872140534222 ], [ 541836.106245351955295, 5745428.484102343209088 ], [ 541832.262105404748581, 5745432.602500554174185 ], [ 541828.838827299885452, 5745437.079094953835011 ], [ 541828.358652752358466, 5745437.853933689184487 ], [ 541825.723971332772635, 5745436.380448712036014 ], [ 541820.567006156546995, 5745434.129500943236053 ], [ 541815.214964780840091, 5745432.396517097018659 ], [ 541809.719389433972538, 5745431.198186147026718 ], [ 541804.133204551530071, 5745430.546048226766288 ], [ 541798.510207120561972, 5745430.44638354703784 ], [ 541792.904548626858741, 5745430.900151891633868 ], [ 541787.370213584857993, 5745431.902983392588794 ], [ 541781.960499678272754, 5745433.44522060919553 ], [ 541776.727504512295127, 5745435.512011499144137 ], [ 541771.721623919438571, 5745438.083452462218702 ], [ 541766.99106664955616, 5745441.134779972024262 ], [ 541733.372667689225636, 5745465.23763507604599 ], [ 541728.962965755956247, 5745468.739456723444164 ], [ 541725.993938850122504, 5745471.614745345897973 ], [ 541725.893185298424214, 5745471.590928950347006 ], [ 541725.479797051870264, 5745471.416774042882025 ], [ 541724.046392617514357, 5745470.972898244857788 ], [ 541723.143452864023857, 5745470.594674532301724 ], [ 541722.975986951729283, 5745470.543191408738494 ], [ 541722.960802320507355, 5745470.536913426592946 ], [ 541722.643108873744495, 5745470.440856533125043 ], [ 541722.254974597948603, 5745470.321534526534379 ], [ 541721.760101895895787, 5745470.131216286681592 ], [ 541721.73990123544354, 5745470.123101000674069 ], [ 541721.736181470914744, 5745470.122016964480281 ], [ 541721.613877915777266, 5745470.074981431476772 ], [ 541721.159163431962952, 5745469.925337146967649 ], [ 541721.0019580029184, 5745469.866680207662284 ], [ 541720.871871574549004, 5745469.83225726429373 ], [ 541720.745556017500348, 5745469.785801445133984 ], [ 541720.133302258444019, 5745469.594255396164954 ], [ 541718.564910746063106, 5745469.187117364257574 ], [ 541717.7663286839379, 5745468.941613208502531 ], [ 541717.502249964512885, 5745468.888137396425009 ], [ 541716.339230039156973, 5745468.549202254973352 ], [ 541715.921395709039643, 5745468.47096052300185 ], [ 541715.51150496432092, 5745468.358088742941618 ], [ 541715.096414493047632, 5745468.286730960011482 ], [ 541714.688701199367642, 5745468.180892629548907 ], [ 541712.744847189867869, 5745467.876134010963142 ], [ 541710.810800964711234, 5745467.513972432352602 ], [ 541710.387334708706476, 5745467.477196362800896 ], [ 541709.968390576192178, 5745467.405175843276083 ], [ 541709.548327514785342, 5745467.374980743974447 ], [ 541709.132237469777465, 5745467.309745678678155 ], [ 541707.167969901813194, 5745467.197608849033713 ], [ 541705.996363272657618, 5745467.095859726890922 ], [ 541705.882258338853717, 5745467.054211403243244 ], [ 541705.871390520129353, 5745467.049362973310053 ], [ 541705.844060344737954, 5745467.040269127115607 ], [ 541703.368574189837091, 5745466.136715704575181 ], [ 541702.314496048609726, 5745465.865840451791883 ], [ 541700.533408720395528, 5745465.273200119845569 ], [ 541698.650970754213631, 5745464.846776685677469 ], [ 541698.133369672810659, 5745464.610535190440714 ], [ 541695.641469024121761, 5745463.757641195319593 ], [ 541695.007768623530865, 5745463.493347267620265 ], [ 541693.710364755359478, 5745463.096688440069556 ], [ 541692.810683969059028, 5745462.788757473230362 ], [ 541692.342427095980383, 5745462.678464896976948 ], [ 541689.628114024177194, 5745461.848609407432377 ], [ 541688.198758688755333, 5745461.561466607265174 ], [ 541686.036793946288526, 5745460.6868552910164 ], [ 541683.736019739415497, 5745460.010306389071047 ], [ 541682.342268278356642, 5745459.512117487378418 ], [ 541678.988819266087376, 5745458.67421498708427 ], [ 541673.920504469308071, 5745456.903747692704201 ], [ 541673.119837910984643, 5745456.709825367666781 ], [ 541671.369231773423962, 5745456.136293686926365 ], [ 541665.877788424375467, 5745454.918974998407066 ], [ 541660.293860621284693, 5745454.247534438036382 ], [ 541656.405940640717745, 5745454.165182534605265 ], [ 541656.088950755656697, 5745454.003047891892493 ], [ 541652.08177659579087, 5745452.428477182984352 ], [ 541650.790800151648, 5745451.513517899438739 ], [ 541645.901494938647375, 5745448.725415638647974 ], [ 541640.763346877065487, 5745446.431543118320405 ], [ 541635.425838435534388, 5745444.653990808874369 ], [ 541634.667577028740197, 5745444.48201593849808 ], [ 541631.953707208391279, 5745443.550646363757551 ], [ 541627.541507410700433, 5745440.2647465467453 ], [ 541622.718952633673325, 5745437.361996057443321 ], [ 541617.636032915324904, 5745434.947463379241526 ], [ 541612.341698882868513, 5745433.044400968588889 ], [ 541606.886937052127905, 5745431.67113568726927 ], [ 541601.324278832180426, 5745430.840892328880727 ], [ 541595.707294653169811, 5745430.561666286550462 ], [ 541590.090078094042838, 5745430.836146553047001 ], [ 541584.526724971248768, 5745431.661689842119813 ], [ 541579.070812407298945, 5745433.030346020124853 ], [ 541573.774882892030291, 5745434.92893467657268 ], [ 541568.689938305644318, 5745437.339172035455704 ], [ 541563.864948774687946, 5745440.237847006879747 ], [ 541559.346381088136695, 5745443.597044696100056 ], [ 541555.177751215873286, 5745447.384415204636753 ], [ 541551.39920523785986, 5745451.563485125079751 ], [ 541550.921309901634231, 5745452.209389070048928 ], [ 541549.300054113380611, 5745451.37927682697773 ], [ 541549.088451141607948, 5745451.296026204712689 ], [ 541548.885188048589043, 5745451.193980521522462 ], [ 541546.471062939264812, 5745450.266270814463496 ], [ 541544.064341579913162, 5745449.319396988488734 ], [ 541543.845624290523119, 5745449.257355824112892 ], [ 541543.633370517287403, 5745449.175789981149137 ], [ 541508.87258353177458, 5745437.746037879027426 ], [ 541516.250458249705844, 5745413.718657345511019 ], [ 541516.582811360596679, 5745412.700525883585215 ], [ 541518.06881737546064, 5745407.258762534707785 ], [ 541519.016023062285967, 5745401.697074592113495 ], [ 541519.415307306800969, 5745396.069024495780468 ], [ 541519.262825827812776, 5745390.428813599981368 ], [ 541518.560048158164136, 5745384.830760159529746 ], [ 541517.313743452890776, 5745379.328776224516332 ], [ 541515.535915258573368, 5745373.97584845777601 ], [ 541513.243685876368545, 5745368.823527843691409 ], [ 541511.31202743051108, 5745365.422922284342349 ], [ 541506.516695068101399, 5745352.531676719896495 ], [ 541504.294182435842231, 5745347.348716796375811 ], [ 541501.57601562445052, 5745342.409274690784514 ], [ 541498.388372627785429, 5745337.760919037275016 ], [ 541494.761952567263506, 5745333.448415054939687 ], [ 541490.731680028722622, 5745329.513293482363224 ], [ 541486.336368710617535, 5745325.993450626730919 ], [ 541481.618347630137578, 5745322.922783480025828 ], [ 541476.623053479357623, 5745320.330863278359175 ], [ 541471.398593062418513, 5745318.242650767788291 ], [ 541465.995280023198575, 5745316.678255853243172 ], [ 541460.465150327654555, 5745315.652743952348828 ], [ 541454.861461162799969, 5745315.175990925170481 ], [ 541449.238178079249337, 5745315.252587988972664 ], [ 541443.649455312639475, 5745315.881797499023378 ], [ 541438.149114289786667, 5745317.057560057379305 ], [ 541432.790125338942744, 5745318.768552862107754 ], [ 541427.624097592430189, 5745320.998298718594015 ], [ 541422.700781996129081, 5745323.725324724800885 ], [ 541418.06759220873937, 5745326.923369027674198 ], [ 541415.10510630486533, 5745329.430859861895442 ], [ 541412.119127464829944, 5745330.305724886246026 ], [ 541411.727082241792232, 5745330.463879148475826 ], [ 541388.888481427100487, 5745312.72635402623564 ], [ 541389.918572638998739, 5745308.735645344480872 ], [ 541390.788034512894228, 5745303.16125497687608 ], [ 541391.10870845313184, 5745297.528208836913109 ], [ 541390.877507242374122, 5745291.890756364911795 ], [ 541390.096658525639214, 5745286.303189217112958 ], [ 541388.773683316539973, 5745280.81931843329221 ], [ 541386.921323528047651, 5745275.491956202313304 ], [ 541384.557419222779572, 5745270.372407281771302 ], [ 541381.704736773623154, 5745265.509974919259548 ], [ 541378.390749583835714, 5745260.951486077159643 ], [ 541374.647373483632691, 5745256.740840488113463 ], [ 541370.510659351828508, 5745252.918587923049927 ], [ 541366.020445919362828, 5745249.521537714637816 ], [ 541361.219976107007824, 5745246.58240429777652 ], [ 541356.155480580520816, 5745244.129492196254432 ], [ 541350.875732544693165, 5745242.186423470266163 ], [ 541348.187274216325022, 5745241.344684776850045 ], [ 541346.614911733777262, 5745240.799392189830542 ], [ 541341.215993195422925, 5745239.219976252876222 ], [ 541335.688769360072911, 5745238.179083550348878 ], [ 541330.08646943140775, 5745237.686738061718643 ], [ 541324.463045581826009, 5745237.7476811632514 ], [ 541318.872653402970172, 5745238.361325958743691 ], [ 541313.369130397448316, 5745239.521762943826616 ], [ 541308.00547753542196, 5745241.217816898599267 ], [ 541302.833348861779086, 5745243.433154503814876 ], [ 541297.902554073603824, 5745246.146441609598696 ], [ 541293.260578853311017, 5745249.331548661924899 ], [ 541289.785189470392652, 5745252.256647239439189 ], [ 541289.825123570277356, 5745249.944688775576651 ], [ 541289.818565104273148, 5745249.863478359766304 ], [ 541289.819742343737744, 5745249.782010372728109 ], [ 541289.591495912871324, 5745247.051786320284009 ], [ 541289.370954655460082, 5745244.320925779640675 ], [ 541289.356493777828291, 5745244.240751412697136 ], [ 541289.349706187960692, 5745244.159559997729957 ], [ 541288.855824920465238, 5745241.464929834008217 ], [ 541288.369549599010497, 5745238.768908412195742 ], [ 541288.34732558997348, 5745238.690542210824788 ], [ 541288.332638554275036, 5745238.61040928773582 ], [ 541281.430654137977399, 5745209.160878259688616 ], [ 541281.24661011248827, 5745208.518812509253621 ], [ 541281.111003601108678, 5745207.864722972735763 ], [ 541281.041311675449833, 5745207.641265379264951 ], [ 541280.991928922245279, 5745207.412425958551466 ], [ 541280.405431372695602, 5745205.584231091663241 ], [ 541279.876360363443382, 5745203.73848495259881 ], [ 541279.6304749941919, 5745203.117609860375524 ], [ 541279.431619191425852, 5745202.480005630291998 ], [ 541279.340431837481447, 5745202.264477555640042 ], [ 541279.268930060905404, 5745202.041596399620175 ], [ 541278.506648525944911, 5745200.279880948364735 ], [ 541277.799802300403826, 5745198.495051495730877 ], [ 541277.494443690520711, 5745197.901346342638135 ], [ 541277.234253788250498, 5745197.286367819644511 ], [ 541277.122449219692498, 5745197.080844885669649 ], [ 541277.029517057584599, 5745196.866068439558148 ], [ 541276.098792980192229, 5745195.187798435799778 ], [ 541275.220979105914012, 5745193.481074295938015 ], [ 541274.859088104567491, 5745192.920256693847477 ], [ 541274.540069954236969, 5745192.333826358430088 ], [ 541245.752685572719201, 5745145.087265570648015 ], [ 541245.64262716693338, 5745144.92509198281914 ], [ 541245.547774456557818, 5745144.753521150909364 ], [ 541245.518409406184219, 5745144.710878942161798 ], [ 541245.493270451319404, 5745144.665599706582725 ], [ 541244.031355580431409, 5745142.550845797173679 ], [ 541242.58766252186615, 5745140.423529675230384 ], [ 541242.46229034056887, 5745140.272959999740124 ], [ 541242.351132555166259, 5745140.111543045379221 ], [ 541193.481739660375752, 5745076.105694565922022 ], [ 541191.929641316761263, 5745074.267253062687814 ], [ 541190.403980276547372, 5745072.406670704483986 ], [ 541190.112837046035565, 5745072.115269789472222 ], [ 541189.847037400584668, 5745071.800433162599802 ], [ 541188.122804361861199, 5745070.123475263826549 ], [ 541186.42271823855117, 5745068.421883284114301 ], [ 541186.104508242337033, 5745068.16051609069109 ], [ 541185.809230201411992, 5745067.873333804309368 ], [ 541183.929467769339681, 5745066.374009077437222 ], [ 541182.071329311700538, 5745064.847794287838042 ], [ 541181.729117080336437, 5745064.618977851234376 ], [ 541181.40720432146918, 5745064.362215546891093 ], [ 541179.390015547745861, 5745063.054962871596217 ], [ 541177.391719542210922, 5745061.718823110684752 ], [ 541177.028800730360672, 5745061.524760980159044 ], [ 541176.683353437809274, 5745061.300891352817416 ], [ 541174.548164786188863, 5745060.198299874551594 ], [ 541172.428955723997205, 5745059.065102488733828 ], [ 541172.048825405887328, 5745058.907663524150848 ], [ 541171.683170383563265, 5745058.71884248778224 ], [ 541169.450544635066763, 5745057.83153039123863 ], [ 541167.230831397813745, 5745056.912188320420682 ], [ 541166.837150377919897, 5745056.792888689786196 ], [ 541166.454809042159468, 5745056.640934634953737 ], [ 541164.146247305325232, 5745055.977446906268597 ], [ 541161.847406595246866, 5745055.280813604593277 ], [ 541161.443966173916124, 5745055.200802180916071 ], [ 541161.04862062248867, 5745055.087178459390998 ], [ 541158.686355224810541, 5745054.653904594480991 ], [ 541156.330525761470199, 5745054.186688791029155 ], [ 541155.921211223001592, 5745054.14673609379679 ], [ 541155.516668780357577, 5745054.072536920197308 ], [ 541153.12344918132294, 5745053.873649409972131 ], [ 541150.733318499755114, 5745053.64035049173981 ], [ 541150.322071700007655, 5745053.640841271728277 ], [ 541149.91222824936267, 5745053.606781204231083 ], [ 541147.511102043325081, 5745053.644195357337594 ], [ 541146.778028221335262, 5745053.645069921389222 ], [ 541144.717667750199325, 5745050.787073002196848 ], [ 541140.991174086462706, 5745046.561559756286442 ], [ 541136.869808637769893, 5745042.722851019352674 ], [ 541132.393262328230776, 5745039.307914605364203 ], [ 541127.604646463878453, 5745036.349637201987207 ], [ 541122.550077558495104, 5745033.876507696695626 ], [ 541117.278233224526048, 5745031.912342843599617 ], [ 541111.839883405831642, 5745030.476057938300073 ], [ 541106.287401466164738, 5745029.581484673544765 ], [ 541102.721901695942506, 5745029.362817593850195 ], [ 541102.683941947179846, 5745029.309391640126705 ], [ 541098.986538030090742, 5745025.058252369053662 ], [ 541094.891618677531369, 5745021.19118042010814 ], [ 541090.43862013774924, 5745017.745416752994061 ], [ 541085.670426953118294, 5745014.754144940525293 ], [ 541080.632958968635648, 5745012.246171616017818 ], [ 541075.374729117262177, 5745010.24564909376204 ], [ 541069.946376237203367, 5745008.771842796355486 ], [ 541064.400177423842251, 5745007.83894575573504 ], [ 541058.789544606464915, 5745007.455941937863827 ], [ 541053.168510201387107, 5745007.62651973310858 ], [ 541047.591206790180877, 5745008.349036447703838 ], [ 541043.549030717927963, 5745009.076526552438736 ], [ 541024.683265514788218, 5744853.055003232322633 ], [ 541023.732918466790579, 5744847.494212199002504 ], [ 541022.24387742287945, 5744842.053656729869545 ], [ 541020.230483568506315, 5744836.785731804557145 ], [ 541017.712127771228552, 5744831.741169719956815 ], [ 541014.713063805946149, 5744826.968551521189511 ], [ 541011.262174752540886, 5744822.513839178718626 ], [ 541007.392694819369353, 5744818.419932981021702 ], [ 541003.141889269347303, 5744814.726258436217904 ], [ 540998.550695533165708, 5744811.468386600725353 ], [ 540995.732499377336353, 5744809.859192007221282 ], [ 540995.665252847364172, 5744809.549926456063986 ], [ 540995.602443479467183, 5744809.355192353948951 ], [ 540995.557544839568436, 5744809.155534725636244 ], [ 540994.736911138403229, 5744806.671696248464286 ], [ 540993.93390807590913, 5744804.182065077126026 ], [ 540993.852376326336525, 5744803.994445343501866 ], [ 540993.788188040722162, 5744803.800164491869509 ], [ 540992.7288438413525, 5744801.408987446688116 ], [ 540991.686479493277147, 5744799.010311769321561 ], [ 540991.58701058733277, 5744798.831613263115287 ], [ 540991.504150851396844, 5744798.644580190069973 ], [ 540990.216298538492993, 5744796.369092531502247 ], [ 540988.944611782790162, 5744794.084472569637001 ], [ 540988.828163680736907, 5744793.916416223160923 ], [ 540988.72743050463032, 5744793.738432129845023 ], [ 540987.223473083577119, 5744791.600547678768635 ], [ 540985.734711182652973, 5744789.451985107734799 ], [ 540985.602405356825329, 5744789.2961893575266 ], [ 540985.573629745165817, 5744789.255284630693495 ], [ 540975.829985953285359, 5744668.327891087159514 ], [ 540978.335262779728509, 5744663.299816232174635 ], [ 540980.344550515990704, 5744658.030435245484114 ], [ 540981.829359064460732, 5744652.588840455748141 ], [ 540982.77538981474936, 5744647.027437938377261 ], [ 540983.173532968503423, 5744641.399787381291389 ], [ 540983.019955233321525, 5744635.760086297057569 ], [ 540973.351308754878119, 5744509.040764772333205 ], [ 540977.0959395916434, 5744505.697750574909151 ], [ 540980.910237757139839, 5744501.552322034724057 ], [ 540984.301170258782804, 5744497.051763343624771 ], [ 540987.236080850474536, 5744492.239418355748057 ], [ 540989.686705218628049, 5744487.161633526906371 ], [ 540991.629443165031262, 5744481.867311524227262 ], [ 540993.045585863757879, 5744476.40744024887681 ], [ 540993.921496007475071, 5744470.834601758979261 ], [ 540994.248739105532877, 5744465.202465857379138 ], [ 540994.024164675502107, 5744459.565273218788207 ], [ 540985.813538231770508, 5744367.288784404285252 ], [ 541000.922665891586803, 5744366.128772739320993 ], [ 541006.501661600428633, 5744365.422804474830627 ], [ 541011.984820664161816, 5744364.17160225007683 ], [ 541017.319336312822998, 5744362.387216283939779 ], [ 541022.45383340108674, 5744360.086831820197403 ], [ 541027.338863211567514, 5744357.292603610083461 ], [ 541031.927379699773155, 5744354.03144249971956 ], [ 541036.17519259348046, 5744350.334756245836616 ], [ 541040.041392983868718, 5744346.238147005438805 ], [ 541043.488747304771096, 5744341.781068421900272 ], [ 541046.484055911540054, 5744337.006445618346334 ], [ 541048.998472801409662, 5744331.960261763073504 ], [ 541051.007783397333696, 5744326.691115222871304 ], [ 541052.49263772519771, 5744321.249751454219222 ], [ 541053.438736733631231, 5744315.688574301078916 ], [ 541053.836969966534525, 5744310.061141296289861 ], [ 541053.683503264095634, 5744304.42164783924818 ], [ 541052.979815647006035, 5744298.824405279010534 ], [ 541051.73268503358122, 5744293.323317859321833 ], [ 541050.129156346316449, 5744288.498065004125237 ], [ 541050.517142934142612, 5744286.329064628109336 ], [ 541050.533293845830485, 5744286.125413335859776 ], [ 541050.567839141818695, 5744285.924079793505371 ], [ 541050.756260512047447, 5744283.313964772038162 ], [ 541050.963148296927102, 5744280.705258469097316 ], [ 541050.959325345116667, 5744280.500999685376883 ], [ 541050.974034628598019, 5744280.297238613478839 ], [ 541050.906548706581816, 5744277.681164590641856 ], [ 541050.857577970367856, 5744275.064676554873586 ], [ 541050.833818010287359, 5744274.861777405254543 ], [ 541050.828549661207944, 5744274.657551137730479 ], [ 541049.564924023812637, 5744257.777258397080004 ], [ 541050.080168004264124, 5744257.327608520165086 ], [ 541053.940672563621774, 5744253.225677602924407 ], [ 541057.381838598637842, 5744248.763863064348698 ], [ 541060.370526064070873, 5744243.985135644674301 ], [ 541062.877952724811621, 5744238.935518044047058 ], [ 541064.879971326095983, 5744233.663641686551273 ], [ 541066.357302121585235, 5744228.220278322696686 ], [ 541067.148148378008045, 5744223.532567645423114 ], [ 541070.645641983021051, 5744221.907116428948939 ], [ 541075.491670079063624, 5744219.045519672334194 ], [ 541080.034790955600329, 5744215.721149825491011 ], [ 541084.231251552817412, 5744211.966023398563266 ], [ 541088.040637540980242, 5744207.816305353306234 ], [ 541091.426262537483126, 5744203.311960798688233 ], [ 541094.355521412566304, 5744198.496370044536889 ], [ 541096.800204283907078, 5744193.415910801850259 ], [ 541098.736768174916506, 5744188.119511498138309 ], [ 541100.146563721238635, 5744182.65818003192544 ], [ 541101.016014742548577, 5744177.084512525238097 ], [ 541101.336748954257928, 5744171.452186763286591 ], [ 541101.141446243738756, 5744166.687963998876512 ], [ 541104.655451471102424, 5744165.887018315494061 ], [ 541109.990286311251111, 5744164.103994181379676 ], [ 541115.125234127161093, 5744161.804933531209826 ], [ 541120.010841860901564, 5744159.011978349648416 ], [ 541124.600057901465334, 5744155.752027241513133 ], [ 541128.848685239208862, 5744152.056476302444935 ], [ 541132.715807121014223, 5744147.960916760377586 ], [ 541136.164181106491014, 5744143.504792141728103 ], [ 541138.840623391675763, 5744139.240789154544473 ], [ 541140.21515906532295, 5744138.687192212790251 ], [ 541145.202987435273826, 5744136.082478288561106 ], [ 541149.912322580232285, 5744132.999809519387782 ], [ 541154.29781060339883, 5744129.468874649144709 ], [ 541158.317216629860923, 5744125.523679547943175 ], [ 541161.931831558817066, 5744121.202219650149345 ], [ 541165.106844855821691, 5744116.546114014461637 ], [ 541167.811679789214395, 5744111.60020446870476 ], [ 541170.020287886378355, 5744106.412123715505004 ], [ 541171.711399772786535, 5744101.031836572103202 ], [ 541172.868729980313219, 5744095.511158742941916 ], [ 541173.481133751571178, 5744089.903257803991437 ], [ 541173.542714332579635, 5744084.262141129933298 ], [ 541173.052879722672515, 5744078.642135787755251 ], [ 541172.016348335309885, 5744073.097365312278271 ], [ 541170.443103517172858, 5744067.681228496134281 ], [ 541168.348297365009785, 5744062.445885129272938 ], [ 541165.752104768762365, 5744057.441753700375557 ], [ 541162.679529087501578, 5744052.717025870457292 ], [ 541162.02393736387603, 5744051.89742215257138 ], [ 541162.348658975795843, 5744051.345353154465556 ], [ 541162.675724870176055, 5744050.639106459915638 ], [ 541163.051970508066006, 5744049.95795417856425 ], [ 541163.85981435701251, 5744048.082253262400627 ], [ 541164.717978502274491, 5744046.229183512739837 ], [ 541164.974471092340536, 5744045.494174767285585 ], [ 541165.282358237192966, 5744044.779303320683539 ], [ 541165.903061264660209, 5744042.833193238824606 ], [ 541166.576053284225054, 5744040.904656930826604 ], [ 541166.759502516593784, 5744040.147964767180383 ], [ 541166.996066150255501, 5744039.406258853152394 ], [ 541167.423650951473974, 5744037.40848193783313 ], [ 541167.904989869566634, 5744035.423052164725959 ], [ 541167.997497722739354, 5744034.766459945589304 ], [ 541168.710871486808173, 5744034.181553347967565 ], [ 541169.974932291312143, 5744033.233219496905804 ], [ 541170.886561861610971, 5744032.397669294849038 ], [ 541171.842663565766998, 5744031.613745614886284 ], [ 541172.961050958256237, 5744030.496304491534829 ], [ 541174.126374766579829, 5744029.428231153637171 ], [ 541174.951983214356005, 5744028.507056057453156 ], [ 541175.826893397490494, 5744027.632885541766882 ], [ 541176.830724008847028, 5744026.410844747908413 ], [ 541177.88608811062295, 5744025.233318333514035 ], [ 541178.606152801658027, 5744024.251173274591565 ], [ 541182.574377572862431, 5744026.752612061798573 ], [ 541187.605857362039387, 5744029.271245921030641 ], [ 541192.859174209996127, 5744031.282961005344987 ], [ 541198.283735017757863, 5744032.768382696434855 ], [ 541203.827297391020693, 5744033.713205034844577 ], [ 541209.43647279869765, 5744034.108328520320356 ], [ 541215.057240771362558, 5744033.949947747401893 ], [ 541220.635469188098796, 5744033.239588065072894 ], [ 541226.117435638909228, 5744031.984090897254646 ], [ 541231.450344840530306, 5744030.195547820068896 ], [ 541236.582837119349279, 5744027.891184114851058 ], [ 541241.465483066858724, 5744025.093192853033543 ], [ 541246.051259597414173, 5744021.828521125018597 ], [ 541250.296002828516066, 5744018.128610506653786 ], [ 541254.158833415014669, 5744014.029094190336764 ], [ 541257.602550245705061, 5744009.569453820586205 ], [ 541260.593988708453253, 5744004.792639194056392 ], [ 541263.104340073186904, 5743999.744654595851898 ], [ 541265.10942891810555, 5743994.474115715362132 ], [ 541266.589945927378722, 5743989.031781431287527 ], [ 541267.531633821548894, 5743983.470064929686487 ], [ 541267.925424625864252, 5743977.842528929933906 ], [ 541267.767526963958517, 5743972.203369825147092 ], [ 541264.48187842045445, 5743929.572846786119044 ], [ 541264.576296223676763, 5743929.515701081603765 ], [ 541266.630568687804043, 5743928.314599558711052 ], [ 541266.982869720552117, 5743928.059139125980437 ], [ 541267.355070917634293, 5743927.833866845816374 ], [ 541269.260772020206787, 5743926.40738667640835 ], [ 541271.187807364272885, 5743925.010054159909487 ], [ 541271.513454026309773, 5743924.72117901686579 ], [ 541271.86185433214996, 5743924.46038968116045 ], [ 541273.619014927651733, 5743922.853374288417399 ], [ 541275.400254640029743, 5743921.273268270306289 ], [ 541275.696110771503299, 5743920.953760514967144 ], [ 541276.017354872194119, 5743920.65996575076133 ], [ 541277.609052479383536, 5743918.887892020866275 ], [ 541279.227342216297984, 5743917.140230222605169 ], [ 541279.490558559424244, 5743916.793166981078684 ], [ 541279.781552698463202, 5743916.469196266494691 ], [ 541281.192458429955877, 5743914.549130682833493 ], [ 541282.632213224773295, 5743912.650744487531483 ], [ 541282.860254883533344, 5743912.279468235559762 ], [ 541283.118196637486108, 5743911.928441680967808 ], [ 541284.33472281426657, 5743909.878875964321196 ], [ 541285.582077177590691, 5743907.848048281855881 ], [ 541285.772748019197024, 5743907.45613469183445 ], [ 541285.99515329580754, 5743907.081432941369712 ], [ 541287.0055843135342, 5743904.922105922363698 ], [ 541288.048525746446103, 5743902.778395134955645 ], [ 541288.1999895516783, 5743902.369618616066873 ], [ 541288.38471651065629, 5743901.974850322119892 ], [ 541289.179321646341123, 5743899.726557846181095 ], [ 541290.007806331617758, 5743897.490609411150217 ], [ 541290.118604480987415, 5743897.068906762637198 ], [ 541290.263874155119993, 5743896.6578738251701 ], [ 541290.83500126155559, 5743894.342268472537398 ], [ 541291.441050788504072, 5743892.035616067238152 ], [ 541291.510116304736584, 5743891.605048560537398 ], [ 541291.614529732847586, 5743891.181709494441748 ], [ 541291.956678932183422, 5743888.821092032827437 ], [ 541292.334457106771879, 5743886.465950191020966 ], [ 541292.36112492706161, 5743886.030664447695017 ], [ 541292.423676624894142, 5743885.599096280522645 ], [ 541292.533553259563632, 5743883.216200877912343 ], [ 541292.679422296001576, 5743880.83525103610009 ], [ 541292.66343567497097, 5743880.399439120665193 ], [ 541292.68352331512142, 5743879.963798104785383 ], [ 541292.560069654835388, 5743877.581573393195868 ], [ 541292.472625199472532, 5743875.197745446115732 ], [ 541292.414138178690337, 5743874.765604458749294 ], [ 541292.391568387509324, 5743874.330086059868336 ], [ 541291.035160355619155, 5743860.906567397527397 ], [ 541352.997594873071648, 5743855.924619350582361 ], [ 541358.573701615212485, 5743855.198570189997554 ], [ 541364.052023786585778, 5743853.927667670883238 ], [ 541369.379801202565432, 5743852.124151737429202 ], [ 541374.505723615759052, 5743849.805391868576407 ], [ 541379.380424892879091, 5743846.993719789199531 ], [ 541383.956958465510979, 5743843.716214350424707 ], [ 541388.191249470924959, 5743840.004440706223249 ], [ 541392.042519230628386, 5743835.894146317616105 ], [ 541395.473677976755425, 5743831.424916621297598 ], [ 541398.451682043960318, 5743826.63979375641793 ], [ 541400.947852087789215, 5743821.584862028248608 ], [ 541402.93814926489722, 5743816.308804018422961 ], [ 541404.40340671595186, 5743810.862431756220758 ], [ 541405.329514121403918, 5743805.298197314143181 ], [ 541405.707553557818756, 5743799.669687651097775 ], [ 541405.533885343349539, 5743794.031108533963561 ], [ 541404.810183050460182, 5743788.436762501485646 ], [ 541404.024114897358231, 5743785.026174412108958 ], [ 541404.101862293318845, 5743784.515991009771824 ], [ 541404.402770669781603, 5743778.8828139398247 ], [ 541404.151886918465607, 5743773.247174837626517 ], [ 541403.351628237520345, 5743767.663347906433046 ], [ 541402.009702566661872, 5743762.18510814756155 ], [ 541400.139034318039194, 5743756.865213518962264 ], [ 541397.757639870163985, 5743751.754896850325167 ], [ 541394.888454029918648, 5743746.903372477740049 ], [ 541391.559109129942954, 5743742.357362307608128 ], [ 541387.801668897154741, 5743738.160645897500217 ], [ 541383.652319647488184, 5743734.353638867847621 ], [ 541379.151021788478829, 5743730.97300373390317 ], [ 541374.341124982107431, 5743728.051296842284501 ], [ 541369.948959217057563, 5743725.943058979697526 ], [ 541371.06072792748455, 5743725.305677426047623 ], [ 541375.645723685738631, 5743722.040232614614069 ], [ 541379.889614446205087, 5743718.339629308320582 ], [ 541383.751529074041173, 5743714.239507391117513 ], [ 541387.194275279762223, 5743709.779354322701693 ], [ 541390.184697799151763, 5743705.002124845981598 ], [ 541392.693997686496004, 5743699.953827233053744 ], [ 541394.068778183311224, 5743696.338020745664835 ], [ 541396.255775452475064, 5743696.682957108132541 ], [ 541401.869169832556508, 5743697.008581425063312 ], [ 541407.487346519017592, 5743696.780621125362813 ], [ 541413.056198348291218, 5743696.001271665096283 ], [ 541416.657517203595489, 5743695.129432561807334 ], [ 541416.764761717407964, 5743695.186860216781497 ], [ 541421.849139582947828, 5743697.595698459073901 ], [ 541427.144372936803848, 5743699.49294447619468 ], [ 541432.599464971804991, 5743700.860326084308326 ], [ 541438.16187923878897, 5743701.684674153104424 ], [ 541443.778045638930053, 5743701.958049454726279 ], [ 541449.393876370042562, 5743701.677819138392806 ], [ 541454.955286863376386, 5743700.846682074479759 ], [ 541456.318701875978149, 5743700.503158114850521 ], [ 541456.406655034865253, 5743700.511483156122267 ], [ 541462.029379277490079, 5743700.488299223594368 ], [ 541467.622763014165685, 5743699.912292832508683 ], [ 541473.132937869522721, 5743698.78901145607233 ], [ 541478.506836876855232, 5743697.129273314960301 ], [ 541483.692705579451285, 5743694.949063192121685 ], [ 541488.64060048724059, 5743692.269378455355763 ], [ 541493.302870089537464, 5743689.116026809439063 ], [ 541497.634613785427064, 5743685.519377736374736 ], [ 541501.594114318257198, 5743681.514069963246584 ], [ 541505.143239542027004, 5743677.138677854090929 ], [ 541508.247809655149467, 5743672.435339856892824 ], [ 541510.87792636139784, 5743667.449352659285069 ], [ 541572.509568141191266, 5743535.307330040261149 ], [ 541589.93102602835279, 5743536.598092502914369 ], [ 541589.716783195384778, 5743667.520655454136431 ], [ 541589.983458067057654, 5743673.155497371219099 ], [ 541590.799355608178303, 5743678.736985037103295 ], [ 541592.156619289657101, 5743684.211365377530456 ], [ 541594.042178851203062, 5743689.525916623882949 ], [ 541596.437876140931621, 5743694.629456067457795 ], [ 541599.320639955811203, 5743699.472833031788468 ], [ 541602.662708204356022, 5743704.009402210824192 ], [ 541606.431895251502283, 5743708.195472960360348 ], [ 541610.591901872656308, 5743711.990730084478855 ], [ 541615.10266482969746, 5743715.358622129075229 ], [ 541619.920742707210593, 5743718.266713441349566 ], [ 541624.99973428726662, 5743720.68699658755213 ], [ 541630.290725438506342, 5743722.596162096597254 ], [ 541635.742760210763663, 5743723.975822987034917 ], [ 541641.303331600967795, 5743724.812691871076822 ], [ 541646.918887258972973, 5743725.098708938807249 ], [ 541652.535345265292563, 5743724.831119582056999 ], [ 541658.098615009104833, 5743724.012500927783549 ], [ 541663.555118152406067, 5743722.650737027637661 ], [ 541668.852304655243643, 5743720.758942907676101 ], [ 541673.939158898894675, 5743718.355338237248361 ], [ 541678.766691024997272, 5743715.463071865960956 ], [ 541683.288408759748563, 5743712.109998822212219 ], [ 541687.460765180643648, 5743708.328412046656013 ], [ 541691.243578107329085, 5743704.154731328599155 ], [ 541694.600417083711363, 5743699.629152545705438 ], [ 541697.498954217880964, 5743694.795260513201356 ], [ 541699.911275506950915, 5743689.69960917532444 ], [ 541701.814149644225836, 5743684.391273260116577 ], [ 541703.189251724048518, 5743678.921375619247556 ], [ 541704.023339690058492, 5743673.34259485732764 ], [ 541704.308381827082485, 5743667.708657982759178 ], [ 541704.401429995545186, 5743610.39258083794266 ], [ 541708.679174469783902, 5743610.219405735842884 ], [ 541714.248043324565515, 5743609.440579647198319 ], [ 541719.714006275637075, 5743608.117866022512317 ], [ 541725.024422173621133, 5743606.264003803022206 ], [ 541730.1281479842728, 5743603.896847340278327 ], [ 541734.976031354628503, 5743601.039194455370307 ], [ 541739.521384005085565, 5743597.718566827476025 ], [ 541743.720431380905211, 5743593.966944919899106 ], [ 541747.532734238659032, 5743589.820459946990013 ], [ 541750.921578102861531, 5743585.319045878015459 ], [ 541753.854326842818409, 5743580.506054805591702 ], [ 541756.302736965939403, 5743575.42783940397203 ], [ 541758.243229598389007, 5743570.13330648560077 ], [ 541759.657117538270541, 5743564.673445981927216 ], [ 541760.530785192968324, 5743559.100839852355421 ], [ 541760.855819668620825, 5743553.46915565803647 ], [ 541760.629091752693057, 5743547.832629721611738 ], [ 541760.592882162774913, 5743547.572028798051178 ], [ 541816.975583447958343, 5743551.992504904046655 ], [ 541818.222405287669972, 5743552.028661124408245 ], [ 541819.465397590538487, 5743552.133087203837931 ], [ 541821.030898457043804, 5743552.110103136859834 ], [ 541822.595913357450627, 5743552.155485790222883 ], [ 541823.840263723162934, 5743552.068856448866427 ], [ 541825.08747274603229, 5743552.050544817000628 ], [ 541826.643189692171291, 5743551.873721336014569 ], [ 541828.109805507701822, 5743551.771617585793138 ], [ 541829.421552533865906, 5743552.040856217034161 ], [ 541835.014070352888666, 5743552.624350842088461 ], [ 541855.745949291158468, 5743553.759745022282004 ], [ 541859.988241680781357, 5743709.197881103493273 ], [ 541860.417756226030178, 5743714.822614900767803 ], [ 541861.394722010241821, 5743720.378029649145901 ], [ 541862.909731309395283, 5743725.810623311437666 ], [ 541864.948194656986743, 5743731.068076490424573 ], [ 541867.49048131366726, 5743736.099756326526403 ], [ 541870.512108292430639, 5743740.857204142957926 ], [ 541873.983976118848659, 5743745.294602159410715 ], [ 541877.872649058233947, 5743749.369214785285294 ], [ 541882.140677110524848, 5743753.041800218634307 ], [ 541886.746956671355292, 5743756.276988412253559 ], [ 541891.647126390133053, 5743759.043621746823192 ], [ 541896.793994406471029, 5743761.315055125392973 ], [ 541902.137992855394259, 5743763.069412628188729 ], [ 541907.627655260264874, 5743764.289798211306334 ], [ 541913.210112215601839, 5743764.96445844694972 ], [ 541918.831600584788248, 5743765.086895736865699 ], [ 541919.503586164093576, 5743765.035240117460489 ], [ 541921.749648474971764, 5743765.540801672264934 ], [ 541927.330310395103879, 5743766.230254597961903 ], [ 541932.951457589864731, 5743766.367589870467782 ], [ 541938.558954286039807, 5743765.951484825462103 ], [ 541944.098796182428487, 5743764.98594694212079 ], [ 541949.517630580696277, 5743763.480275228619576 ], [ 541954.763270239112899, 5743761.448970669880509 ], [ 541955.511125281802379, 5743761.07111026905477 ], [ 541956.374571890104562, 5743761.728194469586015 ], [ 541961.165942463674583, 5743764.680423733778298 ], [ 541966.222667527152225, 5743767.147258721292019 ], [ 541971.496047402615659, 5743769.104941627010703 ], [ 541976.935295759001747, 5743770.534618213772774 ], [ 541982.48802874237299, 5743771.422519392333925 ], [ 541988.100769496522844, 5743771.760093867778778 ], [ 541992.871548733208328, 5743771.576687681488693 ], [ 541995.720923072309233, 5743772.291475545614958 ], [ 542001.283230840461329, 5743773.116858941502869 ], [ 542006.899392408435233, 5743773.391275091096759 ], [ 542012.515320020378567, 5743773.112081110477448 ], [ 542018.076928174705245, 5743772.281965893693268 ], [ 542023.530654535745271, 5743770.90892421733588 ], [ 542028.823975808103569, 5743769.006179713644087 ], [ 542033.905913600232452, 5743766.592057526111603 ], [ 542038.727525404305197, 5743763.689807786606252 ], [ 542043.242375967325643, 5743760.327381673268974 ], [ 542047.406984505127184, 5743756.5371622024104 ], [ 542051.181243458064273, 5743752.355652305297554 ], [ 542054.464873463730328, 5743747.9096849411726 ], [ 542055.532478795037605, 5743749.748525544069707 ], [ 542058.825192618882284, 5743754.321317713707685 ], [ 542062.548801770550199, 5743758.548290564678609 ], [ 542066.667445987695828, 5743762.388734985142946 ], [ 542071.141460397746414, 5743765.805664351209998 ], [ 542075.927757515804842, 5743768.766170744784176 ], [ 542080.980242210673168, 5743771.241741930134594 ], [ 542086.250255644321442, 5743773.208535970188677 ], [ 542091.687043908750638, 5743774.6476108757779 ], [ 542097.23824684380088, 5743775.545107049867511 ], [ 542102.850402329582721, 5743775.892380779609084 ], [ 542108.469461194821633, 5743775.686087502166629 ], [ 542114.041307779378258, 5743774.92821400705725 ], [ 542119.512281138682738, 5743773.626059320755303 ], [ 542124.829691866412759, 5743771.792164365760982 ], [ 542129.942329559358768, 5743769.444191213697195 ], [ 542134.800956032588147, 5743766.604752916842699 ], [ 542139.358779536909424, 5743763.301195740699768 ], [ 542143.571905409451574, 5743759.565335747785866 ], [ 542147.399758815183304, 5743755.433152358047664 ], [ 542150.805475510773249, 5743750.944441806524992 ], [ 542153.756256862892769, 5743746.142433848232031 ], [ 542156.223685708129779, 5743741.073375379666686 ], [ 542158.184000005596317, 5743735.786085045896471 ], [ 542159.618321655201726, 5743730.331483028829098 ], [ 542160.512838272377849, 5743724.762100643478334 ], [ 542160.858936174074188, 5743719.131574426777661 ], [ 542160.907873461488634, 5743715.205301785841584 ], [ 542162.451555383508094, 5743713.546973828226328 ], [ 542162.758107729372568, 5743718.434234554879367 ], [ 542163.65959469450172, 5743724.00248147174716 ], [ 542165.100742201902904, 5743729.455268033780158 ], [ 542167.067672129487619, 5743734.740080401301384 ], [ 542169.541442662710324, 5743739.806022255681455 ], [ 542172.498230685247108, 5743744.60430496931076 ], [ 542175.90956118342001, 5743749.088717518374324 ], [ 542179.74258145771455, 5743753.216071533970535 ], [ 542183.960377501905896, 5743756.946617294102907 ], [ 542188.522329502389766, 5743760.244426563382149 ], [ 542193.384503033943474, 5743763.077738624066114 ], [ 542198.500072184717283, 5743765.419266223907471 ], [ 542203.819770536967553, 5743767.246458373963833 ], [ 542209.292365654255264, 5743768.541717570275068 ], [ 542214.865152510581538, 5743769.292569284327328 ], [ 542220.484461105777882, 5743769.491782129742205 ], [ 542226.096173374098726, 5743769.137437498196959 ], [ 542231.646244412986562, 5743768.232948058284819 ], [ 542232.586868435959332, 5743767.982704444788396 ], [ 542234.468441155506298, 5743768.202968318015337 ], [ 542240.090347165358253, 5743768.304396362043917 ], [ 542245.695090955821797, 5743767.852482374757528 ], [ 542251.228694739984348, 5743766.851578706875443 ], [ 542256.637865900527686, 5743765.311324975453317 ], [ 542261.870510265231133, 5743763.246555221267045 ], [ 542266.876233836403117, 5743760.677155023440719 ], [ 542271.606828143005259, 5743757.627869963645935 ], [ 542276.016734537552111, 5743754.128067279234529 ], [ 542276.160896111861803, 5743753.98854167573154 ], [ 542276.91309452673886, 5743754.817791813053191 ], [ 542281.086989207309671, 5743758.597713778726757 ], [ 542285.610075159929693, 5743761.948978764936328 ], [ 542290.438792283763178, 5743764.839311251416802 ], [ 542295.526636893046089, 5743767.240874827839434 ], [ 542300.824609590345062, 5743769.130540311336517 ], [ 542306.281687185168266, 5743770.490108529105783 ], [ 542311.84531410492491, 5743771.306485596112907 ], [ 542317.461908571072854, 5743771.571809055283666 ], [ 542323.077378659159876, 5743771.283523600548506 ], [ 542328.637643273570575, 5743770.444405684247613 ], [ 542329.965587563812733, 5743770.107793776318431 ], [ 542330.687042803503573, 5743770.507797110825777 ], [ 542335.85125116573181, 5743772.739280917681754 ], [ 542341.20860347582493, 5743774.452175963670015 ], [ 542346.707504642196, 5743775.629985520616174 ], [ 542352.294996278709732, 5743776.26136620528996 ], [ 542357.917266758158803, 5743776.340237251482904 ], [ 542363.520169488736428, 5743775.865839052945375 ], [ 542369.049744415329769, 5743774.842740497551858 ], [ 542465.981156434980221, 5743751.922401361167431 ], [ 542465.286030580522493, 5743798.422951406799257 ], [ 542405.77958115353249, 5743798.003264308907092 ], [ 542400.161718562594615, 5743798.240432679653168 ], [ 542394.594077280256897, 5743799.028907916508615 ], [ 542389.130275722593069, 5743800.361096861772239 ], [ 542383.82293234881945, 5743802.22417030017823 ], [ 542378.723158952663653, 5743804.60018646158278 ], [ 542373.880068459431641, 5743807.466263826936483 ], [ 542369.340301968040876, 5743810.79480142518878 ], [ 542365.147579591488466, 5743814.553744616918266 ], [ 542361.342279420117848, 5743818.706893784925342 ], [ 542357.961048662895337, 5743823.214252869598567 ], [ 542355.036450712825172, 5743828.03241456206888 ], [ 542352.59665153012611, 5743833.114978260360658 ], [ 542350.665148372296244, 5743838.412996929138899 ], [ 542349.260543476091698, 5743843.875448426231742 ], [ 542348.396364877000451, 5743849.449726873077452 ], [ 542348.080936091835611, 5743855.082149235531688 ], [ 542348.317295920220204, 5743860.718472333624959 ], [ 542349.103169137844816, 5743866.304415197111666 ], [ 542350.430988369276747, 5743871.786181855015457 ], [ 542352.287966926232912, 5743877.110979416407645 ], [ 542354.656221914337948, 5743882.227526508271694 ], [ 542357.512946423375979, 5743887.086547181010246 ], [ 542360.830629145377316, 5743891.641245488077402 ], [ 542364.577319301781245, 5743895.847756191156805 ], [ 542368.716934336349368, 5743899.665567239746451 ], [ 542373.209607405005954, 5743903.057909983210266 ], [ 542378.01207131834235, 5743905.992113286629319 ], [ 542383.078075239667669, 5743908.439918235875666 ], [ 542388.358830124372616, 5743910.377750301733613 ], [ 542393.803478611051105, 5743911.786946429871023 ], [ 542399.359584835474379, 5743912.653934774920344 ], [ 542404.973639452829957, 5743912.970365447923541 ], [ 542469.546767685678788, 5743913.42577404808253 ], [ 542471.76461986429058, 5743917.372777708806098 ], [ 542474.992775953374803, 5743921.991800426505506 ], [ 542478.656654845923185, 5743926.271129860542715 ], [ 542482.720971544040367, 5743930.169552688486874 ], [ 542487.146584408823401, 5743933.649523913860321 ], [ 542491.890872117131948, 5743936.677528488449752 ], [ 542496.908144138520584, 5743939.224404114298522 ], [ 542502.150080775725655, 5743941.265622145496309 ], [ 542503.458691518637352, 5743941.631885786540806 ], [ 542541.051047054701485, 5744081.691317891702056 ], [ 542542.777815058943816, 5744087.060180170461535 ], [ 542545.020791433751583, 5744092.233384663239121 ], [ 542547.758375809178688, 5744097.16110981348902 ], [ 542550.964204305550084, 5744101.795898037962615 ], [ 542554.607403411180712, 5744106.093112800270319 ], [ 542558.652887296047993, 5744110.011368540115654 ], [ 542563.061695702024736, 5744113.512929251417518 ], [ 542567.79136915167328, 5744116.564071968197823 ], [ 542572.79635786707513, 5744119.135411557741463 ], [ 542578.028460454079323, 5744121.202183759771287 ], [ 542580.427766748238355, 5744121.886334301903844 ], [ 542580.652486316976137, 5744122.198270530439913 ], [ 542581.703413639450446, 5744123.390732554718852 ], [ 542582.702520874096081, 5744124.627218349836767 ], [ 542583.564657765673473, 5744125.502640911377966 ], [ 542584.377182299853303, 5744126.424592420458794 ], [ 542585.539549870416522, 5744127.507965784519911 ], [ 542586.654647872550413, 5744128.640246868133545 ], [ 542587.598160114721395, 5744129.426672687754035 ], [ 542588.496844630339183, 5744130.264282241463661 ], [ 542589.759458220447414, 5744131.228133184835315 ], [ 542590.979807961615734, 5744132.24530475307256 ], [ 542591.995608972618356, 5744132.935159889049828 ], [ 542592.971798630314879, 5744133.680360623635352 ], [ 542594.322498496505432, 5744134.515406428836286 ], [ 542595.636347291991115, 5744135.407672292552888 ], [ 542596.714654297451489, 5744135.994312861002982 ], [ 542597.758947765338235, 5744136.639927851036191 ], [ 542599.184725792729296, 5744137.338126298040152 ], [ 542600.579420452588238, 5744138.096893180161715 ], [ 542601.709848641068675, 5744138.574669304303825 ], [ 542602.812188698211685, 5744139.114480732940137 ], [ 542604.299313709139824, 5744139.669107560999691 ], [ 542605.76142237149179, 5744140.287067859433591 ], [ 542649.65493067225907, 5744156.342826331965625 ], [ 542655.025973192416131, 5744158.012837586924434 ], [ 542660.534309033304453, 5744159.146623702719808 ], [ 542666.126888940576464, 5744159.733265277929604 ], [ 542671.749852280714549, 5744159.767112417146564 ], [ 542677.349045788752846, 5744159.247839144431055 ], [ 542678.402571780141443, 5744159.044176287949085 ], [ 542678.851390899391845, 5744327.42815092112869 ], [ 542679.142325446940958, 5744333.062204461544752 ], [ 542679.982289122417569, 5744338.640521894209087 ], [ 542681.363193623838015, 5744344.109380663372576 ], [ 542683.271741012693383, 5744349.416112168692052 ], [ 542685.689551746239886, 5744354.509609007276595 ], [ 542688.593341649509966, 5744359.340817205607891 ], [ 542691.955146130989306, 5744363.863208656199276 ], [ 542695.742589476052672, 5744368.03322923835367 ], [ 542699.919196632574312, 5744371.810718333348632 ], [ 542704.444744481588714, 5744375.159295605495572 ], [ 542709.275649212067947, 5744378.046711410395801 ], [ 542714.365386068471707, 5744380.445157440379262 ], [ 542719.664937429246493, 5744382.331534530036151 ], [ 542725.123264899244532, 5744383.687675171531737 ], [ 542730.687800868414342, 5744384.500518500804901 ], [ 542736.304954802966677, 5744384.76223608572036 ], [ 542741.920629389816895, 5744384.470307355746627 ], [ 542742.689521249849349, 5744384.353764236904681 ], [ 542746.065250466344878, 5744384.884500092826784 ], [ 542751.679240230005234, 5744385.207408367656171 ], [ 542757.297744096489623, 5744384.976686830632389 ], [ 542762.866651751683094, 5744384.194557536393404 ], [ 542768.332330556469969, 5744382.86855310946703 ], [ 542773.642142098513432, 5744381.011444183066487 ], [ 542774.196036530775018, 5744380.754152372479439 ], [ 542778.374774380587041, 5744383.829178249463439 ], [ 542783.213212448754348, 5744386.70388025790453 ], [ 542788.309204260120168, 5744389.088932877406478 ], [ 542793.613671950181015, 5744390.961365933530033 ], [ 542799.075529773370363, 5744392.303146223537624 ], [ 542804.642176118330099, 5744393.101351172663271 ], [ 542810.260000124922954, 5744393.34829334076494 ], [ 542812.042211425607093, 5744393.250945170409977 ], [ 542815.355482634855434, 5744394.342484643682837 ], [ 542820.844265664345585, 5744395.568703844211996 ], [ 542826.426417467067949, 5744396.249256329610944 ], [ 542832.048177845892496, 5744396.377587761729956 ], [ 542836.162858718656935, 5744396.065623585134745 ], [ 542836.611155969207175, 5744396.80296035669744 ], [ 542839.995898177963682, 5744401.308127033524215 ], [ 542843.804486010456458, 5744405.458750103600323 ], [ 542848.00024077121634, 5744409.214855742640793 ], [ 542852.542754928465001, 5744412.540269553661346 ], [ 542857.388281266088597, 5744415.402964976616204 ], [ 542862.490154204657301, 5744417.775371775962412 ], [ 542867.799239238258451, 5744419.634641564451158 ], [ 542873.264406149508432, 5744420.962867906317115 ], [ 542878.833021456492133, 5744421.747258768416941 ], [ 542957.265313691576011, 5744428.879829309880733 ], [ 542966.577221000334248, 5744430.082012598402798 ], [ 542889.152596446801908, 5744513.336396105587482 ], [ 542885.522744745831005, 5744517.64530873298645 ], [ 542882.331335514318198, 5744522.290428003296256 ], [ 542879.609104142873548, 5744527.227019857615232 ], [ 542877.382267767912708, 5744532.407543112523854 ], [ 542875.672272764495574, 5744537.782107262872159 ], [ 542874.495588179095648, 5744543.298952931538224 ], [ 542873.863547089626081, 5744548.904950309544802 ], [ 542873.782237424748018, 5744554.546110811643302 ], [ 542874.252443295088597, 5744560.168107007630169 ], [ 542875.269637400866486, 5744565.716795832850039 ], [ 542876.824024592177011, 5744571.138739995658398 ], [ 542877.364515672554262, 5744572.503360189497471 ], [ 542876.871244583511725, 5744576.051977365277708 ], [ 542876.644174183835275, 5744581.689143458381295 ], [ 542876.968930781586096, 5744587.321498389355838 ], [ 542877.842387840733863, 5744592.894799378700554 ], [ 542879.256134495604783, 5744598.3553721671924 ], [ 542881.196556514361873, 5744603.650627940893173 ], [ 542883.644967375672422, 5744608.729569812305272 ], [ 542886.577788198948838, 5744613.543283959850669 ], [ 542889.966774797416292, 5744618.045410756021738 ], [ 542893.779289665864781, 5744622.192591235972941 ], [ 542897.978616287116893, 5744625.944884739816189 ], [ 542902.524312728899531, 5744629.266153577715158 ], [ 542907.372601125622168, 5744632.124411118216813 ], [ 542912.476789296604693, 5744634.492129852063954 ], [ 542917.787720436695963, 5744636.346506549976766 ], [ 542923.254246548749506, 5744637.669681899249554 ], [ 542957.259189799660817, 5744644.147702830843627 ], [ 542954.491808173363097, 5744648.042530450969934 ], [ 542951.692159727215767, 5744652.935438266955316 ], [ 542949.384011240908876, 5744658.080100799910724 ], [ 542947.589592145523056, 5744663.426972926594317 ], [ 542946.326184517354704, 5744668.924561983905733 ], [ 542945.605956610641442, 5744674.51992364320904 ], [ 542945.43584563373588, 5744680.159171782433987 ], [ 542945.458832562435418, 5744680.49820245988667 ], [ 542944.397887607337907, 5744685.926502157002687 ], [ 542944.3804155489197, 5744686.109581431373954 ], [ 542941.758246427751146, 5744687.815317031927407 ], [ 542937.362434841808863, 5744691.333878013305366 ], [ 542933.331539048813283, 5744695.267773283645511 ], [ 542929.704378749709576, 5744699.579118340276182 ], [ 542926.515885657863691, 5744704.226393613032997 ], [ 542923.796767081599683, 5744709.164844281040132 ], [ 542921.573210180038586, 5744714.346911255270243 ], [ 542920.485512084793299, 5744717.773192257620394 ], [ 542917.403209889656864, 5744721.485125746577978 ], [ 542914.244596541044302, 5744726.152911126613617 ], [ 542911.557217632420361, 5744731.108834851533175 ], [ 542909.366954664350487, 5744736.305169547908008 ], [ 542907.694901801180094, 5744741.691872429102659 ], [ 542906.55716269405093, 5744747.217067204415798 ], [ 542905.964695360627957, 5744752.827543639577925 ], [ 542905.923206616309471, 5744758.469270005822182 ], [ 542906.43309707462322, 5744764.087913406081498 ], [ 542906.98048637190368, 5744766.959406270645559 ], [ 542905.212202371563762, 5744767.998816690407693 ], [ 542900.662182034691796, 5744771.3142748195678 ], [ 542896.457977596670389, 5744775.061209541745484 ], [ 542892.640077720629051, 5744779.203536872752011 ], [ 542889.245250951615162, 5744783.701364989392459 ], [ 542886.306191612966359, 5744788.511378359980881 ], [ 542883.851204931619577, 5744793.587254869751632 ], [ 542881.903934423462488, 5744798.880111880600452 ], [ 542880.483134169830009, 5744804.338976964354515 ], [ 542879.602488173521124, 5744809.911278788000345 ], [ 542879.270478539867327, 5744815.543353370390832 ], [ 542879.490303750149906, 5744821.180960868485272 ], [ 542880.259847818640992, 5744826.769807966426015 ], [ 542881.571700630476698, 5744832.256070714443922 ], [ 542883.413229265599512, 5744837.586912940256298 ], [ 542883.734591648215428, 5744838.286597870290279 ], [ 542646.988416801323183, 5744875.831295486539602 ], [ 542641.483615154516883, 5744876.98447775375098 ], [ 542636.117981022573076, 5744878.673437804915011 ], [ 542630.943187530036084, 5744880.881910632364452 ], [ 542626.009070035303012, 5744883.588628196157515 ], [ 542621.36314621870406, 5744886.767524215392768 ], [ 542617.050158480764367, 5744890.387985163368285 ], [ 542613.111643065349199, 5744894.41514506097883 ], [ 542609.585530048818327, 5744898.810221211053431 ], [ 542606.505778052378446, 5744903.530887662433088 ], [ 542603.902047193143517, 5744908.531682774424553 ], [ 542601.799413425498642, 5744913.764447026886046 ], [ 542600.218127021333203, 5744919.178786771371961 ], [ 542599.173417521058582, 5744924.722559524700046 ], [ 542598.675347029929981, 5744930.342376109212637 ], [ 542598.728713276796043, 5744935.984114805236459 ], [ 542599.333003370207734, 5744941.593442564830184 ], [ 542600.482398696476594, 5744947.116338270716369 ], [ 542602.165830916375853, 5744952.499612994492054 ], [ 542604.367088522994891, 5744957.691422258503735 ], [ 542607.064972933731042, 5744962.641765340231359 ], [ 542610.233502616174519, 5744967.302966841496527 ], [ 542613.842163281980902, 5744971.630135860294104 ], [ 542617.856201742542908, 5744975.58159835729748 ], [ 542622.236960593145341, 5744979.119298536330462 ], [ 542626.942250505904667, 5744982.209165376611054 ], [ 542631.926756544969976, 5744984.821440806612372 ], [ 542637.142474589752965, 5744986.930966321378946 ], [ 542642.539173664874397, 5744988.517425304278731 ], [ 542648.06487972009927, 5744989.565538718365133 ], [ 542653.666376203647815, 5744990.065212273970246 ], [ 542659.289716604631394, 5744990.011633655056357 ], [ 542664.880744026042521, 5744989.405318877659738 ], [ 542929.129507704172283, 5744947.498112907633185 ], [ 542932.588604186661541, 5744952.593994959257543 ], [ 542932.931722142500803, 5744953.049686758778989 ], [ 542933.238250303198583, 5744953.530915968120098 ], [ 542933.471799979102798, 5744953.828614414669573 ], [ 542933.679312840569764, 5744954.145132441073656 ], [ 542934.853095806436613, 5744955.601444752886891 ], [ 542935.978318158187903, 5744957.095841256901622 ], [ 542936.364303921815008, 5744957.515597137622535 ], [ 542936.716371016693301, 5744957.964365689083934 ], [ 542936.977880534366705, 5744958.237663753330708 ], [ 542937.215317222173326, 5744958.53225121460855 ], [ 542938.525726450607181, 5744959.866123087704182 ], [ 542939.791529603884555, 5744961.242671149782836 ], [ 542940.216665946529247, 5744961.622448542155325 ], [ 542940.610881385742687, 5744962.034434425644577 ], [ 542940.897832275717519, 5744962.28070003259927 ], [ 542941.162906152196229, 5744962.550519814714789 ], [ 542942.597321686916985, 5744963.749104974791408 ], [ 542943.991515297675505, 5744964.99454734288156 ], [ 542944.451707913074642, 5744965.330688670277596 ], [ 542944.884275189251639, 5744965.701924135908484 ], [ 543062.252570921205916, 5745056.814070066437125 ], [ 542718.34471343702171, 5745061.016736440360546 ], [ 542715.608217190485448, 5745061.185099891386926 ], [ 542712.871317427954637, 5745061.346729015931487 ], [ 542712.801834492245689, 5745061.357762225903571 ], [ 542712.731618580175564, 5745061.362082237377763 ], [ 542710.024747311137617, 5745061.798736087977886 ], [ 542707.316816788516007, 5745062.228727689012885 ], [ 542707.248746336088516, 5745062.246540572494268 ], [ 542707.179290558909997, 5745062.257744667120278 ], [ 542704.52811247156933, 5745062.958483870141208 ], [ 542701.875229509081692, 5745063.652697048150003 ], [ 542701.809227065765299, 5745063.67711806576699 ], [ 542701.741200326243415, 5745063.695098341442645 ], [ 542701.147156860562973, 5745063.916557318530977 ], [ 542701.047295570955612, 5745063.779074623249471 ], [ 542697.305754131753929, 5745059.566956346854568 ], [ 542693.170722008217126, 5745055.743057822808623 ], [ 542688.682021735003218, 5745052.344204233027995 ], [ 542683.882881659897976, 5745049.403127390891314 ], [ 542678.819519643904641, 5745046.948150522075593 ], [ 542673.540697976015508, 5745045.002915584482253 ], [ 542668.097253790707327, 5745043.58615555614233 ], [ 542662.541609509731643, 5745042.711514108814299 ], [ 542656.927268020343035, 5745042.38741419184953 ], [ 542651.30829745309893, 5745042.616976941935718 ], [ 542645.738810514798388, 5745043.397991629317403 ], [ 542640.272443395107985, 5745044.722936950623989 ], [ 542634.961839259485714, 5745046.579053432680666 ], [ 542629.858141302596778, 5745048.948466314934194 ], [ 542625.010500243050046, 5745051.808357668109238 ], [ 542624.037108998047188, 5745052.520015573129058 ], [ 542620.436656807782128, 5745050.777736095711589 ], [ 542615.156352557707578, 5745048.836548560298979 ], [ 542609.711828343220986, 5745047.423962241970003 ], [ 542604.155516986502334, 5745046.553580611012876 ], [ 542601.035402745357715, 5745046.375866005197167 ], [ 542598.426447139354423, 5745044.804404021240771 ], [ 542593.34449817542918, 5745042.388401184231043 ], [ 542588.050986662623473, 5745040.483780383132398 ], [ 542582.596891196095385, 5745039.108883473090827 ], [ 542577.034736767411232, 5745038.276950975880027 ], [ 542571.418088955804706, 5745037.995994540862739 ], [ 542565.801038100384176, 5745038.268719832412899 ], [ 542560.237678422476165, 5745039.092500460334122 ], [ 542554.781587106757797, 5745040.45940326154232 ], [ 542549.485308364732191, 5745042.356264720670879 ], [ 542544.399847440072335, 5745044.76481768861413 ], [ 542539.574179430725053, 5745047.661867298185825 ], [ 542535.054777659592219, 5745051.0195143064484 ], [ 542530.885166128398851, 5745054.805423748679459 ], [ 542527.105500370613299, 5745058.98313629347831 ], [ 542523.752180735813454, 5745063.512419337406754 ], [ 542520.857501829392277, 5745068.349654418416321 ], [ 542518.449341487605125, 5745073.448257246986032 ], [ 542516.550892278668471, 5745078.759126310236752 ], [ 542498.043135926011018, 5745139.808877248317003 ], [ 542496.72455195884686, 5745140.59346251282841 ], [ 542492.192038572742604, 5745143.933372410945594 ], [ 542488.007645728997886, 5745147.702919470146298 ], [ 542484.211671304772608, 5745151.865801935084164 ], [ 542480.840672702412121, 5745156.381930027157068 ], [ 542477.927114778198302, 5745161.207811975851655 ], [ 542475.499057175940834, 5745166.296972831711173 ], [ 542475.07818574772682, 5745167.460006231442094 ], [ 542441.689188353950158, 5745161.824717425741255 ], [ 542436.104314092430286, 5745161.162844037637115 ], [ 542430.481669871951453, 5745161.053361992351711 ], [ 542424.875403776299208, 5745161.497325620613992 ], [ 542419.339506170479581, 5745162.490459475666285 ], [ 542413.927289786282927, 5745164.023199498653412 ], [ 542408.690876326872967, 5745166.080785121768713 ], [ 542403.68069454212673, 5745168.643401382490993 ], [ 542398.94499460211955, 5745171.686369735747576 ], [ 542394.529383445158601, 5745175.180385700426996 ], [ 542390.476385574438609, 5745179.091801011934876 ], [ 542386.825033534318209, 5745183.382947657257318 ], [ 542383.610492006526329, 5745188.012500588782132 ], [ 542380.863719148561358, 5745192.935875670984387 ], [ 542378.611168435774744, 5745198.105659011751413 ], [ 542376.874533879454248, 5745203.472063545137644 ], [ 542375.67054107284639, 5745208.983408477157354 ], [ 542375.010786083177663, 5745214.586616989225149 ], [ 542374.901623736950569, 5745220.227727365680039 ], [ 542375.34410638094414, 5745225.852412668056786 ], [ 542376.333973707049154, 5745231.40650393627584 ], [ 542377.861693741171621, 5745236.836511872708797 ], [ 542379.912554603070021, 5745242.090141979977489 ], [ 542382.466806155513041, 5745247.116798213683069 ], [ 542385.499850179534405, 5745251.868070270866156 ], [ 542388.982477244106121, 5745256.298199842683971 ], [ 542392.88114799244795, 5745260.364521342329681 ], [ 542397.158316135057248, 5745264.027872812002897 ], [ 542401.772790039307438, 5745267.252973129041493 ], [ 542405.11060401017312, 5745269.127372113056481 ], [ 542405.269044130924158, 5745271.651296916417778 ], [ 542405.3400469860062, 5745272.089722801931202 ], [ 542404.932091052061878, 5745272.510743664577603 ], [ 542399.774003925267607, 5745271.72852030582726 ], [ 542394.157786689233035, 5745271.436133240349591 ], [ 542388.540047608781606, 5745271.697440503165126 ], [ 542382.974887532182038, 5745272.509925663471222 ], [ 542377.515900982310995, 5745273.865764338523149 ], [ 542372.215660050977021, 5745275.751899558119476 ], [ 542367.125208137091249, 5745278.150167470797896 ], [ 542362.293568401481025, 5745281.037472258321941 ], [ 542357.767271673888899, 5745284.386008526198566 ], [ 542356.719553396338597, 5745285.333443167619407 ], [ 542356.217352918349206, 5745285.244819769635797 ], [ 542356.006782705429941, 5745285.228746199980378 ], [ 542355.79853307758458, 5745285.193580191582441 ], [ 542353.203464263118804, 5745285.014758480712771 ], [ 542350.609778097248636, 5745284.816771971993148 ], [ 542350.398651501978748, 5745284.821482808329165 ], [ 542350.187969066319056, 5745284.806964944116771 ], [ 542347.587925959494896, 5745284.884197640232742 ], [ 542344.987386356107891, 5745284.942221853882074 ], [ 542344.777736605377868, 5745284.967671729624271 ], [ 542344.566650307620876, 5745284.973941820673645 ], [ 542341.986672220053151, 5745285.306485139764845 ], [ 542339.404323347611353, 5745285.619961316697299 ], [ 542339.198169447248802, 5745285.665905145928264 ], [ 542338.988712121266872, 5745285.692902806214988 ], [ 542336.453645159723237, 5745286.277554291300476 ], [ 542333.914355996181257, 5745286.84346360526979 ], [ 542333.713683286914602, 5745286.909458933398128 ], [ 542333.507872080779634, 5745286.956924177706242 ], [ 542331.042129791574553, 5745287.78805355168879 ], [ 542328.570354733150452, 5745288.600946171209216 ], [ 542328.377095778123476, 5745288.686357451602817 ], [ 542328.176912723458372, 5745288.753833184018731 ], [ 542325.804241258418187, 5745289.823436476290226 ], [ 542323.423784362268634, 5745290.875484122894704 ], [ 542323.239800301380455, 5745290.979488831944764 ], [ 542323.047173261060379, 5745291.066325241699815 ], [ 542320.790422438876703, 5745292.364101927727461 ], [ 542318.524208457325585, 5745293.645173195749521 ], [ 542318.351271150168031, 5745293.766769732348621 ], [ 542318.168055188609287, 5745293.872130579315126 ], [ 542316.048958492698148, 5745295.385582773014903 ], [ 542313.918812066782266, 5745296.883340665139258 ], [ 542313.758586966316216, 5745297.021358040161431 ], [ 542313.58654654736165, 5745297.144228663295507 ], [ 542311.625511858612299, 5745298.858781447634101 ], [ 542310.266176391625777, 5745300.02970777079463 ], [ 542308.970007641008124, 5745299.643717964179814 ], [ 542307.481342908111401, 5745299.129192139953375 ], [ 542306.275953820208088, 5745298.841447289101779 ], [ 542305.088134467834607, 5745298.487722581252456 ], [ 542303.542051260592416, 5745298.188822201453149 ], [ 542302.010287732700817, 5745297.8231660136953 ], [ 542300.78259140625596, 5745297.65534205827862 ], [ 542299.565934238955379, 5745297.4201281927526 ], [ 542279.057344521977939, 5745294.493745615705848 ], [ 542278.687801019754261, 5745291.120601885952055 ], [ 542277.528401925344951, 5745285.59958777949214 ], [ 542275.835201620357111, 5745280.219175386242568 ], [ 542273.624507412780076, 5745275.031180404126644 ], [ 542270.917610225034878, 5745270.085565308108926 ], [ 542267.740579523029737, 5745265.429958180524409 ], [ 542264.124012230080552, 5745261.109194082207978 ], [ 542260.102738048764877, 5745257.16488328948617 ], [ 542255.7154840240255, 5745253.635010625235736 ], [ 542251.004501581308432, 5745250.553569654934108 ], [ 542246.015159631264396, 5745247.950235383585095 ], [ 542240.795507658622228, 5745245.850078469142318 ], [ 542235.395813003298827, 5745244.273323849774897 ], [ 542229.868076786282472, 5745243.235155967064202 ], [ 542227.996489623677917, 5745243.071606010198593 ], [ 542223.232949126628228, 5745242.296557673253119 ], [ 542217.620209453045391, 5745241.943594051524997 ], [ 542212.000013126409613, 5745242.144274483434856 ], [ 542206.42648465721868, 5745242.896666375920177 ], [ 542200.953299154527485, 5745244.193524072878063 ], [ 542195.633165443548933, 5745246.022358589805663 ], [ 542190.517318487400189, 5745248.365557898767292 ], [ 542187.710104308789596, 5745250.002327071502805 ], [ 542186.649413465056568, 5745250.543207624927163 ], [ 542185.294229218387045, 5745251.156825388781726 ], [ 542185.018581296084449, 5745251.315947782248259 ], [ 542184.730183320585638, 5745251.450413751415908 ], [ 542183.861112129758112, 5745251.965051854029298 ], [ 542182.96148360252846, 5745252.42380103841424 ], [ 542181.708467409131117, 5745253.2267657360062 ], [ 542180.419756469666027, 5745253.970694975927472 ], [ 542180.160981443012133, 5745254.156157854944468 ], [ 542179.887108915485442, 5745254.318336836993694 ], [ 542179.072500489419326, 5745254.915959666483104 ], [ 542178.222021707333624, 5745255.460967631079257 ], [ 542177.053485383279622, 5745256.383285184390843 ], [ 542175.843658623751253, 5745257.250361693091691 ], [ 542175.604248624993488, 5745257.460378997027874 ], [ 542175.347539051552303, 5745257.648709181696177 ], [ 542174.595238450332545, 5745258.323561475612223 ], [ 542173.802099916152656, 5745258.949579674750566 ], [ 542172.729297023266554, 5745259.982367933727801 ], [ 542171.610005662078038, 5745260.964241553097963 ], [ 542171.392266322975047, 5745261.1967907641083 ], [ 542171.155191948753782, 5745261.409458479844034 ], [ 542170.472444211132824, 5745262.155041236430407 ], [ 542169.744284244137816, 5745262.856040952727199 ], [ 542168.777546448982321, 5745263.989353876560926 ], [ 542167.759569836547598, 5745265.076568908058107 ], [ 542167.565598105662502, 5745265.329410512931645 ], [ 542167.350442083668895, 5745265.564367714338005 ], [ 542166.743822452728637, 5745266.373500745743513 ], [ 542166.087653630413115, 5745267.142731158994138 ], [ 542165.236291180946864, 5745268.365654598921537 ], [ 542164.329433014732786, 5745269.547740851528943 ], [ 542164.161096960655414, 5745269.818439900875092 ], [ 542163.969931366737001, 5745270.073423877358437 ], [ 542163.445281964610331, 5745270.938314979895949 ], [ 542162.867423589690588, 5745271.768368172459304 ], [ 542162.139635651023127, 5745273.069124982692301 ], [ 542162.040178983937949, 5745273.229059883393347 ], [ 542161.774572753347456, 5745273.234481927007437 ], [ 542156.190249496488832, 5745273.901625185273588 ], [ 542150.697992761619389, 5745275.114706226624548 ], [ 542145.350695025990717, 5745276.862042860127985 ], [ 542140.199852837366052, 5745279.126807894557714 ], [ 542135.29507090721745, 5745281.887191187590361 ], [ 542130.68358441721648, 5745285.116609634831548 ], [ 542126.409804139402695, 5745288.78396316524595 ], [ 542122.514888750272803, 5745292.853934193961322 ], [ 542119.036348457448184, 5745297.287327736616135 ], [ 542117.719480166910216, 5745299.354427680373192 ], [ 542115.829966349177994, 5745300.992957543581724 ], [ 542111.956172078382224, 5745305.083179228007793 ], [ 542108.500629636459053, 5745309.534648925065994 ], [ 542105.496618044213392, 5745314.304497571662068 ], [ 542102.973068028688431, 5745319.346789869479835 ], [ 542100.954283385304734, 5745324.612966635264456 ], [ 542099.459706897148862, 5745330.052312414161861 ], [ 542098.870511281886138, 5745333.479190170764923 ], [ 542097.574731205007993, 5745334.076186278834939 ], [ 542092.718680727528408, 5745336.922042088583112 ], [ 542088.164041398908012, 5745340.231729405932128 ], [ 542083.954676556400955, 5745343.973375129513443 ], [ 542080.131124558276497, 5745348.110946211963892 ], [ 542078.381051371572539, 5745350.423328598029912 ], [ 542072.995687150396407, 5745350.696860939264297 ], [ 542067.399773412267677, 5745351.258290995843709 ], [ 542061.885654284968041, 5745352.367307578213513 ], [ 542056.506432776805013, 5745354.013230665586889 ], [ 542051.313912855926901, 5745356.180209701880813 ], [ 542046.358100584708154, 5745358.847376240417361 ], [ 542041.686722561018541, 5745361.989044894464314 ], [ 542037.34476630797144, 5745365.574960649013519 ], [ 542033.374047035351396, 5745369.570590211078525 ], [ 542029.812804943299852, 5745373.93745453376323 ], [ 542026.695336949080229, 5745378.63349936529994 ], [ 542024.689075778238475, 5745382.412783859297633 ], [ 542023.582219484611414, 5745380.847128094173968 ] ], [ [ 541108.612141726189293, 5745157.261584839783609 ], [ 541108.784128732630052, 5745157.23016226477921 ], [ 541140.082347626797855, 5745209.478566838428378 ], [ 541140.339968149084598, 5745209.864393723197281 ], [ 541140.565210437518544, 5745210.270102135837078 ], [ 541141.492662580800243, 5745211.611755068413913 ], [ 541142.363997810403816, 5745212.99075423926115 ], [ 541145.044383869390003, 5745216.805100245401263 ], [ 541144.942287153797224, 5745217.132667857222259 ], [ 541129.991740600322373, 5745274.914538814686239 ], [ 541129.800494143157266, 5745275.837836342863739 ], [ 541129.549525075824931, 5745276.746623898856342 ], [ 541129.228676824364811, 5745278.598449056968093 ], [ 541128.84749228216242, 5745280.43872666079551 ], [ 541128.74736985261552, 5745281.37638570740819 ], [ 541128.586394786485471, 5745282.305477668531239 ], [ 541128.44800880656112, 5745284.179938651621342 ], [ 541128.38160211185459, 5745284.801845378242433 ], [ 541066.006607133196667, 5745324.214695693925023 ], [ 541052.44966699834913, 5745164.687894474714994 ], [ 541108.612141726189293, 5745157.261584839783609 ] ], [ [ 540980.198483312036842, 5743435.26793703623116 ], [ 540975.2397492590826, 5743443.893820638768375 ], [ 540973.995101351756603, 5743430.727731378749013 ], [ 540980.198483312036842, 5743435.26793703623116 ] ], [ [ 540725.806470771203749, 5745097.286619645543396 ], [ 540725.344291485962458, 5745096.080872908234596 ], [ 540728.674973384011537, 5745097.997583266347647 ], [ 540725.897927263751626, 5745097.619505909271538 ], [ 540725.806470771203749, 5745097.286619645543396 ] ], [ [ 541477.860900740372017, 5743354.04914522357285 ], [ 541478.068621480721049, 5743399.22488999646157 ], [ 541426.933389192214236, 5743395.351446789689362 ], [ 541430.893994547659531, 5743349.703860625624657 ], [ 541477.860900740372017, 5743354.04914522357285 ] ], [ [ 541413.57792759174481, 5743523.856999395415187 ], [ 541436.463982230168767, 5743526.105682474561036 ], [ 541425.15339315624442, 5743549.964302922599018 ], [ 541411.590373672312126, 5743544.560087374411523 ], [ 541413.57792759174481, 5743523.856999395415187 ] ], [ [ 541321.299630779423751, 5745735.512204553000629 ], [ 541316.275040460401215, 5745732.977336945012212 ], [ 541311.026998673914932, 5745730.948783041909337 ], [ 541308.180688503663987, 5745730.15977749787271 ], [ 541312.170972037361935, 5745728.174588851630688 ], [ 541316.940399756189436, 5745725.18444252666086 ], [ 541321.394729836494662, 5745721.739675583317876 ], [ 541325.491064376197755, 5745717.873464025557041 ], [ 541329.189953369903378, 5745713.623042644932866 ], [ 541332.455774637171999, 5745709.02934635989368 ], [ 541335.25707687693648, 5745704.136615979485214 ], [ 541337.56688254873734, 5745698.991972082294524 ], [ 541339.362947660498321, 5745693.644961186684668 ], [ 541363.705070503521711, 5745607.404808633960783 ], [ 541488.379034288693219, 5745573.539175504818559 ], [ 541495.917622690205462, 5745743.413230095990002 ], [ 541495.955083760083653, 5745743.813673709519207 ], [ 541495.95884593995288, 5745744.215859489515424 ], [ 541496.042373697040603, 5745744.991970520466566 ], [ 541496.07078399695456, 5745745.772072233259678 ], [ 541496.290367568959482, 5745747.397720558568835 ], [ 541496.443163920193911, 5745749.031050599180162 ], [ 541496.519566789735109, 5745749.42588235065341 ], [ 541496.562603223719634, 5745749.825761778280139 ], [ 541496.721552593749948, 5745750.58992210496217 ], [ 541496.826039762352593, 5745751.363474073819816 ], [ 541501.088773273513652, 5745774.37112386804074 ], [ 541338.120797666604631, 5745750.022977926768363 ], [ 541334.562333462876268, 5745745.887651795521379 ], [ 541330.487519119866192, 5745741.998594728298485 ], [ 541326.052380708628334, 5745738.528974545188248 ], [ 541321.299630779423751, 5745735.512204553000629 ] ], [ [ 541637.320660295779817, 5745595.331682230345905 ], [ 541622.611685318988748, 5745599.870529383420944 ], [ 541622.400333404075354, 5745590.562235224060714 ], [ 541637.320660295779817, 5745595.331682230345905 ] ], [ [ 541760.387783423881046, 5743359.522294928319752 ], [ 541761.330717577482574, 5743401.050570448860526 ], [ 541722.813835752895102, 5743354.924257084727287 ], [ 541722.728263309341855, 5743348.631866302341223 ], [ 541760.387783423881046, 5743359.522294928319752 ] ], [ [ 541756.28328713576775, 5743227.6424396391958 ], [ 541749.285874596447684, 5743225.415785391815007 ], [ 541756.190808136365376, 5743225.218460780568421 ], [ 541756.28328713576775, 5743227.6424396391958 ] ], [ [ 541749.2951969220303, 5743052.676394696347415 ], [ 541751.840953319217078, 5743099.244616033509374 ], [ 541724.772515458171256, 5743099.410393620841205 ], [ 541724.923141057020985, 5743052.238101253286004 ], [ 541749.2951969220303, 5743052.676394696347415 ] ], [ [ 542180.376403281814419, 5743423.212393027730286 ], [ 542180.464443547534756, 5743385.956300549209118 ], [ 542180.564362630364485, 5743346.687666205689311 ], [ 542180.56416965124663, 5743346.683508602902293 ], [ 542180.564383186516352, 5743346.679352007806301 ], [ 542181.030330581823364, 5743152.558820571750402 ], [ 542209.448765020351857, 5743156.637729537673295 ], [ 542187.404838719638065, 5743445.510174837894738 ], [ 542180.567331748781726, 5743444.976065983995795 ], [ 542180.376403281814419, 5743423.212393027730286 ] ], [ [ 542802.353007950936444, 5743683.235984124243259 ], [ 542806.204920558608137, 5743687.345538537949324 ], [ 542810.439778978121467, 5743691.056512509472668 ], [ 542815.016799066099338, 5743694.333166283555329 ], [ 542819.891901273978874, 5743697.143942903727293 ], [ 542824.393190817674622, 5743699.179203427396715 ], [ 542827.904346270719543, 5743703.966259451583028 ], [ 542827.837579042767175, 5743709.444537186063826 ], [ 542817.208156686159782, 5743732.513567629270256 ], [ 542817.038651808165014, 5743732.614434633404016 ], [ 542816.383148892899044, 5743733.097496067173779 ], [ 542815.695661565288901, 5743733.533513845875859 ], [ 542814.118434057105333, 5743734.766437561251223 ], [ 542812.506976943695918, 5743735.953971795737743 ], [ 542811.901823495863937, 5743736.499168252572417 ], [ 542811.260243637720123, 5743737.000692858360708 ], [ 542809.811062320601195, 5743738.382781807333231 ], [ 542808.323381832102314, 5743739.723065913654864 ], [ 542807.77440578781534, 5743740.325147007592022 ], [ 542807.184912132797763, 5743740.887348636053503 ], [ 542805.877733399276622, 5743742.405292899347842 ], [ 542804.52815666841343, 5743743.885419598780572 ], [ 542804.040644967928529, 5743744.538587116636336 ], [ 542803.508914667065255, 5743745.15605160407722 ], [ 542802.356327397632413, 5743746.795232932083309 ], [ 542801.157851639320143, 5743748.400948163121939 ], [ 542800.736499330494553, 5743749.098911880515516 ], [ 542800.267653258750215, 5743749.765692863613367 ], [ 542799.280757614178583, 5743751.510325402952731 ], [ 542798.24492492119316, 5743753.226165602914989 ], [ 542797.893789916066453, 5743753.962203902192414 ], [ 542797.492343380814418, 5743754.671880048699677 ], [ 542796.680643896572292, 5743756.505162339657545 ], [ 542795.817430079332553, 5743758.314603377133608 ], [ 542795.539894091896713, 5743759.081627923063934 ], [ 542795.209713324904442, 5743759.827364793047309 ], [ 542794.58102734235581, 5743761.731641636230052 ], [ 542793.89874587696977, 5743763.61725786793977 ], [ 542793.697481846902519, 5743764.407881894148886 ], [ 542793.441746773198247, 5743765.182497750036418 ], [ 542793.002129177330062, 5743767.139430138282478 ], [ 542792.507351100910455, 5743769.083062288351357 ], [ 542792.3842974397121, 5743769.889671735465527 ], [ 542792.205471055698581, 5743770.685706680640578 ], [ 542791.959155936492607, 5743772.676448471844196 ], [ 542791.656646568328142, 5743774.659378460608423 ], [ 542791.612988494685851, 5743775.474205281585455 ], [ 542791.512793135596439, 5743776.283993136137724 ], [ 542791.462153004016727, 5743778.289372497238219 ], [ 542791.354826035210863, 5743780.292503725737333 ], [ 542791.390984150115401, 5743781.107700726948678 ], [ 542791.370384902344085, 5743781.923442809842527 ], [ 542791.515907825203612, 5743783.924146872013807 ], [ 542791.604797246051021, 5743785.928188121877611 ], [ 542791.720423479797319, 5743786.735904494300485 ], [ 542791.779618878033943, 5743787.54974477738142 ], [ 542792.119903762708418, 5743789.526505619287491 ], [ 542792.404153891722672, 5743791.512156835757196 ], [ 542792.598134848638438, 5743792.304613799788058 ], [ 542792.736554958741181, 5743793.108714516274631 ], [ 542793.268325031385757, 5743795.042494732886553 ], [ 542793.745198742370121, 5743796.990632896311581 ], [ 542794.015666418708861, 5743797.760198594070971 ], [ 542794.231978320050985, 5743798.546815756708384 ], [ 542794.658057899796404, 5743799.657605156302452 ], [ 542794.611295865382999, 5743805.79562521353364 ], [ 542791.99787735065911, 5743809.4199463641271 ], [ 542789.164507046807557, 5743814.292658087797463 ], [ 542787.079114519990981, 5743818.855412685312331 ], [ 542774.061343957437202, 5743818.156970386393368 ], [ 542796.852465214440599, 5743675.44472095835954 ], [ 542798.921137114521116, 5743678.767427577637136 ], [ 542802.353007950936444, 5743683.235984124243259 ] ], [ [ 542428.385334505233914, 5743589.274551311507821 ], [ 542428.440839981543832, 5743589.280886042863131 ], [ 542472.291734831873327, 5743592.108273658901453 ], [ 542472.205512581276707, 5743607.606371967121959 ], [ 542454.949725678539835, 5743612.03986575268209 ], [ 542384.612904980895109, 5743628.936331706121564 ], [ 542391.276910305023193, 5743586.833716441877186 ], [ 542400.058613836066797, 5743587.395169140771031 ], [ 542428.329479178413749, 5743589.273596254177392 ], [ 542428.385334505233914, 5743589.274551311507821 ] ], [ [ 542602.799329635920003, 5743804.862590385600924 ], [ 542602.119674962363206, 5743716.920294585637748 ], [ 542662.681020266609266, 5743701.080221149139106 ], [ 542646.145644269650802, 5743807.681893134489655 ], [ 542602.799329635920003, 5743804.862590385600924 ] ], [ [ 543118.260129895876162, 5744771.61203231010586 ], [ 543133.551419856725261, 5744775.951718265190721 ], [ 543132.063301786431111, 5744782.169871959835291 ], [ 543118.260129895876162, 5744771.61203231010586 ] ], [ [ 543174.693754613632336, 5744568.532505132257938 ], [ 543021.668517024139874, 5744539.383696656674147 ], [ 543106.430385893094353, 5744448.236774667166173 ], [ 543192.144892079173587, 5744459.997770353220403 ], [ 543174.693754613632336, 5744568.532505132257938 ] ], [ [ 542934.158527802675962, 5744209.994690038263798 ], [ 542969.144046447239816, 5744202.314108049497008 ], [ 542970.850312951719388, 5744202.333942219614983 ], [ 542976.469450887409039, 5744202.122423232533038 ], [ 542982.040865613264032, 5744201.359341589733958 ], [ 542987.510900344699621, 5744200.052046474069357 ], [ 542992.826874715276062, 5744198.213128320872784 ], [ 542997.937592155765742, 5744195.860297571867704 ], [ 543002.793832975905389, 5744193.016214069910347 ], [ 543007.34882840316277, 5744189.708268812857568 ], [ 543011.558711012708955, 5744185.968320122919977 ], [ 543015.38293720560614, 5744181.832386799156666 ], [ 543018.78467767231632, 5744177.340301191434264 ], [ 543021.731172075029463, 5744172.535325554199517 ], [ 543024.194044537493028, 5744167.463735368102789 ], [ 543026.149576901225373, 5744162.174373656511307 ], [ 543027.578937120037153, 5744156.718180542811751 ], [ 543028.468360591330566, 5744151.147702674381435 ], [ 543028.809282682952471, 5744145.516587127931416 ], [ 543028.598421175149269, 5744139.879064749926329 ], [ 543027.837807830888778, 5744134.289427880197763 ], [ 543026.534768788143992, 5744128.801507499068975 ], [ 543024.701853966573253, 5744123.468154804781079 ], [ 543022.356716167763807, 5744118.34073224849999 ], [ 543020.767803615075536, 5744115.609876916743815 ], [ 543020.817594981053844, 5744108.015339117497206 ], [ 543022.006029272451997, 5744106.052920626476407 ], [ 543024.440713819349185, 5744100.967696118168533 ], [ 543026.366862023598514, 5744095.667537707835436 ], [ 543027.765924831968732, 5744090.203489494509995 ], [ 543028.62442942825146, 5744084.628173758275807 ], [ 543028.934108949382789, 5744078.995284158736467 ], [ 543028.691982059855945, 5744073.359068609774113 ], [ 543027.90038162493147, 5744067.773806868121028 ], [ 543026.566932201501913, 5744062.293287755921483 ], [ 543024.704476572340354, 5744056.970291184261441 ], [ 543022.330952026764862, 5744051.856079865247011 ], [ 543021.313579270034097, 5744050.129665948450565 ], [ 543021.539970359299332, 5744028.72604236099869 ], [ 543022.491529759368859, 5744027.697143774479628 ], [ 543022.541422549053095, 5744027.63127376139164 ], [ 543022.597336353035644, 5744027.570465783588588 ], [ 543024.242386985453777, 5744025.385607101023197 ], [ 543025.893691270845011, 5744023.205502467229962 ], [ 543025.936908476403914, 5744023.135043268091977 ], [ 543025.986612241831608, 5744023.06902963668108 ], [ 543027.410286188009195, 5744020.732920455746353 ], [ 543028.840648147510365, 5744018.40092755202204 ], [ 543028.876773564843461, 5744018.32655774615705 ], [ 543028.91978862718679, 5744018.255974214524031 ], [ 543030.108375417767093, 5744015.791112859733403 ], [ 543031.304020058480091, 5744013.329690644517541 ], [ 543031.332705789594911, 5744013.252126475796103 ], [ 543031.368617897620425, 5744013.177652808837593 ], [ 543032.310671047656797, 5744010.607777697965503 ], [ 543033.260084035806358, 5744008.040631364099681 ], [ 543033.281053834827617, 5744007.960619821213186 ], [ 543033.3095171431778, 5744007.88297326117754 ], [ 543033.995964477187954, 5744005.232834217138588 ], [ 543034.690002913004719, 5744002.584686934016645 ], [ 543034.703054843936116, 5744002.502998566254973 ], [ 543034.723795245983638, 5744002.422926907427609 ], [ 543035.148026364622638, 5743999.718046442605555 ], [ 543035.580006707576104, 5743997.014401591382921 ], [ 543035.585015085758641, 5743996.931823121383786 ], [ 543035.597832855884917, 5743996.850097497925162 ], [ 543035.755762678571045, 5743994.11652516014874 ], [ 543035.921525197802112, 5743991.383420561440289 ], [ 543035.918441805639304, 5743991.300747269764543 ], [ 543035.923213516245596, 5743991.218154747970402 ], [ 543036.316999882576056, 5743946.38204859290272 ], [ 543038.85028371901717, 5743944.995386056602001 ], [ 543043.498612152412534, 5743941.821098729036748 ], [ 543047.814436396118253, 5743938.204985851421952 ], [ 543051.756192515487783, 5743934.181873611174524 ], [ 543055.285919262329116, 5743929.790507825091481 ], [ 543058.294115709955804, 5743925.188689857721329 ], [ 543078.729440703755245, 5743922.834255747497082 ], [ 543080.946608072030358, 5743923.813206256367266 ], [ 543080.683678133878857, 5743924.064687180332839 ], [ 543080.585490674595349, 5743924.179038489237428 ], [ 543080.477150246035308, 5743924.283755162730813 ], [ 543078.750742846750654, 5743926.315826343372464 ], [ 543077.013734298641793, 5743928.338784036226571 ], [ 543076.927191303810105, 5743928.462240343913436 ], [ 543076.82960295130033, 5743928.577106830663979 ], [ 543075.310033948975615, 5743930.769165785051882 ], [ 543073.779024394927546, 5743932.953197862952948 ], [ 543073.70495932130143, 5743933.084570256993175 ], [ 543073.619062888086773, 5743933.208480352535844 ], [ 543072.320966699859127, 5743935.539416830055416 ], [ 543071.010700804181397, 5743937.863490333780646 ], [ 543070.949826961150393, 5743938.001513640396297 ], [ 543070.876449678908102, 5743938.133274055086076 ], [ 543069.812327878084034, 5743940.580640377476811 ], [ 543068.735424539190717, 5743943.022373549640179 ], [ 543068.688328191055916, 5743943.165718554519117 ], [ 543068.628176741069183, 5743943.304060382768512 ], [ 543067.808277742238715, 5743945.844287429004908 ], [ 543066.97510846296791, 5743948.380165424197912 ], [ 543066.942243195837364, 5743948.527451649308205 ], [ 543066.895896888920106, 5743948.671042609028518 ], [ 543066.328117154771462, 5743951.27966694906354 ], [ 543065.746706229285337, 5743953.885268119163811 ], [ 543065.728388578747399, 5743954.035077130421996 ], [ 543065.696293778717518, 5743954.182534377090633 ], [ 543065.386101795244031, 5743956.83443374093622 ], [ 543065.062048976891674, 5743959.484664937481284 ], [ 543065.058455378399231, 5743959.635554003529251 ], [ 543065.040921202395111, 5743959.785457448102534 ], [ 543064.135226124199107, 5743973.180588899180293 ], [ 543058.763414175016806, 5744048.479936216957867 ], [ 543056.450351371429861, 5744052.22829288430512 ], [ 543053.97330528695602, 5744057.29284845944494 ], [ 543052.002975287730806, 5744062.576608442701399 ], [ 543050.558337524533272, 5744068.028688030317426 ], [ 543049.653305563377216, 5744073.596581240184605 ], [ 543049.296596357016824, 5744079.226666555739939 ], [ 543049.49164625571575, 5744084.864723302423954 ], [ 543050.236577874049544, 5744090.456453849561512 ], [ 543051.524218130740337, 5744095.948006491176784 ], [ 543053.342167289927602, 5744101.286494100466371 ], [ 543055.672918341355398, 5744106.420503485016525 ], [ 543058.494025570224039, 5744111.300590529106557 ], [ 543060.70177484350279, 5744114.378770497627556 ], [ 543060.194013747037388, 5744151.631309806369245 ], [ 543059.481773011269979, 5744158.778837596997619 ], [ 543059.477053647278808, 5744158.872411580756307 ], [ 543059.463515912531875, 5744158.965115591883659 ], [ 543049.786434467765503, 5744259.378506358712912 ], [ 543048.394431554130279, 5744273.379234248772264 ], [ 543044.759441820322536, 5744308.294858750887215 ], [ 542998.291742760571651, 5744300.897786675952375 ], [ 542934.158527802675962, 5744209.994690038263798 ] ], [ [ 542816.633008657721803, 5743955.189258242957294 ], [ 542859.179590813117102, 5743950.70459549408406 ], [ 542859.715664610848762, 5743950.621236572042108 ], [ 542860.256633755634539, 5743950.580720003694296 ], [ 542907.827431293902919, 5743944.651300928555429 ], [ 542907.80174275522586, 5743947.077009961009026 ], [ 542906.288366949767806, 5743948.731347994878888 ], [ 542902.910638423869386, 5743953.241453032940626 ], [ 542899.989794155349955, 5743958.06200301554054 ], [ 542897.553963956423104, 5743963.146574359387159 ], [ 542895.626606862060726, 5743968.446200675331056 ], [ 542894.226285181124695, 5743973.909844350069761 ], [ 542893.366485700942576, 5743979.484888013452291 ], [ 542893.055489764898084, 5743985.117641271091998 ], [ 542892.476024017669261, 5744078.146677763201296 ], [ 542892.476252254098654, 5744078.152019839733839 ], [ 542892.475958476308733, 5744078.157358692027628 ], [ 542892.425559636787511, 5744086.496424678713083 ], [ 542880.039336245507002, 5744086.362004323862493 ], [ 542874.42043560417369, 5744086.577849201858044 ], [ 542868.849678064114414, 5744087.34520557988435 ], [ 542863.380712050478905, 5744088.656683686189353 ], [ 542858.066205755108967, 5744090.499653740786016 ], [ 542852.957339949556626, 5744092.856367590837181 ], [ 542848.103315118118189, 5744095.704129592515528 ], [ 542843.550877656205557, 5744099.015515155158937 ], [ 542839.343869697418995, 5744102.758634835481644 ], [ 542835.52280690241605, 5744106.897441383451223 ], [ 542832.12448827503249, 5744111.392076889052987 ], [ 542829.785136559745297, 5744115.213439932093024 ], [ 542829.401294471230358, 5744115.297701504081488 ], [ 542828.558708288241178, 5744115.526657593436539 ], [ 542827.702610775013454, 5744115.697884505614638 ], [ 542826.22309835255146, 5744116.148851247504354 ], [ 542824.725166308227926, 5744116.533776779659092 ], [ 542824.354509620694444, 5744116.669063912704587 ], [ 542823.973802859894931, 5744116.77251320052892 ], [ 542823.1576419203775, 5744117.08322502207011 ], [ 542822.322394756018184, 5744117.337814329192042 ], [ 542820.894063955056481, 5744117.932101846672595 ], [ 542819.440950246877037, 5744118.462477498687804 ], [ 542819.08529531408567, 5744118.633562840521336 ], [ 542818.716528259101324, 5744118.773951940238476 ], [ 542817.934652502648532, 5744119.163427273742855 ], [ 542817.128299451083876, 5744119.498927233740687 ], [ 542815.764905679854564, 5744120.230812404304743 ], [ 542814.370604357798584, 5744120.901530573144555 ], [ 542814.033376274979673, 5744121.106766534969211 ], [ 542813.680100308032706, 5744121.282743471674621 ], [ 542812.940039520617574, 5744121.747231589630246 ], [ 542812.170346092549153, 5744122.160411271266639 ], [ 542811.118984421133064, 5744122.865858943201602 ], [ 542812.482952107791789, 5743955.441630616784096 ], [ 542813.087310945498757, 5743955.400494093075395 ], [ 542814.462528821313754, 5743955.376256845891476 ], [ 542815.544965007458813, 5743955.25000084284693 ], [ 542816.633008657721803, 5743955.189258242957294 ] ], [ [ 542779.294677955564111, 5745444.786531681194901 ], [ 542774.552177167148329, 5745441.753918719477952 ], [ 542769.536238904227503, 5745439.202276668511331 ], [ 542764.295168770710006, 5745437.156178386881948 ], [ 542758.879440359887667, 5745435.63532820250839 ], [ 542753.34120919520501, 5745434.654372191056609 ], [ 542747.733810479869135, 5745434.222757131792605 ], [ 542742.111245486186817, 5745434.344639554619789 ], [ 542739.627800097805448, 5745434.644510868005455 ], [ 542737.373127826605923, 5745432.147955264896154 ], [ 542736.814946919796057, 5745431.640237806364894 ], [ 542737.912338393507525, 5745426.573067337274551 ], [ 542738.562007127446122, 5745420.96853700466454 ], [ 542738.66100194491446, 5745415.327110189944506 ], [ 542738.208370525971986, 5745409.703116953372955 ], [ 542737.208472999394871, 5745404.150719253346324 ], [ 542735.670939912786707, 5745398.723389346152544 ], [ 542733.610579447587952, 5745393.473394832573831 ], [ 542731.047234772588126, 5745388.451295311562717 ], [ 542728.005592914996669, 5745383.705455484800041 ], [ 542724.514946985989809, 5745379.281579432077706 ], [ 542720.608914056210779, 5745375.222270470112562 ], [ 542716.325111395097338, 5745371.56662090588361 ], [ 542711.704794194898568, 5745368.34983560629189 ], [ 542706.792458266951144, 5745365.60289297811687 ], [ 542701.635411536903121, 5745363.352246689610183 ], [ 542696.283318464877084, 5745361.619570921175182 ], [ 542690.787721777218394, 5745360.421551671810448 ], [ 542685.201546114403754, 5745359.769726081751287 ], [ 542679.578588375705294, 5745359.670371346175671 ], [ 542673.972999663790688, 5745360.124444271437824 ], [ 542668.438763821264729, 5745361.127572054974735 ], [ 542663.029177577001974, 5745362.670094395056367 ], [ 542657.796337306383066, 5745364.737156513147056 ], [ 542652.790637350291945, 5745367.308852193877101 ], [ 542648.060284719336778, 5745370.360415454953909 ], [ 542643.650834857602604, 5745373.862459030933678 ], [ 542639.604752935585566, 5745377.78125736117363 ], [ 542638.21526209730655, 5745379.420167244970798 ], [ 542630.704752275021747, 5745376.961621451191604 ], [ 542655.868170846719295, 5745284.968735365197062 ], [ 542662.947168000158854, 5745265.540797661989927 ], [ 542663.011610439280048, 5745265.332811993546784 ], [ 542663.094546025502495, 5745265.131529468111694 ], [ 542678.066792863188311, 5745223.055959386751056 ], [ 542678.398783213575371, 5745221.955141202546656 ], [ 542678.794013249571435, 5745220.875553705729544 ], [ 542686.809143425081857, 5745195.145284784957767 ], [ 542734.784760043257847, 5745314.207437979988754 ], [ 542732.907311219372787, 5745317.677445657551289 ], [ 542730.72174132510554, 5745322.87617401778698 ], [ 542729.054593014414422, 5745328.26479743886739 ], [ 542727.921922706067562, 5745333.791421129368246 ], [ 542727.334639603504911, 5745339.402821099385619 ], [ 542727.298400595784187, 5745345.044956718571484 ], [ 542727.813555738772266, 5745350.66349115036428 ], [ 542728.875144843710586, 5745356.204314640723169 ], [ 542730.472945206682198, 5745361.614065643399954 ], [ 542732.591570021118969, 5745366.840644721873105 ], [ 542735.210616527241655, 5745371.8337163310498 ], [ 542738.304862472577952, 5745376.545193588361144 ], [ 542741.844508993555792, 5745380.929701420478523 ], [ 542745.79546757787466, 5745384.945013595744967 ], [ 542747.023805745993741, 5745385.969745035283267 ], [ 542794.770386803429574, 5745454.808183720335364 ], [ 542788.269217547494918, 5745452.746179492212832 ], [ 542787.779750396497548, 5745452.173500590026379 ], [ 542783.718068839400075, 5745448.270910787396133 ], [ 542779.294677955564111, 5745444.786531681194901 ] ], [ [ 542934.875296077458188, 5745198.935775172896683 ], [ 542937.3172224056907, 5745204.018278997391462 ], [ 542940.243938125902787, 5745208.836175746284425 ], [ 542940.7318823345704, 5745209.486162058077753 ], [ 542940.458913920796476, 5745209.808455209247768 ], [ 542937.25496167759411, 5745214.445411526598036 ], [ 542934.519450418534689, 5745219.37511302344501 ], [ 542932.278725167852826, 5745224.550084872171283 ], [ 542930.554366054479033, 5745229.920490036718547 ], [ 542929.362980455509387, 5745235.434609193354845 ], [ 542928.716043025604449, 5745241.039338801987469 ], [ 542928.619785152492113, 5745246.680702489800751 ], [ 542929.075134905986488, 5745252.304370876401663 ], [ 542930.077708060038276, 5745257.856184790842235 ], [ 542931.617850274313241, 5745263.282676862552762 ], [ 542933.680730034247972, 5745268.53158644773066 ], [ 542936.246481450623833, 5745273.552362961694598 ], [ 542939.290395550080575, 5745278.296652724035084 ], [ 542942.783158212900162, 5745282.718764667399228 ], [ 542946.691132466425188, 5745286.77611041534692 ], [ 542950.976682417909615, 5745290.42961445543915 ], [ 542955.59853570885025, 5745293.644090500660241 ], [ 542960.512180995196104, 5745296.388580406084657 ], [ 542965.670296631287783, 5745298.636652335524559 ], [ 542971.023206424084492, 5745300.366655359044671 ], [ 542976.519358069752343, 5745301.561927985399961 ], [ 542982.105819663498551, 5745302.210958646610379 ], [ 542987.728789499611594, 5745302.307496584020555 ], [ 542993.334114250610583, 5745301.850612047128379 ], [ 542998.867810534313321, 5745300.844705251976848 ], [ 543003.11458411545027, 5745299.631438128650188 ], [ 543030.463263887097128, 5745298.348760209046304 ], [ 543011.70019950857386, 5745392.25877648126334 ], [ 543009.317877283087, 5745391.905010026879609 ], [ 543003.700714042410254, 5745391.629944075830281 ], [ 542998.083725707489066, 5745391.908582026138902 ], [ 542992.521005897084251, 5745392.738240555860102 ], [ 542987.066125634475611, 5745394.110929891467094 ], [ 542981.771617469144985, 5745396.013430792838335 ], [ 542977.542346240836196, 5745398.021915348246694 ], [ 542978.291404954274185, 5745387.53432170022279 ], [ 542978.302276652073488, 5745387.048504133708775 ], [ 542978.352429669816047, 5745386.565176280215383 ], [ 542978.365370954154059, 5745384.229043300263584 ], [ 542978.417636882630177, 5745381.893463442102075 ], [ 542978.380993375205435, 5745381.408916420303285 ], [ 542978.383685252512805, 5745380.922984263859689 ], [ 542978.168331419699825, 5745378.596829259768128 ], [ 542977.992166945361532, 5745376.26735757291317 ], [ 542977.908361220499501, 5745375.788747543469071 ], [ 542977.863566123764031, 5745375.304890872910619 ], [ 542977.421991580747999, 5745373.011115909554064 ], [ 542977.019093693234026, 5745370.710186410695314 ], [ 542976.888932932284661, 5745370.242122617550194 ], [ 542976.797082351753488, 5745369.765001216903329 ], [ 542976.133540113689378, 5745367.525696457363665 ], [ 542975.50778934545815, 5745365.275468188337982 ], [ 542975.332527147373185, 5745364.822458304464817 ], [ 542975.194505737046711, 5745364.356667069718242 ], [ 542974.315386448404752, 5745362.193398009054363 ], [ 542973.47280949074775, 5745360.015541669912636 ], [ 542973.254133796668611, 5745359.581948363222182 ], [ 542973.071270851534791, 5745359.13197307381779 ], [ 542971.985041238018312, 5745357.06557288672775 ], [ 542970.93375287624076, 5745354.981062106788158 ], [ 542970.673769708257169, 5745354.571061047725379 ], [ 542970.447826362214983, 5745354.141235144808888 ], [ 542969.164947656914592, 5745352.191604030318558 ], [ 542967.915072630043142, 5745350.220513446256518 ], [ 542967.616285814205185, 5745349.838053094223142 ], [ 542967.34943806915544, 5745349.432515951804817 ], [ 542953.657095267786644, 5745330.693156127817929 ], [ 542950.113617090275511, 5745326.311805950477719 ], [ 542946.159160982933827, 5745322.300013456493616 ], [ 542941.831810531904921, 5745318.696413343772292 ], [ 542937.17324029293377, 5745315.535709220916033 ], [ 542932.228314451524056, 5745312.848339411430061 ], [ 542927.722666268004104, 5745310.946390100754797 ], [ 542925.678942551254295, 5745308.298777488060296 ], [ 542921.816280042985454, 5745304.197969952598214 ], [ 542917.571584709570743, 5745300.496756761334836 ], [ 542912.985735140973702, 5745297.230781578458846 ], [ 542908.102895227144472, 5745294.431496529839933 ], [ 542902.970088850008324, 5745292.125859355553985 ], [ 542897.636747039039619, 5745290.336073813028634 ], [ 542892.154231948661618, 5745289.079375881701708 ], [ 542844.895563369500451, 5745280.670295001938939 ], [ 542808.174669957370497, 5745189.542690128087997 ], [ 542931.535053959698416, 5745188.175095362588763 ], [ 542932.941675569163635, 5745193.637612384743989 ], [ 542934.875296077458188, 5745198.935775172896683 ] ], [ [ 543283.85442960599903, 5744887.738631141372025 ], [ 543283.937507228925824, 5744887.673682010732591 ], [ 543285.899178069550544, 5744885.802629512734711 ], [ 543287.867682504816912, 5744883.938816132023931 ], [ 543287.936826383229345, 5744883.859108391217887 ], [ 543288.013158566900529, 5744883.78630228061229 ], [ 543289.782585709355772, 5744881.731351860798895 ], [ 543291.559520827955566, 5744879.682933720760047 ], [ 543291.620544496225193, 5744879.596810307353735 ], [ 543291.689396125497296, 5744879.516848399303854 ], [ 543293.249539160518907, 5744877.297790750861168 ], [ 543294.817792108398862, 5744875.084495845250785 ], [ 543294.870107879745774, 5744874.992786202579737 ], [ 543294.930815880419686, 5744874.906438583508134 ], [ 543296.266649867058732, 5744872.544645013287663 ], [ 543297.611117758904584, 5744870.187788973562419 ], [ 543297.654221817851067, 5744870.091376316733658 ], [ 543297.706201541121118, 5744869.999474595300853 ], [ 543298.80486186768394, 5744867.517691020853817 ], [ 543299.912597060319968, 5744865.039971976540983 ], [ 543299.946074303239584, 5744864.939784831367433 ], [ 543299.988825167529285, 5744864.843214084394276 ], [ 543300.839731514453888, 5744862.265341755002737 ], [ 543301.7000662102364, 5744859.690621934831142 ], [ 543301.723594245733693, 5744859.58762517478317 ], [ 543301.756704553379677, 5744859.487315439619124 ], [ 543302.351662650238723, 5744856.838180930353701 ], [ 543302.956311745452695, 5744854.191256645135581 ], [ 543302.969664003001526, 5744854.086442199535668 ], [ 543302.99281489988789, 5744853.98335952591151 ], [ 543303.32609543018043, 5744851.288475633598864 ], [ 543303.669236283400096, 5744848.594838466495275 ], [ 543303.781096955062822, 5744847.159507852047682 ], [ 543331.026168386102654, 5744856.307954099029303 ], [ 543316.591333613963798, 5744922.390864607878029 ], [ 543306.102314790710807, 5744914.5182596873492 ], [ 543277.196878717048094, 5744892.604302071034908 ], [ 543279.32935511902906, 5744891.262658204883337 ], [ 543279.41266994655598, 5744891.198015577159822 ], [ 543279.501692914869636, 5744891.141548943705857 ], [ 543281.636715453700162, 5744889.472414139658213 ], [ 543283.777831414015964, 5744887.811155559495091 ], [ 543283.85442960599903, 5744887.738631141372025 ] ], [ [ 543284.91878730233293, 5744682.24769474286586 ], [ 543284.933031911728904, 5744682.187714488245547 ], [ 543301.5524821478175, 5744592.9987807366997 ], [ 543301.623007911024615, 5744592.480675012804568 ], [ 543301.734575780224986, 5744591.969880610704422 ], [ 543319.262845067307353, 5744487.415959691628814 ], [ 543394.839173742802814, 5744509.543570218607783 ], [ 543355.43000009667594, 5744727.241785856895149 ], [ 543281.344052761793137, 5744700.683883457444608 ], [ 543284.852047879714519, 5744682.613426707684994 ], [ 543284.874145895591937, 5744682.459740338847041 ], [ 543284.910340719972737, 5744682.308768956921995 ], [ 543284.91878730233293, 5744682.24769474286586 ] ] ], [ [ [ 541688.129429568420164, 5745336.712327923625708 ], [ 541687.318240982247517, 5745338.360723971389234 ], [ 541687.17729367048014, 5745338.735912685282528 ], [ 541686.758624681970105, 5745339.625714253634214 ], [ 541684.867925690603442, 5745344.9395453017205 ], [ 541684.512106901034713, 5745346.369184734299779 ], [ 541683.452656106441282, 5745350.068027900531888 ], [ 541682.436686861678027, 5745355.617453185841441 ], [ 541681.967770676710643, 5745361.240068786777556 ], [ 541682.050424510845914, 5745366.881726022809744 ], [ 541682.128595661255531, 5745367.573605171404779 ], [ 541681.56311807804741, 5745371.845322054810822 ], [ 541681.372711063944735, 5745377.484360629692674 ], [ 541681.734137807041407, 5745383.114973587915301 ], [ 541682.643918616347946, 5745388.682934912852943 ], [ 541684.093292804434896, 5745394.134621761739254 ], [ 541686.068303020438179, 5745399.417530883103609 ], [ 541688.549929630593397, 5745404.480784273706377 ], [ 541691.51427385804709, 5745409.275619208812714 ], [ 541694.932787916157395, 5745413.755857859738171 ], [ 541698.772549921064638, 5745417.878352057188749 ], [ 541702.99658093682956, 5745421.603398882783949 ], [ 541707.56420110038016, 5745424.895123050548136 ], [ 541712.431421395973302, 5745427.721822449937463 ], [ 541717.551367306266911, 5745430.056273519061506 ], [ 541722.874730259878561, 5745431.875993416644633 ], [ 541728.350242526037619, 5745433.16345660481602 ], [ 541733.925170983653516, 5745433.906263632699847 ], [ 541739.545825005858205, 5745434.097260593436658 ], [ 541745.158073569880798, 5745433.734608011320233 ], [ 541750.707866608048789, 5745432.82179856300354 ], [ 541756.141755580087192, 5745431.367623440921307 ], [ 541761.407408250262961, 5745429.386087664403021 ], [ 541766.454112710314803, 5745426.896275207400322 ], [ 541771.233265793416649, 5745423.922165159136057 ], [ 541775.698841174598783, 5745420.492400766350329 ], [ 541779.80783264618367, 5745416.640013557858765 ], [ 541783.520668303128332, 5745412.402105176821351 ], [ 541786.801591643248685, 5745407.819490043446422 ], [ 541789.619005918386392, 5745402.936302250251174 ], [ 541790.122437281301245, 5745401.824895285069942 ], [ 541792.348732551676221, 5745399.475125663913786 ], [ 541795.805162645527162, 5745395.024277035146952 ], [ 541798.810111627564766, 5745390.254961940459907 ], [ 541801.334640649496578, 5745385.213112442754209 ], [ 541803.354437745874748, 5745379.947285153903067 ], [ 541804.850051949149929, 5745374.508193572983146 ], [ 541805.80708058248274, 5745368.948219669051468 ], [ 541806.216307930764742, 5745363.320909382775426 ], [ 541806.073793954099528, 5745357.680456943809986 ], [ 541805.380912193562835, 5745352.081182934343815 ], [ 541804.144336501369253, 5745346.577011171728373 ], [ 541802.375976730487309, 5745341.220949384383857 ], [ 541800.092863998143002, 5745336.064578742720187 ], [ 541797.316986634978093, 5745331.157557137310505 ], [ 541794.075078398222104, 5745326.547140958718956 ], [ 541790.398360990337096, 5745322.277730044908822 ], [ 541787.819253488793038, 5745319.818101095966995 ], [ 541787.734477728023194, 5745319.727381248027086 ], [ 541787.602350979344919, 5745319.611246647313237 ], [ 541786.32224336231593, 5745318.390440110117197 ], [ 541785.33917218609713, 5745317.621994344517589 ], [ 541783.504425160470419, 5745316.009317312389612 ], [ 541778.931501586455852, 5745312.725132596679032 ], [ 541774.059746420010924, 5745309.906454601325095 ], [ 541771.266760171507485, 5745308.638504284434021 ], [ 541769.278250506846234, 5745307.440591782331467 ], [ 541764.196297641610727, 5745305.024205304682255 ], [ 541758.90274471999146, 5745303.119202985428274 ], [ 541753.448570736334659, 5745301.743930377997458 ], [ 541747.886301438207738, 5745300.911631603725255 ], [ 541742.269503510906361, 5745300.630321847274899 ], [ 541736.652268739650026, 5745300.90271017421037 ], [ 541731.088693116093054, 5745301.726173438131809 ], [ 541725.632355905370787, 5745303.092781534418464 ], [ 541720.335803686873987, 5745304.989373782649636 ], [ 541715.250044336891733, 5745307.397685632109642 ], [ 541710.424055828596465, 5745310.294524531811476 ], [ 541705.904314570361748, 5745313.651993272826076 ], [ 541701.734347833553329, 5745317.437758599407971 ], [ 541700.014257135684602, 5745319.338762887753546 ], [ 541699.941691849031486, 5745319.406914805062115 ], [ 541699.626695937709883, 5745319.767086422070861 ], [ 541697.954314572387375, 5745321.615362579002976 ], [ 541697.645511624519713, 5745322.032405232079327 ], [ 541696.232554630259983, 5745323.648002928122878 ], [ 541692.955615627695806, 5745328.233420755714178 ], [ 541692.842928854515776, 5745328.429121372289956 ], [ 541692.779885886469856, 5745328.511471036821604 ], [ 541692.089538175612688, 5745329.624132199212909 ], [ 541692.047015398740768, 5745329.681744370609522 ], [ 541691.878795121563599, 5745329.963795217685401 ], [ 541689.8079240109073, 5745333.301500104367733 ], [ 541689.429553803638555, 5745334.070377164520323 ], [ 541689.159361611236818, 5745334.523401526734233 ], [ 541688.129429568420164, 5745336.712327923625708 ] ] ] ] } }
]
}
